Workbook

Sheet Summary
B1: Detail_CDN | C1: Detail_HPM | D1: Detail_ITC | E1: Detail_Shared | F1: Detail_MSK | G1: Detail_TDM | H1: Detail_Sinsen | I1: Detail_TRIO | J1: Detail_Anper | K1: Detail_MenaragAgung
A2: Total Unit Price | B2: =SUM(Detail_CDN!X2:X50000) -> 0 | C2: =SUM(Detail_HPM!X2:X50000) -> 0 | D2: =SUM(Detail_ITC!X2:X50000) -> 0 | E2: =SUM(Detail_Shared!X2:X50000) -> 0 | F2: =SUM(Detail_MSK!X2:X50000) -> 0 | G2: =SUM(Detail_TDM!X2:X50000) -> 0 | H2: =SUM(Detail_Sinsen!X2:X50000) -> 0 | I2: =SUM(Detail_TRIO!X2:X50000) -> 0 | J2: =SUM(Detail_Anper!X2:X50000) -> 0 | K2: =SUM(Detail_MenaraAgung!X2:X50000) -> 0 | L2: =SUM(B2:K2) -> 0
A3: Total | B3: =SUM(Detail_CDN!W2:W50000) -> 29137510 | C3: =SUM(Detail_HPM!W2:W50000) -> 19604596 | D3: =SUM(Detail_ITC!W2:W50000) -> 19340848 | E3: =SUM(Detail_Shared!W2:W50000) -> 73374532 | F3: =SUM(Detail_MSK!W2:W50000) -> 18166394 | G3: =SUM(Detail_TDM!W2:W50000) -> 20497324 | H3: =SUM(Detail_Sinsen!W2:W50000) -> 22195146 | I3: =SUM(Detail_TRIO!W2:W50000) -> 22999195 | J3: =SUM(Detail_Anper!W2:W50000) -> 18960517 | K3: =SUM(Detail_MenaraAgung!W2:W50000) -> 19080853 | L3: =SUM(B3:K3) -> 2.6335691e+08

Sheet Detail_CDN
A1: Period | B1: Agreement Name | C1: Company Name | D1: Tenant Primary Domain | E1: Publisher Subscription ID | F1: Publisher Subscription Name | G1: Product ID | H1: Product Name | I1: Category | J1: Subcategory | K1: Meter Name | L1: Usage Start Date | M1: Usage End Date | N1: Quantity | O1: Unit | P1: Currency | Q1: Resource Group Name | R1: Resource Name | S1: Location | T1: Tags_JSON | U1: Tags_KeyValue | V1: Tags_Count | W1: Total
A2: May | B2: Microsoft CSP Azure Plan | C2: Divisi Inovasi | D2: divisiinovasi.onmicrosoft.com | E2: a4cdaa2e-caa7-440f-b849-928a3ceb7e31 | F2: AzureCSP_DivisiInovasi | G2: 1141685 | H2: Rtn Pref: MGN | I2: Bandwidth | J2: Rtn Preference: MGN | K2: Standard Data Transfer Out | L2: 46143 | M2: 46173 | N2: 0.077821913 | O2: 1 GB | P2: IDR | Q2: mc_rg-cantaloupe_cantaloupe_southeastasia | R2: aks-usereph2-16230473-vmss | S2: southeastasia | T2: { "Organization Name": "PT Nawa Darsana Teknologi", "Publisher": "Microsoft", "Publisher Customer ID": "346fa229-7c19-44ef-85c6-29e00edf66cf", "Unit Price": "1842.2975999933", "ERP": "162.921730257", "BenefitType": "Charge", "aks-managed-consolidated-additional-properties": "92c2fdef-4961-11f1-8cae-6277d8c8ca4f", "aks-managed-creationSource": "vmssclient-aks-usereph2-16230473-vmss", "aks-managed-enable-imds-restriction": "False", "aks-managed-kubeletIdentityClientID": "c5826f94-ec98-4f18-bd56-3490380ef971", "aks-managed-operationID": "585b1141-b235-488b-ae08-5da114d23dfb", "aks-managed-orchestrator": "Kubernetes:1.33.5", "aks-managed-poolName": "usereph2", "aks-managed-resourceNameSuffix": "40247467.0", "aks-managed-ssh-access": "LocalUser", "compute.aks.billing": "linux" } | U2: Organization Name=PT Nawa Darsana Teknologi; Publisher=Microsoft; Publisher Customer ID=346fa229-7c19-44ef-85c6-29e00edf66cf; Unit Price=1842.2975999933; ERP=162.921730257; BenefitType=Charge; aks-managed-consolidated-additional-properties=92c2fdef-4961-11f1-8cae-6277d8c8ca4f; aks-managed-creationSource=vmssclient-aks-usereph2-16230473-vmss; aks-managed-enable-imds-restriction=False; aks-managed-kubeletIdentityClientID=c5826f94-ec98-4f18-bd56-3490380ef971; aks-managed-operationID=585b1141-b235-488b-ae08-5da114d23dfb; aks-managed-orchestrator=Kubernetes:1.33.5; aks-managed-poolName=usereph2; aks-managed-resourceNameSuffix=40247467.0; aks-managed-ssh-access=LocalUser; compute.aks.billing=linux | V2: 16 | W2: 162.92112
A3: May | B3: Microsoft CSP Azure Plan | C3: Divisi Inovasi | D3: divisiinovasi.onmicrosoft.com | E3: a4cdaa2e-caa7-440f-b849-928a3ceb7e31 | F3: AzureCSP_DivisiInovasi | G3: 1141685 | H3: VM RI | I3: Virtual Machines | J3: Virtual Machines RI | K3: Standard | L3: 46143 | M3: 46173 | N3: 1 | O3: 1 Hour | P3: IDR | Q3: MC_RG-CANTALOUPE_CANTALOUPE_SOUTHEASTASIA | R3: aks-usereph2-16230473-vmss | S3: southeastasia | T3: { "Organization Name": "PT Nawa Darsana Teknologi", "Publisher": "Microsoft", "Publisher Customer ID": "346fa229-7c19-44ef-85c6-29e00edf66cf", "Unit Price": "0.0", "ERP": "0.0", "BenefitType": "Charge", "aks-managed-consolidated-additional-properties": "92c2fdef-4961-11f1-8cae-6277d8c8ca4f", "aks-managed-creationSource": "vmssclient-aks-usereph2-16230473-vmss", "aks-managed-enable-imds-restriction": "False", "aks-managed-kubeletIdentityClientID": "c5826f94-ec98-4f18-bd56-3490380ef971", "aks-managed-operationID": "585b1141-b235-488b-ae08-5da114d23dfb", "aks-managed-orchestrator": "Kubernetes:1.33.5", "aks-managed-poolName": "usereph2", "aks-managed-resourceNameSuffix": "40247467.0", "aks-managed-ssh-access": "LocalUser", "compute.aks.billing": "linux" } | U3: Organization Name=PT Nawa Darsana Teknologi; Publisher=Microsoft; Publisher Customer ID=346fa229-7c19-44ef-85c6-29e00edf66cf; Unit Price=0.0; ERP=0.0; BenefitType=Charge; aks-managed-consolidated-additional-properties=92c2fdef-4961-11f1-8cae-6277d8c8ca4f; aks-managed-creationSource=vmssclient-aks-usereph2-16230473-vmss; aks-managed-enable-imds-restriction=False; aks-managed-kubeletIdentityClientID=c5826f94-ec98-4f18-bd56-3490380ef971; aks-managed-operationID=585b1141-b235-488b-ae08-5da114d23dfb; aks-managed-orchestrator=Kubernetes:1.33.5; aks-managed-poolName=usereph2; aks-managed-resourceNameSuffix=40247467.0; aks-managed-ssh-access=LocalUser; compute.aks.billing=linux | V3: 16 | W3: 0
A4: May | B4: Microsoft CSP Azure Plan | C4: Divisi Inovasi | D4: divisiinovasi.onmicrosoft.com | E4: a4cdaa2e-caa7-440f-b849-928a3ceb7e31 | F4: AzureCSP_DivisiInovasi | G4: 1141685 | H4: VM RI | I4: Virtual Machines | J4: Virtual Machines RI | K4: Standard | L4: 46143 | M4: 46173 | N4: 21.134262 | O4: 1 Hour | P4: IDR | Q4: MC_RG-CANTALOUPE_CANTALOUPE_SOUTHEASTASIA | R4: aks-usereph2-16230473-vmss | S4: southeastasia | T4: { "Organization Name": "PT Nawa Darsana Teknologi", "Publisher": "Microsoft", "Publisher Customer ID": "346fa229-7c19-44ef-85c6-29e00edf66cf", "Unit Price": "0.0", "ERP": "0.0", "BenefitType": "Charge", "aks-managed-consolidated-additional-properties": "92c2fdef-4961-11f1-8cae-6277d8c8ca4f", "aks-managed-creationSource": "vmssclient-aks-usereph2-16230473-vmss", "aks-managed-enable-imds-restriction": "False", "aks-managed-kubeletIdentityClientID": "c5826f94-ec98-4f18-bd56-3490380ef971", "aks-managed-operationID": "585b1141-b235-488b-ae08-5da114d23dfb", "aks-managed-orchestrator": "Kubernetes:1.33.5", "aks-managed-poolName": "usereph2", "aks-managed-resourceNameSuffix": "40247467.0", "aks-managed-ssh-access": "LocalUser", "compute.aks.billing": "linux" } | U4: Organization Name=PT Nawa Darsana Teknologi; Publisher=Microsoft; Publisher Customer ID=346fa229-7c19-44ef-85c6-29e00edf66cf; Unit Price=0.0; ERP=0.0; BenefitType=Charge; aks-managed-consolidated-additional-properties=92c2fdef-4961-11f1-8cae-6277d8c8ca4f; aks-managed-creationSource=vmssclient-aks-usereph2-16230473-vmss; aks-managed-enable-imds-restriction=False; aks-managed-kubeletIdentityClientID=c5826f94-ec98-4f18-bd56-3490380ef971; aks-managed-operationID=585b1141-b235-488b-ae08-5da114d23dfb; aks-managed-orchestrator=Kubernetes:1.33.5; aks-managed-poolName=usereph2; aks-managed-resourceNameSuffix=40247467.0; aks-managed-ssh-access=LocalUser; compute.aks.billing=linux | V4: 16 | W4: 0
A5: May | B5: Microsoft CSP Azure Plan | C5: Divisi Inovasi | D5: divisiinovasi.onmicrosoft.com | E5: a4cdaa2e-caa7-440f-b849-928a3ceb7e31 | F5: AzureCSP_DivisiInovasi | G5: 1141685 | H5: VM RI | I5: Virtual Machines | J5: Virtual Machines RI | K5: Standard | L5: 46143 | M5: 46173 | N5: 0.183125 | O5: 1 Hour | P5: IDR | Q5: MC_RG-CANTALOUPE_CANTALOUPE_SOUTHEASTASIA | R5: aks-usereph2-16230473-vmss | S5: southeastasia | T5: { "Organization Name": "PT Nawa Darsana Teknologi", "Publisher": "Microsoft", "Publisher Customer ID": "346fa229-7c19-44ef-85c6-29e00edf66cf", "Unit Price": "0.0", "ERP": "0.0", "BenefitType": "Charge", "aks-managed-consolidated-additional-properties": "92c2fdef-4961-11f1-8cae-6277d8c8ca4f", "aks-managed-creationSource": "vmssclient-aks-usereph2-16230473-vmss", "aks-managed-enable-imds-restriction": "False", "aks-managed-kubeletIdentityClientID": "c5826f94-ec98-4f18-bd56-3490380ef971", "aks-managed-operationID": "585b1141-b235-488b-ae08-5da114d23dfb", "aks-managed-orchestrator": "Kubernetes:1.33.5", "aks-managed-poolName": "usereph2", "aks-managed-resourceNameSuffix": "40247467.0", "aks-managed-ssh-access": "LocalUser", "compute.aks.billing": "linux" } | U5: Organization Name=PT Nawa Darsana Teknologi; Publisher=Microsoft; Publisher Customer ID=346fa229-7c19-44ef-85c6-29e00edf66cf; Unit Price=0.0; ERP=0.0; BenefitType=Charge; aks-managed-consolidated-additional-properties=92c2fdef-4961-11f1-8cae-6277d8c8ca4f; aks-managed-creationSource=vmssclient-aks-usereph2-16230473-vmss; aks-managed-enable-imds-restriction=False; aks-managed-kubeletIdentityClientID=c5826f94-ec98-4f18-bd56-3490380ef971; aks-managed-operationID=585b1141-b235-488b-ae08-5da114d23dfb; aks-managed-orchestrator=Kubernetes:1.33.5; aks-managed-poolName=usereph2; aks-managed-resourceNameSuffix=40247467.0; aks-managed-ssh-access=LocalUser; compute.aks.billing=linux | V5: 16 | W5: 0
A6: May | B6: Microsoft CSP Azure Plan | C6: Divisi Inovasi | D6: divisiinovasi.onmicrosoft.com | E6: a4cdaa2e-caa7-440f-b849-928a3ceb7e31 | F6: AzureCSP_DivisiInovasi | G6: 1141685 | H6: VM RI | I6: Virtual Machines | J6: Virtual Machines RI | K6: Standard | L6: 46143 | M6: 46173 | N6: 1.733227 | O6: 1 Hour | P6: IDR | Q6: MC_RG-CANTALOUPE_CANTALOUPE_SOUTHEASTASIA | R6: aks-usereph2-16230473-vmss | S6: southeastasia | T6: { "Organization Name": "PT Nawa Darsana Teknologi", "Publisher": "Microsoft", "Publisher Customer ID": "346fa229-7c19-44ef-85c6-29e00edf66cf", "Unit Price": "0.0", "ERP": "0.0", "BenefitType": "Charge", "aks-managed-consolidated-additional-properties": "92c2fdef-4961-11f1-8cae-6277d8c8ca4f", "aks-managed-creationSource": "vmssclient-aks-usereph2-16230473-vmss", "aks-managed-enable-imds-restriction": "False", "aks-managed-kubeletIdentityClientID": "c5826f94-ec98-4f18-bd56-3490380ef971", "aks-managed-operationID": "585b1141-b235-488b-ae08-5da114d23dfb", "aks-managed-orchestrator": "Kubernetes:1.33.5", "aks-managed-poolName": "usereph2", "aks-managed-resourceNameSuffix": "40247467.0", "aks-managed-ssh-access": "LocalUser", "compute.aks.billing": "linux" } | U6: Organization Name=PT Nawa Darsana Teknologi; Publisher=Microsoft; Publisher Customer ID=346fa229-7c19-44ef-85c6-29e00edf66cf; Unit Price=0.0; ERP=0.0; BenefitType=Charge; aks-managed-consolidated-additional-properties=92c2fdef-4961-11f1-8cae-6277d8c8ca4f; aks-managed-creationSource=vmssclient-aks-usereph2-16230473-vmss; aks-managed-enable-imds-restriction=False; aks-managed-kubeletIdentityClientID=c5826f94-ec98-4f18-bd56-3490380ef971; aks-managed-operationID=585b1141-b235-488b-ae08-5da114d23dfb; aks-managed-orchestrator=Kubernetes:1.33.5; aks-managed-poolName=usereph2; aks-managed-resourceNameSuffix=40247467.0; aks-managed-ssh-access=LocalUser; compute.aks.billing=linux | V6: 16 | W6: 0
A7: May | B7: Microsoft CSP Azure Plan | C7: Divisi Inovasi | D7: divisiinovasi.onmicrosoft.com | E7: a4cdaa2e-caa7-440f-b849-928a3ceb7e31 | F7: AzureCSP_DivisiInovasi | G7: 1141685 | H7: VM RI | I7: Virtual Machines | J7: Virtual Machines RI | K7: Standard | L7: 46143 | M7: 46173 | N7: 0.533486 | O7: 1 Hour | P7: IDR | Q7: MC_RG-CANTALOUPE_CANTALOUPE_SOUTHEASTASIA | R7: aks-usereph2-16230473-vmss | S7: southeastasia | T7: { "Organization Name": "PT Nawa Darsana Teknologi", "Publisher": "Microsoft", "Publisher Customer ID": "346fa229-7c19-44ef-85c6-29e00edf66cf", "Unit Price": "0.0", "ERP": "0.0", "BenefitType": "Charge", "aks-managed-consolidated-additional-properties": "92c2fdef-4961-11f1-8cae-6277d8c8ca4f", "aks-managed-creationSource": "vmssclient-aks-usereph2-16230473-vmss", "aks-managed-enable-imds-restriction": "False", "aks-managed-kubeletIdentityClientID": "c5826f94-ec98-4f18-bd56-3490380ef971", "aks-managed-operationID": "585b1141-b235-488b-ae08-5da114d23dfb", "aks-managed-orchestrator": "Kubernetes:1.33.5", "aks-managed-poolName": "usereph2", "aks-managed-resourceNameSuffix": "40247467.0", "aks-managed-ssh-access": "LocalUser", "compute.aks.billing": "linux" } | U7: Organization Name=PT Nawa Darsana Teknologi; Publisher=Microsoft; Publisher Customer ID=346fa229-7c19-44ef-85c6-29e00edf66cf; Unit Price=0.0; ERP=0.0; BenefitType=Charge; aks-managed-consolidated-additional-properties=92c2fdef-4961-11f1-8cae-6277d8c8ca4f; aks-managed-creationSource=vmssclient-aks-usereph2-16230473-vmss; aks-managed-enable-imds-restriction=False; aks-managed-kubeletIdentityClientID=c5826f94-ec98-4f18-bd56-3490380ef971; aks-managed-operationID=585b1141-b235-488b-ae08-5da114d23dfb; aks-managed-orchestrator=Kubernetes:1.33.5; aks-managed-poolName=usereph2; aks-managed-resourceNameSuffix=40247467.0; aks-managed-ssh-access=LocalUser; compute.aks.billing=linux | V7: 16 | W7: 0
A8: May | B8: Microsoft CSP Azure Plan | C8: Divisi Inovasi | D8: divisiinovasi.onmicrosoft.com | E8: a4cdaa2e-caa7-440f-b849-928a3ceb7e31 | F8: AzureCSP_DivisiInovasi | G8: 1141685 | H8: VM RI | I8: Virtual Machines | J8: Virtual Machines RI | K8: Standard | L8: 46143 | M8: 46173 | N8: 0.16647 | O8: 1 Hour | P8: IDR | Q8: MC_RG-CANTALOUPE_CANTALOUPE_SOUTHEASTASIA | R8: aks-systemeph-85241862-vmss | S8: southeastasia | T8: { "Organization Name": "PT Nawa Darsana Teknologi", "Publisher": "Microsoft", "Publisher Customer ID": "346fa229-7c19-44ef-85c6-29e00edf66cf", "Unit Price": "0.0", "ERP": "0.0", "BenefitType": "Charge", "aks-managed-consolidated-additional-properties": "92c34f68-4961-11f1-8cae-6277d8c8ca4f", "aks-managed-creationSource": "vmssclient-aks-systemeph-85241862-vmss", "aks-managed-enable-imds-restriction": "False", "aks-managed-kubeletIdentityClientID": "c5826f94-ec98-4f18-bd56-3490380ef971", "aks-managed-operationID": "585b1141-b235-488b-ae08-5da114d23dfb", "aks-managed-orchestrator": "Kubernetes:1.33.5", "aks-managed-poolName": "systemeph", "aks-managed-resourceNameSuffix": "40247467.0", "aks-managed-ssh-access": "LocalUser", "compute.aks.billing": "linux" } | U8: Organization Name=PT Nawa Darsana Teknologi; Publisher=Microsoft; Publisher Customer ID=346fa229-7c19-44ef-85c6-29e00edf66cf; Unit Price=0.0; ERP=0.0; BenefitType=Charge; aks-managed-consolidated-additional-properties=92c34f68-4961-11f1-8cae-6277d8c8ca4f; aks-managed-creationSource=vmssclient-aks-systemeph-85241862-vmss; aks-managed-enable-imds-restriction=False; aks-managed-kubeletIdentityClientID=c5826f94-ec98-4f18-bd56-3490380ef971; aks-managed-operationID=585b1141-b235-488b-ae08-5da114d23dfb; aks-managed-orchestrator=Kubernetes:1.33.5; aks-managed-poolName=systemeph; aks-managed-resourceNameSuffix=40247467.0; aks-managed-ssh-access=LocalUser; compute.aks.billing=linux | V8: 16 | W8: 0
A9: May | B9: Microsoft CSP Azure Plan | C9: Divisi Inovasi | D9: divisiinovasi.onmicrosoft.com | E9: a4cdaa2e-caa7-440f-b849-928a3ceb7e31 | F9: AzureCSP_DivisiInovasi | G9: 1141685 | H9: VM RI | I9: Virtual Machines | J9: Virtual Machines RI | K9: Standard | L9: 46143 | M9: 46173 | N9: 0.133538 | O9: 1 Hour | P9: IDR | Q9: MC_RG-CANTALOUPE_CANTALOUPE_SOUTHEASTASIA | R9: aks-usereph2-16230473-vmss | S9: southeastasia | T9: { "Organization Name": "PT Nawa Darsana Teknologi", "Publisher": "Microsoft", "Publisher Customer ID": "346fa229-7c19-44ef-85c6-29e00edf66cf", "Unit Price": "0.0", "ERP": "0.0", "BenefitType": "Charge", "aks-managed-consolidated-additional-properties": "92c2fdef-4961-11f1-8cae-6277d8c8ca4f", "aks-managed-creationSource": "vmssclient-aks-usereph2-16230473-vmss", "aks-managed-enable-imds-restriction": "False", "aks-managed-kubeletIdentityClientID": "c5826f94-ec98-4f18-bd56-3490380ef971", "aks-managed-operationID": "585b1141-b235-488b-ae08-5da114d23dfb", "aks-managed-orchestrator": "Kubernetes:1.33.5", "aks-managed-poolName": "usereph2", "aks-managed-resourceNameSuffix": "40247467.0", "aks-managed-ssh-access": "LocalUser", "compute.aks.billing": "linux" } | U9: Organization Name=PT Nawa Darsana Teknologi; Publisher=Microsoft; Publisher Customer ID=346fa229-7c19-44ef-85c6-29e00edf66cf; Unit Price=0.0; ERP=0.0; BenefitType=Charge; aks-managed-consolidated-additional-properties=92c2fdef-4961-11f1-8cae-6277d8c8ca4f; aks-managed-creationSource=vmssclient-aks-usereph2-16230473-vmss; aks-managed-enable-imds-restriction=False; aks-managed-kubeletIdentityClientID=c5826f94-ec98-4f18-bd56-3490380ef971; aks-managed-operationID=585b1141-b235-488b-ae08-5da114d23dfb; aks-managed-orchestrator=Kubernetes:1.33.5; aks-managed-poolName=usereph2; aks-managed-resourceNameSuffix=40247467.0; aks-managed-ssh-access=LocalUser; compute.aks.billing=linux | V9: 16 | W9: 0
A10: May | B10: Microsoft CSP Azure Plan | C10: Divisi Inovasi | D10: divisiinovasi.onmicrosoft.com | E10: a4cdaa2e-caa7-440f-b849-928a3ceb7e31 | F10: AzureCSP_DivisiInovasi | G10: 1141685 | H10: VM RI | I10: Virtual Machines | J10: Virtual Machines RI | K10: Standard | L10: 46143 | M10: 46173 | N10: 37.816996 | O10: 1 Hour | P10: IDR | Q10: MC_RG-CANTALOUPE_CANTALOUPE_SOUTHEASTASIA | R10: aks-usereph2-16230473-vmss | S10: southeastasia | T10: { "Organization Name": "PT Nawa Darsana Teknologi", "Publisher": "Microsoft", "Publisher Customer ID": "346fa229-7c19-44ef-85c6-29e00edf66cf", "Unit Price": "0.0", "ERP": "0.0", "BenefitType": "Charge", "aks-managed-consolidated-additional-properties": "92c2fdef-4961-11f1-8cae-6277d8c8ca4f", "aks-managed-creationSource": "vmssclient-aks-usereph2-16230473-vmss", "aks-managed-enable-imds-restriction": "False", "aks-managed-kubeletIdentityClientID": "c5826f94-ec98-4f18-bd56-3490380ef971", "aks-managed-operationID": "585b1141-b235-488b-ae08-5da114d23dfb", "aks-managed-orchestrator": "Kubernetes:1.33.5", "aks-managed-poolName": "usereph2", "aks-managed-resourceNameSuffix": "40247467.0", "aks-managed-ssh-access": "LocalUser", "compute.aks.billing": "linux" } | U10: Organization Name=PT Nawa Darsana Teknologi; Publisher=Microsoft; Publisher Customer ID=346fa229-7c19-44ef-85c6-29e00edf66cf; Unit Price=0.0; ERP=0.0; BenefitType=Charge; aks-managed-consolidated-additional-properties=92c2fdef-4961-11f1-8cae-6277d8c8ca4f; aks-managed-creationSource=vmssclient-aks-usereph2-16230473-vmss; aks-managed-enable-imds-restriction=False; aks-managed-kubeletIdentityClientID=c5826f94-ec98-4f18-bd56-3490380ef971; aks-managed-operationID=585b1141-b235-488b-ae08-5da114d23dfb; aks-managed-orchestrator=Kubernetes:1.33.5; aks-managed-poolName=usereph2; aks-managed-resourceNameSuffix=40247467.0; aks-managed-ssh-access=LocalUser; compute.aks.billing=linux | V10: 16 | W10: 0
A11: May | B11: Microsoft CSP Azure Plan | C11: Divisi Inovasi | D11: divisiinovasi.onmicrosoft.com | E11: a4cdaa2e-caa7-440f-b849-928a3ceb7e31 | F11: AzureCSP_DivisiInovasi | G11: 1141685 | H11: Virtual Network Private Link | I11: Virtual Network | J11: Virtual Network Private Link | K11: Standard Private Endpoint | L11: 46143 | M11: 46173 | N11: 744 | O11: 1 Hour | P11: IDR | Q11: rg-cantaloupe | R11: aks-yellow-to-database-canggah | S11: southeastasia | T11: { "Organization Name": "PT Nawa Darsana Teknologi", "Publisher": "Microsoft", "Publisher Customer ID": "346fa229-7c19-44ef-85c6-29e00edf66cf", "Unit Price": "153.5248", "ERP": "129798.24", "BenefitType": "Charge", "San Marino": "San Marino" } | U11: Organization Name=PT Nawa Darsana Teknologi; Publisher=Microsoft; Publisher Customer ID=346fa229-7c19-44ef-85c6-29e00edf66cf; Unit Price=153.5248; ERP=129798.24; BenefitType=Charge; San Marino=San Marino | V11: 7 | W11: 129798.24
A12: May | B12: Microsoft CSP Azure Plan | C12: Divisi Inovasi | D12: divisiinovasi.onmicrosoft.com | E12: a4cdaa2e-caa7-440f-b849-928a3ceb7e31 | F12: AzureCSP_DivisiInovasi | G12: 1141685 | H12: Virtual Network Private Link | I12: Virtual Network | J12: Virtual Network Private Link | K12: Standard Private Endpoint | L12: 46143 | M12: 46173 | N12: 744 | O12: 1 Hour | P12: IDR | Q12: rg-cantaloupe | R12: aks-cantalopue-to-sweetpotatos | S12: southeastasia | T12: { "Organization Name": "PT Nawa Darsana Teknologi", "Publisher": "Microsoft", "Publisher Customer ID": "346fa229-7c19-44ef-85c6-29e00edf66cf", "Unit Price": "153.5248", "ERP": "129798.24", "BenefitType": "Charge", "CDN": "CDN" } | U12: Organization Name=PT Nawa Darsana Teknologi; Publisher=Microsoft; Publisher Customer ID=346fa229-7c19-44ef-85c6-29e00edf66cf; Unit Price=153.5248; ERP=129798.24; BenefitType=Charge; CDN=CDN | V12: 7 | W12: 129798.24
A13: May | B13: Microsoft CSP Azure Plan | C13: Divisi Inovasi | D13: divisiinovasi.onmicrosoft.com | E13: a4cdaa2e-caa7-440f-b849-928a3ceb7e31 | F13: AzureCSP_DivisiInovasi | G13: 1141685 | H13: VM RI | I13: Virtual Machines | J13: Virtual Machines RI | K13: Standard | L13: 46143 | M13: 46173 | N13: 4.600289 | O13: 1 Hour | P13: IDR | Q13: MC_RG-CANTALOUPE_CANTALOUPE_SOUTHEASTASIA | R13: aks-usereph2-16230473-vmss | S13: southeastasia | T13: { "Organization Name": "PT Nawa Darsana Teknologi", "Publisher": "Microsoft", "Publisher Customer ID": "346fa229-7c19-44ef-85c6-29e00edf66cf", "Unit Price": "0.0", "ERP": "0.0", "BenefitType": "Charge", "aks-managed-consolidated-additional-properties": "92c2fdef-4961-11f1-8cae-6277d8c8ca4f", "aks-managed-creationSource": "vmssclient-aks-usereph2-16230473-vmss", "aks-managed-enable-imds-restriction": "False", "aks-managed-kubeletIdentityClientID": "c5826f94-ec98-4f18-bd56-3490380ef971", "aks-managed-operationID": "585b1141-b235-488b-ae08-5da114d23dfb", "aks-managed-orchestrator": "Kubernetes:1.33.5", "aks-managed-poolName": "usereph2", "aks-managed-resourceNameSuffix": "40247467.0", "aks-managed-ssh-access": "LocalUser", "compute.aks.billing": "linux" } | U13: Organization Name=PT Nawa Darsana Teknologi; Publisher=Microsoft; Publisher Customer ID=346fa229-7c19-44ef-85c6-29e00edf66cf; Unit Price=0.0; ERP=0.0; BenefitType=Charge; aks-managed-consolidated-additional-properties=92c2fdef-4961-11f1-8cae-6277d8c8ca4f; aks-managed-creationSource=vmssclient-aks-usereph2-16230473-vmss; aks-managed-enable-imds-restriction=False; aks-managed-kubeletIdentityClientID=c5826f94-ec98-4f18-bd56-3490380ef971; aks-managed-operationID=585b1141-b235-488b-ae08-5da114d23dfb; aks-managed-orchestrator=Kubernetes:1.33.5; aks-managed-poolName=usereph2; aks-managed-resourceNameSuffix=40247467.0; aks-managed-ssh-access=LocalUser; compute.aks.billing=linux | V13: 16 | W13: 0
... A314: May | B314: Microsoft CSP Azure Plan | C314: Divisi Inovasi | D314: divisiinovasi.onmicrosoft.com | E314: a4cdaa2e-caa7-440f-b849-928a3ceb7e31 | F314: AzureCSP_DivisiInovasi | G314: 1141685 | H314: Blob Storage | I314: Storage | J314: Blob Storage | K314: Hot LRS Write Operations | L314: 46173 | M314: 46173 | N314: 1143.22 | O314: 10K | P314: IDR | Q314: rg-secops | R314: secopsdinov | S314: indonesiacentral | T314: { "Organization Name": "PT Nawa Darsana Teknologi", "Publisher": "Microsoft", "Publisher Customer ID": "346fa229-7c19-44ef-85c6-29e00edf66cf", "Unit Price": "108,92", "ERP": "11205276.021938255", "BenefitType": "Charge", "Environment": "Security-Operasional", "purpose": "Logs Google SecOps" } | U314: Organization Name=PT Nawa Darsana Teknologi; Publisher=Microsoft; Publisher Customer ID=346fa229-7c19-44ef-85c6-29e00edf66cf; Unit Price=108,92;BenefitType=Charge; Environment=Security-Operasional; purpose=Logs Google SecOps | V314: 7 | W314: 29016
A315: May | B315: Microsoft CSP Azure Plan | C315: Divisi Inovasi | D315: divisiinovasi.onmicrosoft.com | E315: a4cdaa2e-caa7-440f-b849-928a3ceb7e31 | F315: AzureCSP_DivisiInovasi | G315: 1141685 | H315: SQL Database Single/ElasticPool General Purpose - Compute Gen5 | I315: =IF(LEFT(K315,9)="Standard_","Reserved Instance Virtual Machine",IF(ISNUMBER(SEARCH("SQL Database Single/ElasticPool General Purpose - Compute Gen5",K315)),"Reserved Instance SQL Database",IF(ISNUMBER(SEARCH("SQL Database SingleDB/Elastic Pool Hyperscale - Compute Gen5",K315)),"Reserved Instance Hyperscale Serverless",IF(ISNUMBER(SEARCH("Azure Database for PostgreSQL Flexible Server General Purpose Ddsv4 Series Compute",K315)),"Reserved Instance PostgreSQL",IF(ISNUMBER(SEARCH("Azure Redis Cache Premium",K315)),"Reserved Instance Redis","Reserved Instance"))))) -> Reserved Instance SQL Database | J315: SQL Database Single/ElasticPool General Purpose - Compute Gen5 | K315: =H315 -> SQL Database Single/ElasticPool General Purpose - Compute Gen5 | L315: 3 Years | M315: 3 Years | N315: =U315 -> 8 | O315: Reserved Instance | P315: IDR | Q315: Reserved Instance | R315: =IF(LEFT(K315,9)="Standard_","Virtual Machine",IF(ISNUMBER(SEARCH("SQL Database Single/ElasticPool General Purpose - Compute Gen5",K315)),"SQL Database",IF(ISNUMBER(SEARCH("SQL Database SingleDB/Elastic Pool Hyperscale - Compute Gen5",K315)),"Hyperscale Serverless",IF(ISNUMBER(SEARCH("Azure Database for PostgreSQL Flexible Server General Purpose Ddsv4 Series Compute",K315)),"PostgreSQL",IF(ISNUMBER(SEARCH("Azure Redis Cache Premium",K315)),"Redis",K315))))) -> SQL Database | S315: southeastasia | T315: Reserved Instance | U315: 8 | V315: 1001385 | W315: =U315*V315 -> 8011080 | X315: CDN
A316: May | B316: Microsoft CSP Azure Plan | C316: Divisi Inovasi | D316: divisiinovasi.onmicrosoft.com | E316: a4cdaa2e-caa7-440f-b849-928a3ceb7e33 | F316: AzureCSP_DivisiInovasi | G316: 1141685 | H316: Standard_D2s_v3 | I316: =IF(LEFT(K316,9)="Standard_","Reserved Instance Virtual Machine",IF(ISNUMBER(SEARCH("SQL Database Single/ElasticPool General Purpose - Compute Gen5",K316)),"Reserved Instance SQL Database",IF(ISNUMBER(SEARCH("SQL Database SingleDB/Elastic Pool Hyperscale - Compute Gen5",K316)),"Reserved Instance Hyperscale Serverless",IF(ISNUMBER(SEARCH("Azure Database for PostgreSQL Flexible Server General Purpose Ddsv4 Series Compute",K316)),"Reserved Instance PostgreSQL",IF(ISNUMBER(SEARCH("Azure Redis Cache Premium",K316)),"Reserved Instance Redis","Reserved Instance"))))) -> Reserved Instance Virtual Machine | J316: Standard_D2s_v3 | K316: =H316 -> Standard_D2s_v3 | L316: 3 Years | M316: 3 Years | N316: =U316 -> 3 | O316: Reserved Instance | P316: IDR | Q316: Reserved Instance | R316: =IF(LEFT(K316,9)="Standard_","Virtual Machine",IF(ISNUMBER(SEARCH("SQL Database Single/ElasticPool General Purpose - Compute Gen5",K316)),"SQL Database",IF(ISNUMBER(SEARCH("SQL Database SingleDB/Elastic Pool Hyperscale - Compute Gen5",K316)),"Hyperscale Serverless",IF(ISNUMBER(SEARCH("Azure Database for PostgreSQL Flexible Server General Purpose Ddsv4 Series Compute",K316)),"PostgreSQL",IF(ISNUMBER(SEARCH("Azure Redis Cache Premium",K316)),"Redis",K316))))) -> Virtual Machine | S316: southeastasia | T316: Reserved Instance | U316: 3 | V316: 565656.3 | W316: =U316*V316 -> 1696968.9 | X316: CDN
A317: May | B317: Microsoft CSP Azure Plan | C317: Divisi Inovasi | D317: divisiinovasi.onmicrosoft.com | E317: a4cdaa2e-caa7-440f-b849-928a3ceb7e32 | F317: AzureCSP_DivisiInovasi | G317: 1141685 | H317: Standard_D4s_v3 | I317: =IF(LEFT(K317,9)="Standard_","Reserved Instance Virtual Machine",IF(ISNUMBER(SEARCH("SQL Database Single/ElasticPool General Purpose - Compute Gen5",K317)),"Reserved Instance SQL Database",IF(ISNUMBER(SEARCH("SQL Database SingleDB/Elastic Pool Hyperscale - Compute Gen5",K317)),"Reserved Instance Hyperscale Serverless",IF(ISNUMBER(SEARCH("Azure Database for PostgreSQL Flexible Server General Purpose Ddsv4 Series Compute",K317)),"Reserved Instance PostgreSQL",IF(ISNUMBER(SEARCH("Azure Redis Cache Premium",K317)),"Reserved Instance Redis","Reserved Instance"))))) -> Reserved Instance Virtual Machine | J317: Standard_D4s_v3 | K317: =H317 -> Standard_D4s_v3 | L317: 3 Years | M317: 3 Years | N317: =U317 -> 3 | O317: Reserved Instance | P317: IDR | Q317: Reserved Instance | R317: =IF(LEFT(K317,9)="Standard_","Virtual Machine",IF(ISNUMBER(SEARCH("SQL Database Single/ElasticPool General Purpose - Compute Gen5",K317)),"SQL Database",IF(ISNUMBER(SEARCH("SQL Database SingleDB/Elastic Pool Hyperscale - Compute Gen5",K317)),"Hyperscale Serverless",IF(ISNUMBER(SEARCH("Azure Database for PostgreSQL Flexible Server General Purpose Ddsv4 Series Compute",K317)),"PostgreSQL",IF(ISNUMBER(SEARCH("Azure Redis Cache Premium",K317)),"Redis",K317))))) -> Virtual Machine | S317: southeastasia | T317: Reserved Instance | U317: 3 | V317: 1131817.5 | W317: =U317*V317 -> 3395452.5 | X317: CDN

Sheet Detail_HPM
A1: Period | B1: Agreement Name | C1: Company Name | D1: Tenant Primary Domain | E1: Publisher Subscription ID | F1: Publisher Subscription Name | G1: Product ID | H1: Product Name | I1: Category | J1: Subcategory | K1: Meter Name | L1: Usage Start Date | M1: Usage End Date | N1: Quantity | O1: Unit | P1: Currency | Q1: Resource Group Name | R1: Resource Name | S1: Location | T1: Tags_JSON | U1: Tags_KeyValue | V1: Tags_Count | W1: Total
A2: May | B2: Microsoft CSP Azure Plan | C2: Divisi Inovasi | D2: divisiinovasi.onmicrosoft.com | E2: a4cdaa2e-caa7-440f-b849-928a3ceb7e31 | F2: AzureCSP_DivisiInovasi | G2: 1141685 | H2: VM RI | I2: Virtual Machines | J2: Virtual Machines RI | K2: Standard | L2: 46143 | M2: 46173 | N2: 12.716642 | O2: 1 Hour | P2: IDR | Q2: MC_RG-HPM_HAMALOMENA_SOUTHEASTASIA | R2: aks-usereph2-29555450-vmss | S2: southeastasia | T2: { "Organization Name": "PT Nawa Darsana Teknologi", "Publisher": "Microsoft", "Publisher Customer ID": "346fa229-7c19-44ef-85c6-29e00edf66cf", "Unit Price": "0.0", "ERP": "0.0", "BenefitType": "Charge", "aks-managed-consolidated-additional-properties": "eb8f3d2d-4967-11f1-ad6b-a26c3881ebea", "aks-managed-creationSource": "vmssclient-aks-usereph2-29555450-vmss", "aks-managed-enable-imds-restriction": "False", "aks-managed-kubeletIdentityClientID": "7a362009-e35e-4c70-b3ae-c3b865d60358", "aks-managed-operationID": "628c9d70-3cdf-4197-af26-cb0e6c529e6b", "aks-managed-orchestrator": "Kubernetes:1.33.5", "aks-managed-poolName": "usereph2", "aks-managed-resourceNameSuffix": "41829248.0", "aks-managed-ssh-access": "LocalUser", "compute.aks.billing": "linux" } | U2: Organization Name=PT Nawa Darsana Teknologi; Publisher=Microsoft; Publisher Customer ID=346fa229-7c19-44ef-85c6-29e00edf66cf; Unit Price=0.0; ERP=0.0; BenefitType=Charge; aks-managed-consolidated-additional-properties=eb8f3d2d-4967-11f1-ad6b-a26c3881ebea; aks-managed-creationSource=vmssclient-aks-usereph2-29555450-vmss; aks-managed-enable-imds-restriction=False; aks-managed-kubeletIdentityClientID=7a362009-e35e-4c70-b3ae-c3b865d60358; aks-managed-operationID=628c9d70-3cdf-4197-af26-cb0e6c529e6b; aks-managed-orchestrator=Kubernetes:1.33.5; aks-managed-poolName=usereph2; aks-managed-resourceNameSuffix=41829248.0; aks-managed-ssh-access=LocalUser; compute.aks.billing=linux | V2: 16 | W2: 0
A3: May | B3: Microsoft CSP Azure Plan | C3: Divisi Inovasi | D3: divisiinovasi.onmicrosoft.com | E3: a4cdaa2e-caa7-440f-b849-928a3ceb7e31 | F3: AzureCSP_DivisiInovasi | G3: 1141685 | H3: VM RI | I3: Virtual Machines | J3: Virtual Machines RI | K3: Standard | L3: 46143 | M3: 46173 | N3: 152.53175 | O3: 1 Hour | P3: IDR | Q3: MC_RG-HPM_HAMALOMENA_SOUTHEASTASIA | R3: aks-usereph2-29555450-vmss | S3: southeastasia | T3: { "Organization Name": "PT Nawa Darsana Teknologi", "Publisher": "Microsoft", "Publisher Customer ID": "346fa229-7c19-44ef-85c6-29e00edf66cf", "Unit Price": "0.0", "ERP": "0.0", "BenefitType": "Charge", "aks-managed-consolidated-additional-properties": "eb8f3d2d-4967-11f1-ad6b-a26c3881ebea", "aks-managed-creationSource": "vmssclient-aks-usereph2-29555450-vmss", "aks-managed-enable-imds-restriction": "False", "aks-managed-kubeletIdentityClientID": "7a362009-e35e-4c70-b3ae-c3b865d60358", "aks-managed-operationID": "628c9d70-3cdf-4197-af26-cb0e6c529e6b", "aks-managed-orchestrator": "Kubernetes:1.33.5", "aks-managed-poolName": "usereph2", "aks-managed-resourceNameSuffix": "41829248.0", "aks-managed-ssh-access": "LocalUser", "compute.aks.billing": "linux" } | U3: Organization Name=PT Nawa Darsana Teknologi; Publisher=Microsoft; Publisher Customer ID=346fa229-7c19-44ef-85c6-29e00edf66cf; Unit Price=0.0; ERP=0.0; BenefitType=Charge; aks-managed-consolidated-additional-properties=eb8f3d2d-4967-11f1-ad6b-a26c3881ebea; aks-managed-creationSource=vmssclient-aks-usereph2-29555450-vmss; aks-managed-enable-imds-restriction=False; aks-managed-kubeletIdentityClientID=7a362009-e35e-4c70-b3ae-c3b865d60358; aks-managed-operationID=628c9d70-3cdf-4197-af26-cb0e6c529e6b; aks-managed-orchestrator=Kubernetes:1.33.5; aks-managed-poolName=usereph2; aks-managed-resourceNameSuffix=41829248.0; aks-managed-ssh-access=LocalUser; compute.aks.billing=linux | V3: 16 | W3: 0
A4: May | B4: Microsoft CSP Azure Plan | C4: Divisi Inovasi | D4: divisiinovasi.onmicrosoft.com | E4: a4cdaa2e-caa7-440f-b849-928a3ceb7e31 | F4: AzureCSP_DivisiInovasi | G4: 1141685 | H4: VM RI | I4: Virtual Machines | J4: Virtual Machines RI | K4: Standard | L4: 46143 | M4: 46173 | N4: 0.983352 | O4: 1 Hour | P4: IDR | Q4: MC_RG-HPM_HAMALOMENA_SOUTHEASTASIA | R4: aks-usereph2-29555450-vmss | S4: southeastasia | T4: { "Organization Name": "PT Nawa Darsana Teknologi", "Publisher": "Microsoft", "Publisher Customer ID": "346fa229-7c19-44ef-85c6-29e00edf66cf", "Unit Price": "0.0", "ERP": "0.0", "BenefitType": "Charge", "aks-managed-consolidated-additional-properties": "eb8f3d2d-4967-11f1-ad6b-a26c3881ebea", "aks-managed-creationSource": "vmssclient-aks-usereph2-29555450-vmss", "aks-managed-enable-imds-restriction": "False", "aks-managed-kubeletIdentityClientID": "7a362009-e35e-4c70-b3ae-c3b865d60358", "aks-managed-operationID": "628c9d70-3cdf-4197-af26-cb0e6c529e6b", "aks-managed-orchestrator": "Kubernetes:1.33.5", "aks-managed-poolName": "usereph2", "aks-managed-resourceNameSuffix": "41829248.0", "aks-managed-ssh-access": "LocalUser", "compute.aks.billing": "linux" } | U4: Organization Name=PT Nawa Darsana Teknologi; Publisher=Microsoft; Publisher Customer ID=346fa229-7c19-44ef-85c6-29e00edf66cf; Unit Price=0.0; ERP=0.0; BenefitType=Charge; aks-managed-consolidated-additional-properties=eb8f3d2d-4967-11f1-ad6b-a26c3881ebea; aks-managed-creationSource=vmssclient-aks-usereph2-29555450-vmss; aks-managed-enable-imds-restriction=False; aks-managed-kubeletIdentityClientID=7a362009-e35e-4c70-b3ae-c3b865d60358; aks-managed-operationID=628c9d70-3cdf-4197-af26-cb0e6c529e6b; aks-managed-orchestrator=Kubernetes:1.33.5; aks-managed-poolName=usereph2; aks-managed-resourceNameSuffix=41829248.0; aks-managed-ssh-access=LocalUser; compute.aks.billing=linux | V4: 16 | W4: 0
A5: May | B5: Microsoft CSP Azure Plan | C5: Divisi Inovasi | D5: divisiinovasi.onmicrosoft.com | E5: a4cdaa2e-caa7-440f-b849-928a3ceb7e31 | F5: AzureCSP_DivisiInovasi | G5: 1141685 | H5: VM RI | I5: Virtual Machines | J5: Virtual Machines RI | K5: Standard | L5: 46143 | M5: 46173 | N5: 0.383539 | O5: 1 Hour | P5: IDR | Q5: MC_RG-HPM_HAMALOMENA_SOUTHEASTASIA | R5: aks-usereph2-29555450-vmss | S5: southeastasia | T5: { "Organization Name": "PT Nawa Darsana Teknologi", "Publisher": "Microsoft", "Publisher Customer ID": "346fa229-7c19-44ef-85c6-29e00edf66cf", "Unit Price": "0.0", "ERP": "0.0", "BenefitType": "Charge", "aks-managed-consolidated-additional-properties": "e4642263-ea08-11f0-bf79-fe421b86da3b", "aks-managed-creationSource": "vmssclient-aks-usereph2-29555450-vmss", "aks-managed-enable-imds-restriction": "False", "aks-managed-kubeletIdentityClientID": "7a362009-e35e-4c70-b3ae-c3b865d60358", "aks-managed-operationID": "04dad870-bcfc-4b75-bd10-975af82078e0", "aks-managed-orchestrator": "Kubernetes:1.33.5", "aks-managed-poolName": "usereph2", "aks-managed-resourceNameSuffix": "41829248.0", "aks-managed-ssh-access": "LocalUser" } | U5: Organization Name=PT Nawa Darsana Teknologi; Publisher=Microsoft; Publisher Customer ID=346fa229-7c19-44ef-85c6-29e00edf66cf; Unit Price=0.0; ERP=0.0; BenefitType=Charge; aks-managed-consolidated-additional-properties=e4642263-ea08-11f0-bf79-fe421b86da3b; aks-managed-creationSource=vmssclient-aks-usereph2-29555450-vmss; aks-managed-enable-imds-restriction=False; aks-managed-kubeletIdentityClientID=7a362009-e35e-4c70-b3ae-c3b865d60358; aks-managed-operationID=04dad870-bcfc-4b75-bd10-975af82078e0; aks-managed-orchestrator=Kubernetes:1.33.5; aks-managed-poolName=usereph2; aks-managed-resourceNameSuffix=41829248.0; aks-managed-ssh-access=LocalUser | V5: 15 | W5: 0
A6: May | B6: Microsoft CSP Azure Plan | C6: Divisi Inovasi | D6: divisiinovasi.onmicrosoft.com | E6: a4cdaa2e-caa7-440f-b849-928a3ceb7e31 | F6: AzureCSP_DivisiInovasi | G6: 1141685 | H6: Load Balancer | I6: Load Balancer | J6: Load Balancer | K6: Standard Data Processed | L6: 46143 | M6: 46173 | N6: 2799.5886 | O6: 1 GB | P6: IDR | Q6: mc_rg-hpm_hamalomena_southeastasia | R6: kubernetes | S6: southeastasia | T6: { "Organization Name": "PT Nawa Darsana Teknologi", "Publisher": "Microsoft", "Publisher Customer ID": "346fa229-7c19-44ef-85c6-29e00edf66cf", "Unit Price": "76.7624", "ERP": "244208.117860993", "BenefitType": "Charge", "aks-managed-cluster-name": "Hamalomena", "aks-managed-cluster-rg": "rg-hpm", "Environment": "Production", "Hayati": "CE", "MD": "Hayati", "Product": "CE" } | U6: Organization Name=PT Nawa Darsana Teknologi; Publisher=Microsoft; Publisher Customer ID=346fa229-7c19-44ef-85c6-29e00edf66cf; Unit Price=76.7624; ERP=244208.117860993; BenefitType=Charge; aks-managed-cluster-name=Hamalomena; aks-managed-cluster-rg=rg-hpm; Environment=Production; Hayati=CE; MD=Hayati; Product=CE | V6: 12 | W6: 244208.11
A7: May | B7: Microsoft CSP Azure Plan | C7: Divisi Inovasi | D7: divisiinovasi.onmicrosoft.com | E7: a4cdaa2e-caa7-440f-b849-928a3ceb7e31 | F7: AzureCSP_DivisiInovasi | G7: 1141685 | H7: Bd Inter-Rgn | I7: Bandwidth | J7: Bandwidth Inter-Region | K7: Intra Continent Data Transfer Out | L7: 46143 | M7: 46173 | N7: 0.14690831 | O7: 1 GB | P7: IDR | Q7: mc_rg-hpm_hamalomena_southeastasia | R7: aks-usereph2-29555450-vmss | S7: southeastasia | T7: { "Organization Name": "PT Nawa Darsana Teknologi", "Publisher": "Microsoft", "Publisher Customer ID": "346fa229-7c19-44ef-85c6-29e00edf66cf", "Unit Price": "1228.1983999968", "ERP": "205.0369901008", "BenefitType": "Charge", "aks-managed-consolidated-additional-properties": "e4642263-ea08-11f0-bf79-fe421b86da3b", "aks-managed-creationSource": "vmssclient-aks-usereph2-29555450-vmss", "aks-managed-enable-imds-restriction": "False", "aks-managed-kubeletIdentityClientID": "7a362009-e35e-4c70-b3ae-c3b865d60358", "aks-managed-operationID": "04dad870-bcfc-4b75-bd10-975af82078e0", "aks-managed-orchestrator": "Kubernetes:1.33.5", "aks-managed-poolName": "usereph2", "aks-managed-resourceNameSuffix": "41829248.0", "aks-managed-ssh-access": "LocalUser" } | U7: Organization Name=PT Nawa Darsana Teknologi; Publisher=Microsoft; Publisher Customer ID=346fa229-7c19-44ef-85c6-29e00edf66cf; Unit Price=1228.1983999968; ERP=205.0369901008; BenefitType=Charge; aks-managed-consolidated-additional-properties=e4642263-ea08-11f0-bf79-fe421b86da3b; aks-managed-creationSource=vmssclient-aks-usereph2-29555450-vmss; aks-managed-enable-imds-restriction=False; aks-managed-kubeletIdentityClientID=7a362009-e35e-4c70-b3ae-c3b865d60358; aks-managed-operationID=04dad870-bcfc-4b75-bd10-975af82078e0; aks-managed-orchestrator=Kubernetes:1.33.5; aks-managed-poolName=usereph2; aks-managed-resourceNameSuffix=41829248.0; aks-managed-ssh-access=LocalUser | V7: 15 | W7: 205.03255
A8: May | B8: Microsoft CSP Azure Plan | C8: Divisi Inovasi | D8: divisiinovasi.onmicrosoft.com | E8: a4cdaa2e-caa7-440f-b849-928a3ceb7e31 | F8: AzureCSP_DivisiInovasi | G8: 1141685 | H8: Bd Inter-Rgn | I8: Bandwidth | J8: Bandwidth Inter-Region | K8: Intra Continent Data Transfer Out | L8: 46143 | M8: 46173 | N8: 0.15740453 | O8: 1 GB | P8: IDR | Q8: mc_rg-hpm_hamalomena_southeastasia | R8: aks-usereph2-29555450-vmss | S8: southeastasia | T8: { "Organization Name": "PT Nawa Darsana Teknologi", "Publisher": "Microsoft", "Publisher Customer ID": "346fa229-7c19-44ef-85c6-29e00edf66cf", "Unit Price": "1228.1983999974", "ERP": "219.6863579196", "BenefitType": "Charge", "aks-managed-consolidated-additional-properties": "e4642263-ea08-11f0-bf79-fe421b86da3b", "aks-managed-creationSource": "vmssclient-aks-usereph2-29555450-vmss", "aks-managed-enable-imds-restriction": "False", "aks-managed-kubeletIdentityClientID": "7a362009-e35e-4c70-b3ae-c3b865d60358", "aks-managed-operationID": "04dad870-bcfc-4b75-bd10-975af82078e0", "aks-managed-orchestrator": "Kubernetes:1.33.5", "aks-managed-poolName": "usereph2", "aks-managed-resourceNameSuffix": "41829248.0", "aks-managed-ssh-access": "LocalUser" } | U8: Organization Name=PT Nawa Darsana Teknologi; Publisher=Microsoft; Publisher Customer ID=346fa229-7c19-44ef-85c6-29e00edf66cf; Unit Price=1228.1983999974; ERP=219.6863579196; BenefitType=Charge; aks-managed-consolidated-additional-properties=e4642263-ea08-11f0-bf79-fe421b86da3b; aks-managed-creationSource=vmssclient-aks-usereph2-29555450-vmss; aks-managed-enable-imds-restriction=False; aks-managed-kubeletIdentityClientID=7a362009-e35e-4c70-b3ae-c3b865d60358; aks-managed-operationID=04dad870-bcfc-4b75-bd10-975af82078e0; aks-managed-orchestrator=Kubernetes:1.33.5; aks-managed-poolName=usereph2; aks-managed-resourceNameSuffix=41829248.0; aks-managed-ssh-access=LocalUser | V8: 15 | W8: 219.684
A9: May | B9: Microsoft CSP Azure Plan | C9: Divisi Inovasi | D9: divisiinovasi.onmicrosoft.com | E9: a4cdaa2e-caa7-440f-b849-928a3ceb7e31 | F9: AzureCSP_DivisiInovasi | G9: 1141685 | H9: Bd Inter-Rgn | I9: Bandwidth | J9: Bandwidth Inter-Region | K9: Intra Continent Data Transfer Out | L9: 46143 | M9: 46173 | N9: 3.353e-07 | O9: 1 GB | P9: IDR | Q9: mc_rg-hpm_hamalomena_southeastasia | R9: aks-usereph2-29555450-vmss | S9: southeastasia | T9: { "Organization Name": "PT Nawa Darsana Teknologi", "Publisher": "Microsoft", "Publisher Customer ID": "346fa229-7c19-44ef-85c6-29e00edf66cf", "Unit Price": "1228.198043016", "ERP": "0.0004675528", "BenefitType": "Charge", "aks-managed-consolidated-additional-properties": "eb8f3d2d-4967-11f1-ad6b-a26c3881ebea", "aks-managed-creationSource": "vmssclient-aks-usereph2-29555450-vmss", "aks-managed-enable-imds-restriction": "False", "aks-managed-kubeletIdentityClientID": "7a362009-e35e-4c70-b3ae-c3b865d60358", "aks-managed-operationID": "628c9d70-3cdf-4197-af26-cb0e6c529e6b", "aks-managed-orchestrator": "Kubernetes:1.33.5", "aks-managed-poolName": "usereph2", "aks-managed-resourceNameSuffix": "41829248.0", "aks-managed-ssh-access": "LocalUser", "compute.aks.billing": "linux" } | U9: Organization Name=PT Nawa Darsana Teknologi; Publisher=Microsoft; Publisher Customer ID=346fa229-7c19-44ef-85c6-29e00edf66cf; Unit Price=1228.198043016; ERP=0.0004675528; BenefitType=Charge; aks-managed-consolidated-additional-properties=eb8f3d2d-4967-11f1-ad6b-a26c3881ebea; aks-managed-creationSource=vmssclient-aks-usereph2-29555450-vmss; aks-managed-enable-imds-restriction=False; aks-managed-kubeletIdentityClientID=7a362009-e35e-4c70-b3ae-c3b865d60358; aks-managed-operationID=628c9d70-3cdf-4197-af26-cb0e6c529e6b; aks-managed-orchestrator=Kubernetes:1.33.5; aks-managed-poolName=usereph2; aks-managed-resourceNameSuffix=41829248.0; aks-managed-ssh-access=LocalUser; compute.aks.billing=linux | V9: 16 | W9: 0.0004117855
A10: May | B10: Microsoft CSP Azure Plan | C10: Divisi Inovasi | D10: divisiinovasi.onmicrosoft.com | E10: a4cdaa2e-caa7-440f-b849-928a3ceb7e31 | F10: AzureCSP_DivisiInovasi | G10: 1141685 | H10: VM RI | I10: Virtual Machines | J10: Virtual Machines RI | K10: Standard | L10: 46143 | M10: 46173 | N10: 37.599523 | O10: 1 Hour | P10: IDR | Q10: MC_RG-HPM_HAMALOMENA_SOUTHEASTASIA | R10: aks-usereph2-29555450-vmss | S10: southeastasia | T10: { "Organization Name": "PT Nawa Darsana Teknologi", "Publisher": "Microsoft", "Publisher Customer ID": "346fa229-7c19-44ef-85c6-29e00edf66cf", "Unit Price": "0.0", "ERP": "0.0", "BenefitType": "Charge", "aks-managed-consolidated-additional-properties": "eb8f3d2d-4967-11f1-ad6b-a26c3881ebea", "aks-managed-creationSource": "vmssclient-aks-usereph2-29555450-vmss", "aks-managed-enable-imds-restriction": "False", "aks-managed-kubeletIdentityClientID": "7a362009-e35e-4c70-b3ae-c3b865d60358", "aks-managed-operationID": "628c9d70-3cdf-4197-af26-cb0e6c529e6b", "aks-managed-orchestrator": "Kubernetes:1.33.5", "aks-managed-poolName": "usereph2", "aks-managed-resourceNameSuffix": "41829248.0", "aks-managed-ssh-access": "LocalUser", "compute.aks.billing": "linux" } | U10: Organization Name=PT Nawa Darsana Teknologi; Publisher=Microsoft; Publisher Customer ID=346fa229-7c19-44ef-85c6-29e00edf66cf; Unit Price=0.0; ERP=0.0; BenefitType=Charge; aks-managed-consolidated-additional-properties=eb8f3d2d-4967-11f1-ad6b-a26c3881ebea; aks-managed-creationSource=vmssclient-aks-usereph2-29555450-vmss; aks-managed-enable-imds-restriction=False; aks-managed-kubeletIdentityClientID=7a362009-e35e-4c70-b3ae-c3b865d60358; aks-managed-operationID=628c9d70-3cdf-4197-af26-cb0e6c529e6b; aks-managed-orchestrator=Kubernetes:1.33.5; aks-managed-poolName=usereph2; aks-managed-resourceNameSuffix=41829248.0; aks-managed-ssh-access=LocalUser; compute.aks.billing=linux | V10: 16 | W10: 0
A11: May | B11: Microsoft CSP Azure Plan | C11: Divisi Inovasi | D11: divisiinovasi.onmicrosoft.com | E11: a4cdaa2e-caa7-440f-b849-928a3ceb7e31 | F11: AzureCSP_DivisiInovasi | G11: 1141685 | H11: SQL DB Single/Elastic Pool GP-SQL Licen | I11: SQL Database | J11: SQL Database Single/Elastic Pool General Purpose - SQL License | K11: vCore | L11: 46143 | M11: 46173 | N11: 434 | O11: 1 Hour | P11: IDR | Q11: RG-HPM | R11: haruman | S11: southeastasia | T11: { "Organization Name": "PT Nawa Darsana Teknologi", "Publisher": "Microsoft", "Publisher Customer ID": "346fa229-7c19-44ef-85c6-29e00edf66cf", "Unit Price": "1534.72601568", "ERP": "756898.966824", "BenefitType": "Charge" } | U11: Organization Name=PT Nawa Darsana Teknologi; Publisher=Microsoft; Publisher Customer ID=346fa229-7c19-44ef-85c6-29e00edf66cf; Unit Price=1534.72601568; ERP=756898.966824; BenefitType=Charge | V11: 6 | W11: 756898.97
A12: May | B12: Microsoft CSP Azure Plan | C12: Divisi Inovasi | D12: divisiinovasi.onmicrosoft.com | E12: a4cdaa2e-caa7-440f-b849-928a3ceb7e31 | F12: AzureCSP_DivisiInovasi | G12: 1141685 | H12: Virtual Network Private Link | I12: Virtual Network | J12: Virtual Network Private Link | K12: Standard Data Processed - Ingress | L12: 46143 | M12: 46173 | N12: 0.58083037 | O12: 1 GB | P12: IDR | Q12: mc_rg-hpm_hamalomena_southeastasia | R12: aks-systemeph-26423959-vmss | S12: southeastasia | T12: { "Organization Name": "PT Nawa Darsana Teknologi", "Publisher": "Microsoft", "Publisher Customer ID": "346fa229-7c19-44ef-85c6-29e00edf66cf", "Unit Price": "153.524799999", "ERP": "101.3316646056", "BenefitType": "Charge", "aks-managed-consolidated-additional-properties": "e4642eba-ea08-11f0-bf79-fe421b86da3b", "aks-managed-creationSource": "vmssclient-aks-systemeph-26423959-vmss", "aks-managed-enable-imds-restriction": "False", "aks-managed-kubeletIdentityClientID": "7a362009-e35e-4c70-b3ae-c3b865d60358", "aks-managed-operationID": "04dad870-bcfc-4b75-bd10-975af82078e0", "aks-managed-orchestrator": "Kubernetes:1.33.5", "aks-managed-poolName": "systemeph", "aks-managed-resourceNameSuffix": "41829248.0", "aks-managed-ssh-access": "LocalUser" } | U12: Organization Name=PT Nawa Darsana Teknologi; Publisher=Microsoft; Publisher Customer ID=346fa229-7c19-44ef-85c6-29e00edf66cf; Unit Price=153.524799999; ERP=101.3316646056; BenefitType=Charge; aks-managed-consolidated-additional-properties=e4642eba-ea08-11f0-bf79-fe421b86da3b; aks-managed-creationSource=vmssclient-aks-systemeph-26423959-vmss; aks-managed-enable-imds-restriction=False; aks-managed-kubeletIdentityClientID=7a362009-e35e-4c70-b3ae-c3b865d60358; aks-managed-operationID=04dad870-bcfc-4b75-bd10-975af82078e0; aks-managed-orchestrator=Kubernetes:1.33.5; aks-managed-poolName=systemeph; aks-managed-resourceNameSuffix=41829248.0; aks-managed-ssh-access=LocalUser | V12: 15 | W12: 101.33187
A13: May | B13: Microsoft CSP Azure Plan | C13: Divisi Inovasi | D13: divisiinovasi.onmicrosoft.com | E13: a4cdaa2e-caa7-440f-b849-928a3ceb7e31 | F13: AzureCSP_DivisiInovasi | G13: 1141685 | H13: Virtual Network Private Link | I13: Virtual Network | J13: Virtual Network Private Link | K13: Standard Data Processed - Egress | L13: 46143 | M13: 46173 | N13: 0.0030481033 | O13: 1 GB | P13: IDR | Q13: mc_rg-hpm_hamalomena_southeastasia | R13: aks-systemeph-26423959-vmss | S13: southeastasia | T13: { "Organization Name": "PT Nawa Darsana Teknologi", "Publisher": "Microsoft", "Publisher Customer ID": "346fa229-7c19-44ef-85c6-29e00edf66cf", "Unit Price": "153.5247999817", "ERP": "0.531771526", "BenefitType": "Charge", "aks-managed-consolidated-additional-properties": "eb8fb298-4967-11f1-ad6b-a26c3881ebea", "aks-managed-creationSource": "vmssclient-aks-systemeph-26423959-vmss", "aks-managed-enable-imds-restriction": "False", "aks-managed-kubeletIdentityClientID": "7a362009-e35e-4c70-b3ae-c3b865d60358", "aks-managed-operationID": "628c9d70-3cdf-4197-af26-cb0e6c529e6b", "aks-managed-orchestrator": "Kubernetes:1.33.5", "aks-managed-poolName": "systemeph", "aks-managed-resourceNameSuffix": "41829248.0", "aks-managed-ssh-access": "LocalUser", "compute.aks.billing": "linux" } | U13: Organization Name=PT Nawa Darsana Teknologi; Publisher=Microsoft; Publisher Customer ID=346fa229-7c19-44ef-85c6-29e00edf66cf; Unit Price=153.5247999817; ERP=0.531771526; BenefitType=Charge; aks-managed-consolidated-additional-properties=eb8fb298-4967-11f1-ad6b-a26c3881ebea; aks-managed-creationSource=vmssclient-aks-systemeph-26423959-vmss; aks-managed-enable-imds-restriction=False; aks-managed-kubeletIdentityClientID=7a362009-e35e-4c70-b3ae-c3b865d60358; aks-managed-operationID=628c9d70-3cdf-4197-af26-cb0e6c529e6b; aks-managed-orchestrator=Kubernetes:1.33.5; aks-managed-poolName=systemeph; aks-managed-resourceNameSuffix=41829248.0; aks-managed-ssh-access=LocalUser; compute.aks.billing=linux | V13: 16 | W13: 0.52795945
... A320: May | B320: Microsoft CSP Azure Plan | C320: Divisi Inovasi | D320: divisiinovasi.onmicrosoft.com | E320: a4cdaa2e-caa7-440f-b849-928a3ceb7e31 | F320: AzureCSP_DivisiInovasi | G320: 1141685 | H320: Blob Storage | I320: Storage | J320: Blob Storage | K320: Hot LRS Write Operations | L320: 46173 | M320: 46173 | N320: 1143.22 | O320: 10K | P320: IDR | Q320: rg-secops | R320: secopsdinov | S320: indonesiacentral | T320: { "Organization Name": "PT Nawa Darsana Teknologi", "Publisher": "Microsoft", "Publisher Customer ID": "346fa229-7c19-44ef-85c6-29e00edf66cf", "Unit Price": "108,92", "ERP": "11205276.021938255", "BenefitType": "Charge", "Environment": "Security-Operasional", "purpose": "Logs Google SecOps" } | U320: Organization Name=PT Nawa Darsana Teknologi; Publisher=Microsoft; Publisher Customer ID=346fa229-7c19-44ef-85c6-29e00edf66cf; Unit Price=108,92;BenefitType=Charge; Environment=Security-Operasional; purpose=Logs Google SecOps | V320: 7 | W320: 29016
A321: May | B321: Microsoft CSP Azure Plan | C321: Divisi Inovasi | D321: divisiinovasi.onmicrosoft.com | E321: a4cdaa2e-caa7-440f-b849-928a3ceb7e31 | F321: AzureCSP_DivisiInovasi | G321: 1141685 | H321: SQL Database Single/ElasticPool General Purpose - Compute Gen5 | I321: =IF(LEFT(K321,9)="Standard_","Reserved Instance Virtual Machine",IF(ISNUMBER(SEARCH("SQL Database Single/ElasticPool General Purpose - Compute Gen5",K321)),"Reserved Instance SQL Database",IF(ISNUMBER(SEARCH("SQL Database SingleDB/Elastic Pool Hyperscale - Compute Gen5",K321)),"Reserved Instance Hyperscale Serverless",IF(ISNUMBER(SEARCH("Azure Database for PostgreSQL Flexible Server General Purpose Ddsv4 Series Compute",K321)),"Reserved Instance PostgreSQL",IF(ISNUMBER(SEARCH("Azure Redis Cache Premium",K321)),"Reserved Instance Redis","Reserved Instance"))))) -> Reserved Instance SQL Database | J321: SQL Database Single/ElasticPool General Purpose - Compute Gen5 | K321: =H321 -> SQL Database Single/ElasticPool General Purpose - Compute Gen5 | L321: 3 Years | M321: 3 Years | N321: =U321 -> 4 | O321: Reserved Instance | P321: IDR | Q321: Reserved Instance | R321: =IF(LEFT(K321,9)="Standard_","Virtual Machine",IF(ISNUMBER(SEARCH("SQL Database Single/ElasticPool General Purpose - Compute Gen5",K321)),"SQL Database",IF(ISNUMBER(SEARCH("SQL Database SingleDB/Elastic Pool Hyperscale - Compute Gen5",K321)),"Hyperscale Serverless",IF(ISNUMBER(SEARCH("Azure Database for PostgreSQL Flexible Server General Purpose Ddsv4 Series Compute",K321)),"PostgreSQL",IF(ISNUMBER(SEARCH("Azure Redis Cache Premium",K321)),"Redis",K321))))) -> SQL Database | S321: southeastasia | T321: Reserved Instance | U321: 4 | V321: 1001385 | W321: =U321*V321 -> 4005540 | X321: HPM
A322: May | B322: Microsoft CSP Azure Plan | C322: Divisi Inovasi | D322: divisiinovasi.onmicrosoft.com | E322: a4cdaa2e-caa7-440f-b849-928a3ceb7e33 | F322: AzureCSP_DivisiInovasi | G322: 1141685 | H322: Standard_D2s_v3 | I322: =IF(LEFT(K322,9)="Standard_","Reserved Instance Virtual Machine",IF(ISNUMBER(SEARCH("SQL Database Single/ElasticPool General Purpose - Compute Gen5",K322)),"Reserved Instance SQL Database",IF(ISNUMBER(SEARCH("SQL Database SingleDB/Elastic Pool Hyperscale - Compute Gen5",K322)),"Reserved Instance Hyperscale Serverless",IF(ISNUMBER(SEARCH("Azure Database for PostgreSQL Flexible Server General Purpose Ddsv4 Series Compute",K322)),"Reserved Instance PostgreSQL",IF(ISNUMBER(SEARCH("Azure Redis Cache Premium",K322)),"Reserved Instance Redis","Reserved Instance"))))) -> Reserved Instance Virtual Machine | J322: Standard_D2s_v3 | K322: =H322 -> Standard_D2s_v3 | L322: 3 Years | M322: 3 Years | N322: =U322 -> 1 | O322: Reserved Instance | P322: IDR | Q322: Reserved Instance | R322: =IF(LEFT(K322,9)="Standard_","Virtual Machine",IF(ISNUMBER(SEARCH("SQL Database Single/ElasticPool General Purpose - Compute Gen5",K322)),"SQL Database",IF(ISNUMBER(SEARCH("SQL Database SingleDB/Elastic Pool Hyperscale - Compute Gen5",K322)),"Hyperscale Serverless",IF(ISNUMBER(SEARCH("Azure Database for PostgreSQL Flexible Server General Purpose Ddsv4 Series Compute",K322)),"PostgreSQL",IF(ISNUMBER(SEARCH("Azure Redis Cache Premium",K322)),"Redis",K322))))) -> Virtual Machine | S322: southeastasia | T322: Reserved Instance | U322: 1 | V322: 565908.75 | W322: =U322*V322 -> 565908.75 | X322: HPM
A323: May | B323: Microsoft CSP Azure Plan | C323: Divisi Inovasi | D323: divisiinovasi.onmicrosoft.com | E323: a4cdaa2e-caa7-440f-b849-928a3ceb7e32 | F323: AzureCSP_DivisiInovasi | G323: 1141685 | H323: Standard_D4s_v3 | I323: =IF(LEFT(K323,9)="Standard_","Reserved Instance Virtual Machine",IF(ISNUMBER(SEARCH("SQL Database Single/ElasticPool General Purpose - Compute Gen5",K323)),"Reserved Instance SQL Database",IF(ISNUMBER(SEARCH("SQL Database SingleDB/Elastic Pool Hyperscale - Compute Gen5",K323)),"Reserved Instance Hyperscale Serverless",IF(ISNUMBER(SEARCH("Azure Database for PostgreSQL Flexible Server General Purpose Ddsv4 Series Compute",K323)),"Reserved Instance PostgreSQL",IF(ISNUMBER(SEARCH("Azure Redis Cache Premium",K323)),"Reserved Instance Redis","Reserved Instance"))))) -> Reserved Instance Virtual Machine | J323: Standard_D4s_v3 | K323: =H323 -> Standard_D4s_v3 | L323: 3 Years | M323: 3 Years | N323: =U323 -> 4 | O323: Reserved Instance | P323: IDR | Q323: Reserved Instance | R323: =IF(LEFT(K323,9)="Standard_","Virtual Machine",IF(ISNUMBER(SEARCH("SQL Database Single/ElasticPool General Purpose - Compute Gen5",K323)),"SQL Database",IF(ISNUMBER(SEARCH("SQL Database SingleDB/Elastic Pool Hyperscale - Compute Gen5",K323)),"Hyperscale Serverless",IF(ISNUMBER(SEARCH("Azure Database for PostgreSQL Flexible Server General Purpose Ddsv4 Series Compute",K323)),"PostgreSQL",IF(ISNUMBER(SEARCH("Azure Redis Cache Premium",K323)),"Redis",K323))))) -> Virtual Machine | S323: southeastasia | T323: Reserved Instance | U323: 4 | V323: 1131817.5 | W323: =U323*V323 -> 4527270 | X323: HPM

Sheet Detail_ITC
A1: Period | B1: Agreement Name | C1: Company Name | D1: Tenant Primary Domain | E1: Publisher Subscription ID | F1: Publisher Subscription Name | G1: Product ID | H1: Product Name | I1: Category | J1: Subcategory | K1: Meter Name | L1: Usage Start Date | M1: Usage End Date | N1: Quantity | O1: Unit | P1: Currency | Q1: Resource Group Name | R1: Resource Name | S1: Location | T1: Tags_JSON | U1: Tags_KeyValue | V1: Tags_Count | W1: Total
A2: May | B2: Microsoft CSP Azure Plan | C2: Divisi Inovasi | D2: divisiinovasi.onmicrosoft.com | E2: a4cdaa2e-caa7-440f-b849-928a3ceb7e31 | F2: AzureCSP_DivisiInovasi | G2: 1141685 | H2: VM RI | I2: Virtual Machines | J2: Virtual Machines RI | K2: Standard | L2: 46143 | M2: 46173 | N2: 0.083235 | O2: 1 Hour | P2: IDR | Q2: MC_RG-ITC_IMBE_SOUTHEASTASIA | R2: aks-systemeph-38276485-vmss | S2: southeastasia | T2: { "Organization Name": "PT Nawa Darsana Teknologi", "Publisher": "Microsoft", "Publisher Customer ID": "346fa229-7c19-44ef-85c6-29e00edf66cf", "Unit Price": "0.0", "ERP": "0.0", "BenefitType": "Charge", "aks-managed-consolidated-additional-properties": "228c5aed-ea0d-11f0-aa94-664ac880d383", "aks-managed-creationSource": "vmssclient-aks-systemeph-38276485-vmss", "aks-managed-enable-imds-restriction": "False", "aks-managed-kubeletIdentityClientID": "295ca385-8ba8-4c59-8454-74b13124e52a", "aks-managed-operationID": "98236b2d-42cf-4cc3-b5e1-77a3def373ab", "aks-managed-orchestrator": "Kubernetes:1.33.5", "aks-managed-poolName": "systemeph", "aks-managed-resourceNameSuffix": "75743100.0", "aks-managed-ssh-access": "LocalUser" } | U2: Organization Name=PT Nawa Darsana Teknologi; Publisher=Microsoft; Publisher Customer ID=346fa229-7c19-44ef-85c6-29e00edf66cf; Unit Price=0.0; ERP=0.0; BenefitType=Charge; aks-managed-consolidated-additional-properties=228c5aed-ea0d-11f0-aa94-664ac880d383; aks-managed-creationSource=vmssclient-aks-systemeph-38276485-vmss; aks-managed-enable-imds-restriction=False; aks-managed-kubeletIdentityClientID=295ca385-8ba8-4c59-8454-74b13124e52a; aks-managed-operationID=98236b2d-42cf-4cc3-b5e1-77a3def373ab; aks-managed-orchestrator=Kubernetes:1.33.5; aks-managed-poolName=systemeph; aks-managed-resourceNameSuffix=75743100.0; aks-managed-ssh-access=LocalUser | V2: 15 | W2: 0
A3: May | B3: Microsoft CSP Azure Plan | C3: Divisi Inovasi | D3: divisiinovasi.onmicrosoft.com | E3: a4cdaa2e-caa7-440f-b849-928a3ceb7e31 | F3: AzureCSP_DivisiInovasi | G3: 1141685 | H3: Virtual Network Private Link | I3: Virtual Network | J3: Virtual Network Private Link | K3: Standard Data Processed - Egress | L3: 46143 | M3: 46173 | N3: 2.012e-07 | O3: 1 GB | P3: IDR | Q3: mc_rg-itc_imbe_southeastasia | R3: aks-usereph2-42372498-vmss | S3: southeastasia | T3: { "Organization Name": "PT Nawa Darsana Teknologi", "Publisher": "Microsoft", "Publisher Customer ID": "346fa229-7c19-44ef-85c6-29e00edf66cf", "Unit Price": "153.5240595403", "ERP": "3.4892e-05", "BenefitType": "Charge", "aks-managed-consolidated-additional-properties": "2676f5de-496c-11f1-ad6b-a26c3881ebea", "aks-managed-creationSource": "vmssclient-aks-usereph2-42372498-vmss", "aks-managed-enable-imds-restriction": "False", "aks-managed-kubeletIdentityClientID": "295ca385-8ba8-4c59-8454-74b13124e52a", "aks-managed-operationID": "81e17f8b-4c2a-449c-b7df-ee08cc5c8d09", "aks-managed-orchestrator": "Kubernetes:1.33.5", "aks-managed-poolName": "usereph2", "aks-managed-resourceNameSuffix": "75743100.0", "aks-managed-ssh-access": "LocalUser", "compute.aks.billing": "linux" } | U3: Organization Name=PT Nawa Darsana Teknologi; Publisher=Microsoft; Publisher Customer ID=346fa229-7c19-44ef-85c6-29e00edf66cf; Unit Price=153.5240595403; ERP=3.4892e-05; BenefitType=Charge; aks-managed-consolidated-additional-properties=2676f5de-496c-11f1-ad6b-a26c3881ebea; aks-managed-creationSource=vmssclient-aks-usereph2-42372498-vmss; aks-managed-enable-imds-restriction=False; aks-managed-kubeletIdentityClientID=295ca385-8ba8-4c59-8454-74b13124e52a; aks-managed-operationID=81e17f8b-4c2a-449c-b7df-ee08cc5c8d09; aks-managed-orchestrator=Kubernetes:1.33.5; aks-managed-poolName=usereph2; aks-managed-resourceNameSuffix=75743100.0; aks-managed-ssh-access=LocalUser; compute.aks.billing=linux | V3: 16 | W3: 3.08838e-05
A4: May | B4: Microsoft CSP Azure Plan | C4: Divisi Inovasi | D4: divisiinovasi.onmicrosoft.com | E4: a4cdaa2e-caa7-440f-b849-928a3ceb7e31 | F4: AzureCSP_DivisiInovasi | G4: 1141685 | H4: VM RI | I4: Virtual Machines | J4: Virtual Machines RI | K4: Standard | L4: 46143 | M4: 46173 | N4: 134.63345 | O4: 1 Hour | P4: IDR | Q4: MC_RG-ITC_IMBE_SOUTHEASTASIA | R4: aks-systemeph-38276485-vmss | S4: southeastasia | T4: { "Organization Name": "PT Nawa Darsana Teknologi", "Publisher": "Microsoft", "Publisher Customer ID": "346fa229-7c19-44ef-85c6-29e00edf66cf", "Unit Price": "0.0", "ERP": "0.0", "BenefitType": "Charge", "aks-managed-consolidated-additional-properties": "228c5aed-ea0d-11f0-aa94-664ac880d383", "aks-managed-creationSource": "vmssclient-aks-systemeph-38276485-vmss", "aks-managed-enable-imds-restriction": "False", "aks-managed-kubeletIdentityClientID": "295ca385-8ba8-4c59-8454-74b13124e52a", "aks-managed-operationID": "98236b2d-42cf-4cc3-b5e1-77a3def373ab", "aks-managed-orchestrator": "Kubernetes:1.33.5", "aks-managed-poolName": "systemeph", "aks-managed-resourceNameSuffix": "75743100.0", "aks-managed-ssh-access": "LocalUser" } | U4: Organization Name=PT Nawa Darsana Teknologi; Publisher=Microsoft; Publisher Customer ID=346fa229-7c19-44ef-85c6-29e00edf66cf; Unit Price=0.0; ERP=0.0; BenefitType=Charge; aks-managed-consolidated-additional-properties=228c5aed-ea0d-11f0-aa94-664ac880d383; aks-managed-creationSource=vmssclient-aks-systemeph-38276485-vmss; aks-managed-enable-imds-restriction=False; aks-managed-kubeletIdentityClientID=295ca385-8ba8-4c59-8454-74b13124e52a; aks-managed-operationID=98236b2d-42cf-4cc3-b5e1-77a3def373ab; aks-managed-orchestrator=Kubernetes:1.33.5; aks-managed-poolName=systemeph; aks-managed-resourceNameSuffix=75743100.0; aks-managed-ssh-access=LocalUser | V4: 15 | W4: 0
A5: May | B5: Microsoft CSP Azure Plan | C5: Divisi Inovasi | D5: divisiinovasi.onmicrosoft.com | E5: a4cdaa2e-caa7-440f-b849-928a3ceb7e31 | F5: AzureCSP_DivisiInovasi | G5: 1141685 | H5: VM RI | I5: Virtual Machines | J5: Virtual Machines RI | K5: Standard | L5: 46143 | M5: 46173 | N5: 1.716661 | O5: 1 Hour | P5: IDR | Q5: MC_RG-ITC_IMBE_SOUTHEASTASIA | R5: aks-usereph2-42372498-vmss | S5: southeastasia | T5: { "Organization Name": "PT Nawa Darsana Teknologi", "Publisher": "Microsoft", "Publisher Customer ID": "346fa229-7c19-44ef-85c6-29e00edf66cf", "Unit Price": "0.0", "ERP": "0.0", "BenefitType": "Charge", "aks-managed-consolidated-additional-properties": "228c54eb-ea0d-11f0-aa94-664ac880d383", "aks-managed-creationSource": "vmssclient-aks-usereph2-42372498-vmss", "aks-managed-enable-imds-restriction": "False", "aks-managed-kubeletIdentityClientID": "295ca385-8ba8-4c59-8454-74b13124e52a", "aks-managed-operationID": "98236b2d-42cf-4cc3-b5e1-77a3def373ab", "aks-managed-orchestrator": "Kubernetes:1.33.5", "aks-managed-poolName": "usereph2", "aks-managed-resourceNameSuffix": "75743100.0", "aks-managed-ssh-access": "LocalUser" } | U5: Organization Name=PT Nawa Darsana Teknologi; Publisher=Microsoft; Publisher Customer ID=346fa229-7c19-44ef-85c6-29e00edf66cf; Unit Price=0.0; ERP=0.0; BenefitType=Charge; aks-managed-consolidated-additional-properties=228c54eb-ea0d-11f0-aa94-664ac880d383; aks-managed-creationSource=vmssclient-aks-usereph2-42372498-vmss; aks-managed-enable-imds-restriction=False; aks-managed-kubeletIdentityClientID=295ca385-8ba8-4c59-8454-74b13124e52a; aks-managed-operationID=98236b2d-42cf-4cc3-b5e1-77a3def373ab; aks-managed-orchestrator=Kubernetes:1.33.5; aks-managed-poolName=usereph2; aks-managed-resourceNameSuffix=75743100.0; aks-managed-ssh-access=LocalUser | V5: 15 | W5: 0
A6: May | B6: Microsoft CSP Azure Plan | C6: Divisi Inovasi | D6: divisiinovasi.onmicrosoft.com | E6: a4cdaa2e-caa7-440f-b849-928a3ceb7e31 | F6: AzureCSP_DivisiInovasi | G6: 1141685 | H6: Rtn Pref: MGN | I6: Bandwidth | J6: Rtn Preference: MGN | K6: Standard Data Transfer Out | L6: 46143 | M6: 46173 | N6: 0.17002122 | O6: 1 GB | P6: IDR | Q6: mc_rg-itc_imbe_southeastasia | R6: aks-usereph2-42372498-vmss | S6: southeastasia | T6: { "Organization Name": "PT Nawa Darsana Teknologi", "Publisher": "Microsoft", "Publisher Customer ID": "346fa229-7c19-44ef-85c6-29e00edf66cf", "Unit Price": "1842.2975999957", "ERP": "355.9428332174", "BenefitType": "Charge", "aks-managed-consolidated-additional-properties": "2676f5de-496c-11f1-ad6b-a26c3881ebea", "aks-managed-creationSource": "vmssclient-aks-usereph2-42372498-vmss", "aks-managed-enable-imds-restriction": "False", "aks-managed-kubeletIdentityClientID": "295ca385-8ba8-4c59-8454-74b13124e52a", "aks-managed-operationID": "81e17f8b-4c2a-449c-b7df-ee08cc5c8d09", "aks-managed-orchestrator": "Kubernetes:1.33.5", "aks-managed-poolName": "usereph2", "aks-managed-resourceNameSuffix": "75743100.0", "aks-managed-ssh-access": "LocalUser", "compute.aks.billing": "linux" } | U6: Organization Name=PT Nawa Darsana Teknologi; Publisher=Microsoft; Publisher Customer ID=346fa229-7c19-44ef-85c6-29e00edf66cf; Unit Price=1842.2975999957; ERP=355.9428332174; BenefitType=Charge; aks-managed-consolidated-additional-properties=2676f5de-496c-11f1-ad6b-a26c3881ebea; aks-managed-creationSource=vmssclient-aks-usereph2-42372498-vmss; aks-managed-enable-imds-restriction=False; aks-managed-kubeletIdentityClientID=295ca385-8ba8-4c59-8454-74b13124e52a; aks-managed-operationID=81e17f8b-4c2a-449c-b7df-ee08cc5c8d09; aks-managed-orchestrator=Kubernetes:1.33.5; aks-managed-poolName=usereph2; aks-managed-resourceNameSuffix=75743100.0; aks-managed-ssh-access=LocalUser; compute.aks.billing=linux | V6: 16 | W6: 355.93969
A7: May | B7: Microsoft CSP Azure Plan | C7: Divisi Inovasi | D7: divisiinovasi.onmicrosoft.com | E7: a4cdaa2e-caa7-440f-b849-928a3ceb7e31 | F7: AzureCSP_DivisiInovasi | G7: 1141685 | H7: Rtn Pref: MGN | I7: Bandwidth | J7: Rtn Preference: MGN | K7: Standard Data Transfer Out | L7: 46143 | M7: 46173 | N7: 0.22347718 | O7: 1 GB | P7: IDR | Q7: mc_rg-itc_imbe_southeastasia | R7: aks-usereph2-42372498-vmss | S7: southeastasia | T7: { "Organization Name": "PT Nawa Darsana Teknologi", "Publisher": "Microsoft", "Publisher Customer ID": "346fa229-7c19-44ef-85c6-29e00edf66cf", "Unit Price": "1743.607526942", "ERP": "467.8539511074", "BenefitType": "Charge", "aks-managed-consolidated-additional-properties": "228c54eb-ea0d-11f0-aa94-664ac880d383", "aks-managed-creationSource": "vmssclient-aks-usereph2-42372498-vmss", "aks-managed-enable-imds-restriction": "False", "aks-managed-kubeletIdentityClientID": "295ca385-8ba8-4c59-8454-74b13124e52a", "aks-managed-operationID": "98236b2d-42cf-4cc3-b5e1-77a3def373ab", "aks-managed-orchestrator": "Kubernetes:1.33.5", "aks-managed-poolName": "usereph2", "aks-managed-resourceNameSuffix": "75743100.0", "aks-managed-ssh-access": "LocalUser" } | U7: Organization Name=PT Nawa Darsana Teknologi; Publisher=Microsoft; Publisher Customer ID=346fa229-7c19-44ef-85c6-29e00edf66cf; Unit Price=1743.607526942; ERP=467.8539511074; BenefitType=Charge; aks-managed-consolidated-additional-properties=228c54eb-ea0d-11f0-aa94-664ac880d383; aks-managed-creationSource=vmssclient-aks-usereph2-42372498-vmss; aks-managed-enable-imds-restriction=False; aks-managed-kubeletIdentityClientID=295ca385-8ba8-4c59-8454-74b13124e52a; aks-managed-operationID=98236b2d-42cf-4cc3-b5e1-77a3def373ab; aks-managed-orchestrator=Kubernetes:1.33.5; aks-managed-poolName=usereph2; aks-managed-resourceNameSuffix=75743100.0; aks-managed-ssh-access=LocalUser | V7: 15 | W7: 442.7865
A8: May | B8: Microsoft CSP Azure Plan | C8: Divisi Inovasi | D8: divisiinovasi.onmicrosoft.com | E8: a4cdaa2e-caa7-440f-b849-928a3ceb7e31 | F8: AzureCSP_DivisiInovasi | G8: 1141685 | H8: VM RI | I8: Virtual Machines | J8: Virtual Machines RI | K8: Standard | L8: 46143 | M8: 46173 | N8: 0.200003 | O8: 1 Hour | P8: IDR | Q8: MC_RG-ITC_IMBE_SOUTHEASTASIA | R8: aks-usereph2-42372498-vmss | S8: southeastasia | T8: { "Organization Name": "PT Nawa Darsana Teknologi", "Publisher": "Microsoft", "Publisher Customer ID": "346fa229-7c19-44ef-85c6-29e00edf66cf", "Unit Price": "0.0", "ERP": "0.0", "BenefitType": "Charge", "aks-managed-consolidated-additional-properties": "2676f5de-496c-11f1-ad6b-a26c3881ebea", "aks-managed-creationSource": "vmssclient-aks-usereph2-42372498-vmss", "aks-managed-enable-imds-restriction": "False", "aks-managed-kubeletIdentityClientID": "295ca385-8ba8-4c59-8454-74b13124e52a", "aks-managed-operationID": "81e17f8b-4c2a-449c-b7df-ee08cc5c8d09", "aks-managed-orchestrator": "Kubernetes:1.33.5", "aks-managed-poolName": "usereph2", "aks-managed-resourceNameSuffix": "75743100.0", "aks-managed-ssh-access": "LocalUser", "compute.aks.billing": "linux" } | U8: Organization Name=PT Nawa Darsana Teknologi; Publisher=Microsoft; Publisher Customer ID=346fa229-7c19-44ef-85c6-29e00edf66cf; Unit Price=0.0; ERP=0.0; BenefitType=Charge; aks-managed-consolidated-additional-properties=2676f5de-496c-11f1-ad6b-a26c3881ebea; aks-managed-creationSource=vmssclient-aks-usereph2-42372498-vmss; aks-managed-enable-imds-restriction=False; aks-managed-kubeletIdentityClientID=295ca385-8ba8-4c59-8454-74b13124e52a; aks-managed-operationID=81e17f8b-4c2a-449c-b7df-ee08cc5c8d09; aks-managed-orchestrator=Kubernetes:1.33.5; aks-managed-poolName=usereph2; aks-managed-resourceNameSuffix=75743100.0; aks-managed-ssh-access=LocalUser; compute.aks.billing=linux | V8: 16 | W8: 0
A9: May | B9: Microsoft CSP Azure Plan | C9: Divisi Inovasi | D9: divisiinovasi.onmicrosoft.com | E9: a4cdaa2e-caa7-440f-b849-928a3ceb7e31 | F9: AzureCSP_DivisiInovasi | G9: 1141685 | H9: Azure DNS | I9: Azure DNS | J9: Azure DNS | K9: Private Queries | L9: 46143 | M9: 46173 | N9: 0.131307 | O9: 1M | P9: IDR | Q9: rg-itc | R9: privatelink.database.windows.net | S9: global | T9: { "Organization Name": "PT Nawa Darsana Teknologi", "Publisher": "Microsoft", "Publisher Customer ID": "346fa229-7c19-44ef-85c6-29e00edf66cf", "Unit Price": "6140.9919999587", "ERP": "916.3127670554", "BenefitType": "Charge", "ITC": "CE" } | U9: Organization Name=PT Nawa Darsana Teknologi; Publisher=Microsoft; Publisher Customer ID=346fa229-7c19-44ef-85c6-29e00edf66cf; Unit Price=6140.9919999587; ERP=916.3127670554; BenefitType=Charge; ITC=CE | V9: 7 | W9: 916.31524
A10: May | B10: Microsoft CSP Azure Plan | C10: Divisi Inovasi | D10: divisiinovasi.onmicrosoft.com | E10: a4cdaa2e-caa7-440f-b849-928a3ceb7e31 | F10: AzureCSP_DivisiInovasi | G10: 1141685 | H10: VM RI | I10: Virtual Machines | J10: Virtual Machines RI | K10: Standard | L10: 46143 | M10: 46173 | N10: 53.133333 | O10: 1 Hour | P10: IDR | Q10: MC_RG-ITC_IMBE_SOUTHEASTASIA | R10: aks-usereph2-42372498-vmss | S10: southeastasia | T10: { "Organization Name": "PT Nawa Darsana Teknologi", "Publisher": "Microsoft", "Publisher Customer ID": "346fa229-7c19-44ef-85c6-29e00edf66cf", "Unit Price": "0.0", "ERP": "0.0", "BenefitType": "Charge", "aks-managed-consolidated-additional-properties": "228c54eb-ea0d-11f0-aa94-664ac880d383", "aks-managed-creationSource": "vmssclient-aks-usereph2-42372498-vmss", "aks-managed-enable-imds-restriction": "False", "aks-managed-kubeletIdentityClientID": "295ca385-8ba8-4c59-8454-74b13124e52a", "aks-managed-operationID": "98236b2d-42cf-4cc3-b5e1-77a3def373ab", "aks-managed-orchestrator": "Kubernetes:1.33.5", "aks-managed-poolName": "usereph2", "aks-managed-resourceNameSuffix": "75743100.0", "aks-managed-ssh-access": "LocalUser" } | U10: Organization Name=PT Nawa Darsana Teknologi; Publisher=Microsoft; Publisher Customer ID=346fa229-7c19-44ef-85c6-29e00edf66cf; Unit Price=0.0; ERP=0.0; BenefitType=Charge; aks-managed-consolidated-additional-properties=228c54eb-ea0d-11f0-aa94-664ac880d383; aks-managed-creationSource=vmssclient-aks-usereph2-42372498-vmss; aks-managed-enable-imds-restriction=False; aks-managed-kubeletIdentityClientID=295ca385-8ba8-4c59-8454-74b13124e52a; aks-managed-operationID=98236b2d-42cf-4cc3-b5e1-77a3def373ab; aks-managed-orchestrator=Kubernetes:1.33.5; aks-managed-poolName=usereph2; aks-managed-resourceNameSuffix=75743100.0; aks-managed-ssh-access=LocalUser | V10: 15 | W10: 0
A11: May | B11: Microsoft CSP Azure Plan | C11: Divisi Inovasi | D11: divisiinovasi.onmicrosoft.com | E11: a4cdaa2e-caa7-440f-b849-928a3ceb7e31 | F11: AzureCSP_DivisiInovasi | G11: 1141685 | H11: VM RI | I11: Virtual Machines | J11: Virtual Machines RI | K11: Standard | L11: 46143 | M11: 46173 | N11: 10.183099 | O11: 1 Hour | P11: IDR | Q11: MC_RG-ITC_IMBE_SOUTHEASTASIA | R11: aks-usereph2-42372498-vmss | S11: southeastasia | T11: { "Organization Name": "PT Nawa Darsana Teknologi", "Publisher": "Microsoft", "Publisher Customer ID": "346fa229-7c19-44ef-85c6-29e00edf66cf", "Unit Price": "0.0", "ERP": "0.0", "BenefitType": "Charge", "aks-managed-consolidated-additional-properties": "2676f5de-496c-11f1-ad6b-a26c3881ebea", "aks-managed-creationSource": "vmssclient-aks-usereph2-42372498-vmss", "aks-managed-enable-imds-restriction": "False", "aks-managed-kubeletIdentityClientID": "295ca385-8ba8-4c59-8454-74b13124e52a", "aks-managed-operationID": "81e17f8b-4c2a-449c-b7df-ee08cc5c8d09", "aks-managed-orchestrator": "Kubernetes:1.33.5", "aks-managed-poolName": "usereph2", "aks-managed-resourceNameSuffix": "75743100.0", "aks-managed-ssh-access": "LocalUser", "compute.aks.billing": "linux" } | U11: Organization Name=PT Nawa Darsana Teknologi; Publisher=Microsoft; Publisher Customer ID=346fa229-7c19-44ef-85c6-29e00edf66cf; Unit Price=0.0; ERP=0.0; BenefitType=Charge; aks-managed-consolidated-additional-properties=2676f5de-496c-11f1-ad6b-a26c3881ebea; aks-managed-creationSource=vmssclient-aks-usereph2-42372498-vmss; aks-managed-enable-imds-restriction=False; aks-managed-kubeletIdentityClientID=295ca385-8ba8-4c59-8454-74b13124e52a; aks-managed-operationID=81e17f8b-4c2a-449c-b7df-ee08cc5c8d09; aks-managed-orchestrator=Kubernetes:1.33.5; aks-managed-poolName=usereph2; aks-managed-resourceNameSuffix=75743100.0; aks-managed-ssh-access=LocalUser; compute.aks.billing=linux | V11: 16 | W11: 0
A12: May | B12: Microsoft CSP Azure Plan | C12: Divisi Inovasi | D12: divisiinovasi.onmicrosoft.com | E12: a4cdaa2e-caa7-440f-b849-928a3ceb7e31 | F12: AzureCSP_DivisiInovasi | G12: 1141685 | H12: VM RI | I12: Virtual Machines | J12: Virtual Machines RI | K12: Standard | L12: 46143 | M12: 46173 | N12: 1.966704 | O12: 1 Hour | P12: IDR | Q12: MC_RG-ITC_IMBE_SOUTHEASTASIA | R12: aks-usereph2-42372498-vmss | S12: southeastasia | T12: { "Organization Name": "PT Nawa Darsana Teknologi", "Publisher": "Microsoft", "Publisher Customer ID": "346fa229-7c19-44ef-85c6-29e00edf66cf", "Unit Price": "0.0", "ERP": "0.0", "BenefitType": "Charge", "aks-managed-consolidated-additional-properties": "2676f5de-496c-11f1-ad6b-a26c3881ebea", "aks-managed-creationSource": "vmssclient-aks-usereph2-42372498-vmss", "aks-managed-enable-imds-restriction": "False", "aks-managed-kubeletIdentityClientID": "295ca385-8ba8-4c59-8454-74b13124e52a", "aks-managed-operationID": "81e17f8b-4c2a-449c-b7df-ee08cc5c8d09", "aks-managed-orchestrator": "Kubernetes:1.33.5", "aks-managed-poolName": "usereph2", "aks-managed-resourceNameSuffix": "75743100.0", "aks-managed-ssh-access": "LocalUser", "compute.aks.billing": "linux" } | U12: Organization Name=PT Nawa Darsana Teknologi; Publisher=Microsoft; Publisher Customer ID=346fa229-7c19-44ef-85c6-29e00edf66cf; Unit Price=0.0; ERP=0.0; BenefitType=Charge; aks-managed-consolidated-additional-properties=2676f5de-496c-11f1-ad6b-a26c3881ebea; aks-managed-creationSource=vmssclient-aks-usereph2-42372498-vmss; aks-managed-enable-imds-restriction=False; aks-managed-kubeletIdentityClientID=295ca385-8ba8-4c59-8454-74b13124e52a; aks-managed-operationID=81e17f8b-4c2a-449c-b7df-ee08cc5c8d09; aks-managed-orchestrator=Kubernetes:1.33.5; aks-managed-poolName=usereph2; aks-managed-resourceNameSuffix=75743100.0; aks-managed-ssh-access=LocalUser; compute.aks.billing=linux | V12: 16 | W12: 0
A13: May | B13: Microsoft CSP Azure Plan | C13: Divisi Inovasi | D13: divisiinovasi.onmicrosoft.com | E13: a4cdaa2e-caa7-440f-b849-928a3ceb7e31 | F13: AzureCSP_DivisiInovasi | G13: 1141685 | H13: Virtual Network Peering | I13: Virtual Network | J13: Virtual Network Peering | K13: Intra-Region Egress | L13: 46143 | M13: 46173 | N13: 3.80529e-05 | O13: 1 GB | P13: IDR | Q13: mc_rg-itc_imbe_southeastasia | R13: aks-systemeph-38276485-vmss | S13: southeastasia | T13: { "Organization Name": "PT Nawa Darsana Teknologi", "Publisher": "Microsoft", "Publisher Customer ID": "346fa229-7c19-44ef-85c6-29e00edf66cf", "Unit Price": "153.5247966073", "ERP": "0.006638203", "BenefitType": "Charge", "aks-managed-consolidated-additional-properties": "26776af9-496c-11f1-ad6b-a26c3881ebea", "aks-managed-creationSource": "vmssclient-aks-systemeph-38276485-vmss", "aks-managed-enable-imds-restriction": "False", "aks-managed-kubeletIdentityClientID": "295ca385-8ba8-4c59-8454-74b13124e52a", "aks-managed-operationID": "81e17f8b-4c2a-449c-b7df-ee08cc5c8d09", "aks-managed-orchestrator": "Kubernetes:1.33.5", "aks-managed-poolName": "systemeph", "aks-managed-resourceNameSuffix": "75743100.0", "aks-managed-ssh-access": "LocalUser", "compute.aks.billing": "linux" } | U13: Organization Name=PT Nawa Darsana Teknologi; Publisher=Microsoft; Publisher Customer ID=346fa229-7c19-44ef-85c6-29e00edf66cf; Unit Price=153.5247966073; ERP=0.006638203; BenefitType=Charge; aks-managed-consolidated-additional-properties=26776af9-496c-11f1-ad6b-a26c3881ebea; aks-managed-creationSource=vmssclient-aks-systemeph-38276485-vmss; aks-managed-enable-imds-restriction=False; aks-managed-kubeletIdentityClientID=295ca385-8ba8-4c59-8454-74b13124e52a; aks-managed-operationID=81e17f8b-4c2a-449c-b7df-ee08cc5c8d09; aks-managed-orchestrator=Kubernetes:1.33.5; aks-managed-poolName=systemeph; aks-managed-resourceNameSuffix=75743100.0; aks-managed-ssh-access=LocalUser; compute.aks.billing=linux | V13: 16 | W13: 0.0058420651
... A361: May | B361: Microsoft CSP Azure Plan | C361: Divisi Inovasi | D361: divisiinovasi.onmicrosoft.com | E361: a4cdaa2e-caa7-440f-b849-928a3ceb7e31 | F361: AzureCSP_DivisiInovasi | G361: 1141685 | H361: Blob Storage | I361: Storage | J361: Blob Storage | K361: Hot LRS Write Operations | L361: 46173 | M361: 46173 | N361: 1143.22 | O361: 10K | P361: IDR | Q361: rg-secops | R361: secopsdinov | S361: indonesiacentral | T361: { "Organization Name": "PT Nawa Darsana Teknologi", "Publisher": "Microsoft", "Publisher Customer ID": "346fa229-7c19-44ef-85c6-29e00edf66cf", "Unit Price": "108,92", "ERP": "11205276.021938255", "BenefitType": "Charge", "Environment": "Security-Operasional", "purpose": "Logs Google SecOps" } | U361: Organization Name=PT Nawa Darsana Teknologi; Publisher=Microsoft; Publisher Customer ID=346fa229-7c19-44ef-85c6-29e00edf66cf; Unit Price=108,92;BenefitType=Charge; Environment=Security-Operasional; purpose=Logs Google SecOps | V361: 7 | W361: 29016
A362: May | B362: Microsoft CSP Azure Plan | C362: Divisi Inovasi | D362: divisiinovasi.onmicrosoft.com | E362: a4cdaa2e-caa7-440f-b849-928a3ceb7e31 | F362: AzureCSP_DivisiInovasi | G362: 1141685 | H362: SQL Database Single/ElasticPool General Purpose - Compute Gen5 | I362: =IF(LEFT(K362,9)="Standard_","Reserved Instance Virtual Machine",IF(ISNUMBER(SEARCH("SQL Database Single/ElasticPool General Purpose - Compute Gen5",K362)),"Reserved Instance SQL Database",IF(ISNUMBER(SEARCH("SQL Database SingleDB/Elastic Pool Hyperscale - Compute Gen5",K362)),"Reserved Instance Hyperscale Serverless",IF(ISNUMBER(SEARCH("Azure Database for PostgreSQL Flexible Server General Purpose Ddsv4 Series Compute",K362)),"Reserved Instance PostgreSQL",IF(ISNUMBER(SEARCH("Azure Redis Cache Premium",K362)),"Reserved Instance Redis","Reserved Instance"))))) -> Reserved Instance SQL Database | J362: SQL Database Single/ElasticPool General Purpose - Compute Gen5 | K362: =H362 -> SQL Database Single/ElasticPool General Purpose - Compute Gen5 | L362: 3 Years | M362: 3 Years | N362: =U362 -> 4 | O362: Reserved Instance | P362: IDR | Q362: Reserved Instance | R362: =IF(LEFT(K362,9)="Standard_","Virtual Machine",IF(ISNUMBER(SEARCH("SQL Database Single/ElasticPool General Purpose - Compute Gen5",K362)),"SQL Database",IF(ISNUMBER(SEARCH("SQL Database SingleDB/Elastic Pool Hyperscale - Compute Gen5",K362)),"Hyperscale Serverless",IF(ISNUMBER(SEARCH("Azure Database for PostgreSQL Flexible Server General Purpose Ddsv4 Series Compute",K362)),"PostgreSQL",IF(ISNUMBER(SEARCH("Azure Redis Cache Premium",K362)),"Redis",K362))))) -> SQL Database | S362: southeastasia | T362: Reserved Instance | U362: 4 | V362: 1001385 | W362: =U362*V362 -> 4005540
A363: May | B363: Microsoft CSP Azure Plan | C363: Divisi Inovasi | D363: divisiinovasi.onmicrosoft.com | E363: a4cdaa2e-caa7-440f-b849-928a3ceb7e33 | F363: AzureCSP_DivisiInovasi | G363: 1141685 | H363: Standard_D2s_v3 | I363: =IF(LEFT(K363,9)="Standard_","Reserved Instance Virtual Machine",IF(ISNUMBER(SEARCH("SQL Database Single/ElasticPool General Purpose - Compute Gen5",K363)),"Reserved Instance SQL Database",IF(ISNUMBER(SEARCH("SQL Database SingleDB/Elastic Pool Hyperscale - Compute Gen5",K363)),"Reserved Instance Hyperscale Serverless",IF(ISNUMBER(SEARCH("Azure Database for PostgreSQL Flexible Server General Purpose Ddsv4 Series Compute",K363)),"Reserved Instance PostgreSQL",IF(ISNUMBER(SEARCH("Azure Redis Cache Premium",K363)),"Reserved Instance Redis","Reserved Instance"))))) -> Reserved Instance Virtual Machine | J363: Standard_D2s_v3 | K363: =H363 -> Standard_D2s_v3 | L363: 3 Years | M363: 3 Years | N363: =U363 -> 2 | O363: Reserved Instance | P363: IDR | Q363: Reserved Instance | R363: =IF(LEFT(K363,9)="Standard_","Virtual Machine",IF(ISNUMBER(SEARCH("SQL Database Single/ElasticPool General Purpose - Compute Gen5",K363)),"SQL Database",IF(ISNUMBER(SEARCH("SQL Database SingleDB/Elastic Pool Hyperscale - Compute Gen5",K363)),"Hyperscale Serverless",IF(ISNUMBER(SEARCH("Azure Database for PostgreSQL Flexible Server General Purpose Ddsv4 Series Compute",K363)),"PostgreSQL",IF(ISNUMBER(SEARCH("Azure Redis Cache Premium",K363)),"Redis",K363))))) -> Virtual Machine | S363: southeastasia | T363: Reserved Instance | U363: 2 | V363: 565908.75 | W363: =U363*V363 -> 1131817.5
A364: May | B364: Microsoft CSP Azure Plan | C364: Divisi Inovasi | D364: divisiinovasi.onmicrosoft.com | E364: a4cdaa2e-caa7-440f-b849-928a3ceb7e32 | F364: AzureCSP_DivisiInovasi | G364: 1141685 | H364: Standard_D4s_v3 | I364: =IF(LEFT(K364,9)="Standard_","Reserved Instance Virtual Machine",IF(ISNUMBER(SEARCH("SQL Database Single/ElasticPool General Purpose - Compute Gen5",K364)),"Reserved Instance SQL Database",IF(ISNUMBER(SEARCH("SQL Database SingleDB/Elastic Pool Hyperscale - Compute Gen5",K364)),"Reserved Instance Hyperscale Serverless",IF(ISNUMBER(SEARCH("Azure Database for PostgreSQL Flexible Server General Purpose Ddsv4 Series Compute",K364)),"Reserved Instance PostgreSQL",IF(ISNUMBER(SEARCH("Azure Redis Cache Premium",K364)),"Reserved Instance Redis","Reserved Instance"))))) -> Reserved Instance Virtual Machine | J364: Standard_D4s_v3 | K364: =H364 -> Standard_D4s_v3 | L364: 3 Years | M364: 3 Years | N364: =U364 -> 2 | O364: Reserved Instance | P364: IDR | Q364: Reserved Instance | R364: =IF(LEFT(K364,9)="Standard_","Virtual Machine",IF(ISNUMBER(SEARCH("SQL Database Single/ElasticPool General Purpose - Compute Gen5",K364)),"SQL Database",IF(ISNUMBER(SEARCH("SQL Database SingleDB/Elastic Pool Hyperscale - Compute Gen5",K364)),"Hyperscale Serverless",IF(ISNUMBER(SEARCH("Azure Database for PostgreSQL Flexible Server General Purpose Ddsv4 Series Compute",K364)),"PostgreSQL",IF(ISNUMBER(SEARCH("Azure Redis Cache Premium",K364)),"Redis",K364))))) -> Virtual Machine | S364: southeastasia | T364: Reserved Instance | U364: 2 | V364: 1100613.5 | W364: =U364*V364 -> 2201227

Sheet Detail_MSK
A1: Period | B1: Agreement Name | C1: Company Name | D1: Tenant Primary Domain | E1: Publisher Subscription ID | F1: Publisher Subscription Name | G1: Product ID | H1: Product Name | I1: Category | J1: Subcategory | K1: Meter Name | L1: Usage Start Date | M1: Usage End Date | N1: Quantity | O1: Unit | P1: Currency | Q1: Resource Group Name | R1: Resource Name | S1: Location | T1: Tags_JSON | U1: Tags_KeyValue | V1: Tags_Count | W1: Total
A2: May | B2: Microsoft CSP Azure Plan | C2: Divisi Inovasi | D2: divisiinovasi.onmicrosoft.com | E2: a4cdaa2e-caa7-440f-b849-928a3ceb7e31 | F2: AzureCSP_DivisiInovasi | G2: 1141685 | H2: Virtual Network Private Link | I2: Virtual Network | J2: Virtual Network Private Link | K2: Standard Data Processed - Egress | L2: 46143 | M2: 46173 | N2: 18.669871 | O2: 1 GB | P2: IDR | Q2: mc_rg-kawista_kawista_southeastasia | R2: aks-usereph2-20887657-vmss | S2: southeastasia | T2: { "Organization Name": "PT Nawa Darsana Teknologi", "Publisher": "Microsoft", "Publisher Customer ID": "346fa229-7c19-44ef-85c6-29e00edf66cf", "Unit Price": "153.5247999999", "ERP": "3257.1456213868", "BenefitType": "Charge", "aks-managed-consolidated-additional-properties": "52cfcfc9-4970-11f1-a96a-06040b0291ed", "aks-managed-creationSource": "vmssclient-aks-usereph2-20887657-vmss", "aks-managed-enable-imds-restriction": "False", "aks-managed-kubeletIdentityClientID": "b38ce40c-e81b-400c-9fad-e2cad8fa99ce", "aks-managed-operationID": "86ba7f28-cb17-4d54-939c-b70c7263a743", "aks-managed-orchestrator": "Kubernetes:1.33.5", "aks-managed-poolName": "usereph2", "aks-managed-resourceNameSuffix": "51599822.0", "aks-managed-ssh-access": "LocalUser", "compute.aks.billing": "linux" } | U2: Organization Name=PT Nawa Darsana Teknologi; Publisher=Microsoft; Publisher Customer ID=346fa229-7c19-44ef-85c6-29e00edf66cf; Unit Price=153.5247999999; ERP=3257.1456213868; BenefitType=Charge; aks-managed-consolidated-additional-properties=52cfcfc9-4970-11f1-a96a-06040b0291ed; aks-managed-creationSource=vmssclient-aks-usereph2-20887657-vmss; aks-managed-enable-imds-restriction=False; aks-managed-kubeletIdentityClientID=b38ce40c-e81b-400c-9fad-e2cad8fa99ce; aks-managed-operationID=86ba7f28-cb17-4d54-939c-b70c7263a743; aks-managed-orchestrator=Kubernetes:1.33.5; aks-managed-poolName=usereph2; aks-managed-resourceNameSuffix=51599822.0; aks-managed-ssh-access=LocalUser; compute.aks.billing=linux | V2: 16 | W2: 3257.1481
A3: May | B3: Microsoft CSP Azure Plan | C3: Divisi Inovasi | D3: divisiinovasi.onmicrosoft.com | E3: a4cdaa2e-caa7-440f-b849-928a3ceb7e31 | F3: AzureCSP_DivisiInovasi | G3: 1141685 | H3: Rtn Pref: MGN | I3: Bandwidth | J3: Rtn Preference: MGN | K3: Standard Data Transfer Out | L3: 46143 | M3: 46173 | N3: 0.0001471434 | O3: 1 GB | P3: IDR | Q3: mc_rg-kawista_kawista_southeastasia | R3: aks-monitoring-32215719-vmss | S3: southeastasia | T3: { "Organization Name": "PT Nawa Darsana Teknologi", "Publisher": "Microsoft", "Publisher Customer ID": "346fa229-7c19-44ef-85c6-29e00edf66cf", "Unit Price": "1842.297599621", "ERP": "0.3080475112", "BenefitType": "Charge", "aks-managed-consolidated-additional-properties": "52cf526e-4970-11f1-a96a-06040b0291ed", "aks-managed-creationSource": "vmssclient-aks-monitoring-32215719-vmss", "aks-managed-enable-imds-restriction": "False", "aks-managed-kubeletIdentityClientID": "b38ce40c-e81b-400c-9fad-e2cad8fa99ce", "aks-managed-operationID": "86ba7f28-cb17-4d54-939c-b70c7263a743", "aks-managed-orchestrator": "Kubernetes:1.33.5", "aks-managed-poolName": "monitoring", "aks-managed-resourceNameSuffix": "51599822.0", "aks-managed-ssh-access": "LocalUser", "compute.aks.billing": "linux", "purpose": "monitoring" } | U3: Organization Name=PT Nawa Darsana Teknologi; Publisher=Microsoft; Publisher Customer ID=346fa229-7c19-44ef-85c6-29e00edf66cf; Unit Price=1842.297599621; ERP=0.3080475112; BenefitType=Charge; aks-managed-consolidated-additional-properties=52cf526e-4970-11f1-a96a-06040b0291ed; aks-managed-creationSource=vmssclient-aks-monitoring-32215719-vmss; aks-managed-enable-imds-restriction=False; aks-managed-kubeletIdentityClientID=b38ce40c-e81b-400c-9fad-e2cad8fa99ce; aks-managed-operationID=86ba7f28-cb17-4d54-939c-b70c7263a743; aks-managed-orchestrator=Kubernetes:1.33.5; aks-managed-poolName=monitoring; aks-managed-resourceNameSuffix=51599822.0; aks-managed-ssh-access=LocalUser; compute.aks.billing=linux; purpose=monitoring | V3: 17 | W3: 0.31108189
A4: May | B4: Microsoft CSP Azure Plan | C4: Divisi Inovasi | D4: divisiinovasi.onmicrosoft.com | E4: a4cdaa2e-caa7-440f-b849-928a3ceb7e31 | F4: AzureCSP_DivisiInovasi | G4: 1141685 | H4: Rtn Pref: MGN | I4: Bandwidth | J4: Rtn Preference: MGN | K4: Standard Data Transfer Out | L4: 46143 | M4: 46173 | N4: 0.00081388 | O4: 1 GB | P4: IDR | Q4: mc_rg-kawista_kawista_southeastasia | R4: aks-systemeph-20273592-vmss | S4: southeastasia | T4: { "Organization Name": "PT Nawa Darsana Teknologi", "Publisher": "Microsoft", "Publisher Customer ID": "346fa229-7c19-44ef-85c6-29e00edf66cf", "Unit Price": "1842.2975998479", "ERP": "1.7038740576", "BenefitType": "Charge", "aks-managed-consolidated-additional-properties": "52cf8ebc-4970-11f1-a96a-06040b0291ed", "aks-managed-creationSource": "vmssclient-aks-systemeph-20273592-vmss", "aks-managed-enable-imds-restriction": "False", "aks-managed-kubeletIdentityClientID": "b38ce40c-e81b-400c-9fad-e2cad8fa99ce", "aks-managed-operationID": "86ba7f28-cb17-4d54-939c-b70c7263a743", "aks-managed-orchestrator": "Kubernetes:1.33.5", "aks-managed-poolName": "systemeph", "aks-managed-resourceNameSuffix": "51599822.0", "aks-managed-ssh-access": "LocalUser", "compute.aks.billing": "linux" } | U4: Organization Name=PT Nawa Darsana Teknologi; Publisher=Microsoft; Publisher Customer ID=346fa229-7c19-44ef-85c6-29e00edf66cf; Unit Price=1842.2975998479; ERP=1.7038740576; BenefitType=Charge; aks-managed-consolidated-additional-properties=52cf8ebc-4970-11f1-a96a-06040b0291ed; aks-managed-creationSource=vmssclient-aks-systemeph-20273592-vmss; aks-managed-enable-imds-restriction=False; aks-managed-kubeletIdentityClientID=b38ce40c-e81b-400c-9fad-e2cad8fa99ce; aks-managed-operationID=86ba7f28-cb17-4d54-939c-b70c7263a743; aks-managed-orchestrator=Kubernetes:1.33.5; aks-managed-poolName=systemeph; aks-managed-resourceNameSuffix=51599822.0; aks-managed-ssh-access=LocalUser; compute.aks.billing=linux | V4: 16 | W4: 1.6994092
A5: May | B5: Microsoft CSP Azure Plan | C5: Divisi Inovasi | D5: divisiinovasi.onmicrosoft.com | E5: a4cdaa2e-caa7-440f-b849-928a3ceb7e31 | F5: AzureCSP_DivisiInovasi | G5: 1141685 | H5: VM RI | I5: Virtual Machines | J5: Virtual Machines RI | K5: Standard | L5: 46143 | M5: 46173 | N5: 169 | O5: 1 Hour | P5: IDR | Q5: MC_RG-KAWISTA_KAWISTA_SOUTHEASTASIA | R5: aks-usereph2-20887657-vmss | S5: southeastasia | T5: { "Organization Name": "PT Nawa Darsana Teknologi", "Publisher": "Microsoft", "Publisher Customer ID": "346fa229-7c19-44ef-85c6-29e00edf66cf", "Unit Price": "0.0", "ERP": "0.0", "BenefitType": "Charge", "aks-managed-consolidated-additional-properties": "52cfcfc9-4970-11f1-a96a-06040b0291ed", "aks-managed-creationSource": "vmssclient-aks-usereph2-20887657-vmss", "aks-managed-enable-imds-restriction": "False", "aks-managed-kubeletIdentityClientID": "b38ce40c-e81b-400c-9fad-e2cad8fa99ce", "aks-managed-operationID": "86ba7f28-cb17-4d54-939c-b70c7263a743", "aks-managed-orchestrator": "Kubernetes:1.33.5", "aks-managed-poolName": "usereph2", "aks-managed-resourceNameSuffix": "51599822.0", "aks-managed-ssh-access": "LocalUser", "compute.aks.billing": "linux" } | U5: Organization Name=PT Nawa Darsana Teknologi; Publisher=Microsoft; Publisher Customer ID=346fa229-7c19-44ef-85c6-29e00edf66cf; Unit Price=0.0; ERP=0.0; BenefitType=Charge; aks-managed-consolidated-additional-properties=52cfcfc9-4970-11f1-a96a-06040b0291ed; aks-managed-creationSource=vmssclient-aks-usereph2-20887657-vmss; aks-managed-enable-imds-restriction=False; aks-managed-kubeletIdentityClientID=b38ce40c-e81b-400c-9fad-e2cad8fa99ce; aks-managed-operationID=86ba7f28-cb17-4d54-939c-b70c7263a743; aks-managed-orchestrator=Kubernetes:1.33.5; aks-managed-poolName=usereph2; aks-managed-resourceNameSuffix=51599822.0; aks-managed-ssh-access=LocalUser; compute.aks.billing=linux | V5: 16 | W5: 0
A6: May | B6: Microsoft CSP Azure Plan | C6: Divisi Inovasi | D6: divisiinovasi.onmicrosoft.com | E6: a4cdaa2e-caa7-440f-b849-928a3ceb7e31 | F6: AzureCSP_DivisiInovasi | G6: 1141685 | H6: VM RI | I6: Virtual Machines | J6: Virtual Machines RI | K6: Standard | L6: 46143 | M6: 46173 | N6: 362 | O6: 1 Hour | P6: IDR | Q6: MC_RG-KAWISTA_KAWISTA_SOUTHEASTASIA | R6: aks-monitoring-32215719-vmss | S6: southeastasia | T6: { "Organization Name": "PT Nawa Darsana Teknologi", "Publisher": "Microsoft", "Publisher Customer ID": "346fa229-7c19-44ef-85c6-29e00edf66cf", "Unit Price": "0.0", "ERP": "0.0", "BenefitType": "Charge", "aks-managed-consolidated-additional-properties": "52cf526e-4970-11f1-a96a-06040b0291ed", "aks-managed-creationSource": "vmssclient-aks-monitoring-32215719-vmss", "aks-managed-enable-imds-restriction": "False", "aks-managed-kubeletIdentityClientID": "b38ce40c-e81b-400c-9fad-e2cad8fa99ce", "aks-managed-operationID": "86ba7f28-cb17-4d54-939c-b70c7263a743", "aks-managed-orchestrator": "Kubernetes:1.33.5", "aks-managed-poolName": "monitoring", "aks-managed-resourceNameSuffix": "51599822.0", "aks-managed-ssh-access": "LocalUser", "compute.aks.billing": "linux", "purpose": "monitoring" } | U6: Organization Name=PT Nawa Darsana Teknologi; Publisher=Microsoft; Publisher Customer ID=346fa229-7c19-44ef-85c6-29e00edf66cf; Unit Price=0.0; ERP=0.0; BenefitType=Charge; aks-managed-consolidated-additional-properties=52cf526e-4970-11f1-a96a-06040b0291ed; aks-managed-creationSource=vmssclient-aks-monitoring-32215719-vmss; aks-managed-enable-imds-restriction=False; aks-managed-kubeletIdentityClientID=b38ce40c-e81b-400c-9fad-e2cad8fa99ce; aks-managed-operationID=86ba7f28-cb17-4d54-939c-b70c7263a743; aks-managed-orchestrator=Kubernetes:1.33.5; aks-managed-poolName=monitoring; aks-managed-resourceNameSuffix=51599822.0; aks-managed-ssh-access=LocalUser; compute.aks.billing=linux; purpose=monitoring | V6: 17 | W6: 0
A7: May | B7: Microsoft CSP Azure Plan | C7: Divisi Inovasi | D7: divisiinovasi.onmicrosoft.com | E7: a4cdaa2e-caa7-440f-b849-928a3ceb7e31 | F7: AzureCSP_DivisiInovasi | G7: 1141685 | H7: VM RI | I7: Virtual Machines | J7: Virtual Machines RI | K7: Standard | L7: 46143 | M7: 46173 | N7: 136 | O7: 1 Hour | P7: IDR | Q7: MC_RG-KAWISTA_KAWISTA_SOUTHEASTASIA | R7: aks-systemeph-20273592-vmss | S7: southeastasia | T7: { "Organization Name": "PT Nawa Darsana Teknologi", "Publisher": "Microsoft", "Publisher Customer ID": "346fa229-7c19-44ef-85c6-29e00edf66cf", "Unit Price": "0.0", "ERP": "0.0", "BenefitType": "Charge", "aks-managed-consolidated-additional-properties": "f5c47d0e-ea10-11f0-bb73-46f542307458", "aks-managed-creationSource": "vmssclient-aks-systemeph-20273592-vmss", "aks-managed-enable-imds-restriction": "False", "aks-managed-kubeletIdentityClientID": "b38ce40c-e81b-400c-9fad-e2cad8fa99ce", "aks-managed-operationID": "f9f43a0e-192e-40b3-86c7-3b6c05776ad9", "aks-managed-orchestrator": "Kubernetes:1.33.5", "aks-managed-poolName": "systemeph", "aks-managed-resourceNameSuffix": "51599822.0", "aks-managed-ssh-access": "LocalUser" } | U7: Organization Name=PT Nawa Darsana Teknologi; Publisher=Microsoft; Publisher Customer ID=346fa229-7c19-44ef-85c6-29e00edf66cf; Unit Price=0.0; ERP=0.0; BenefitType=Charge; aks-managed-consolidated-additional-properties=f5c47d0e-ea10-11f0-bb73-46f542307458; aks-managed-creationSource=vmssclient-aks-systemeph-20273592-vmss; aks-managed-enable-imds-restriction=False; aks-managed-kubeletIdentityClientID=b38ce40c-e81b-400c-9fad-e2cad8fa99ce; aks-managed-operationID=f9f43a0e-192e-40b3-86c7-3b6c05776ad9; aks-managed-orchestrator=Kubernetes:1.33.5; aks-managed-poolName=systemeph; aks-managed-resourceNameSuffix=51599822.0; aks-managed-ssh-access=LocalUser | V7: 15 | W7: 0
A8: May | B8: Microsoft CSP Azure Plan | C8: Divisi Inovasi | D8: divisiinovasi.onmicrosoft.com | E8: a4cdaa2e-caa7-440f-b849-928a3ceb7e31 | F8: AzureCSP_DivisiInovasi | G8: 1141685 | H8: Virtual Network Private Link | I8: Virtual Network | J8: Virtual Network Private Link | K8: Standard Data Processed - Egress | L8: 46143 | M8: 46173 | N8: 0.24533241 | O8: 1 GB | P8: IDR | Q8: mc_rg-kawista_kawista_southeastasia | R8: aks-systemeph-20273592-vmss | S8: southeastasia | T8: { "Organization Name": "PT Nawa Darsana Teknologi", "Publisher": "Microsoft", "Publisher Customer ID": "346fa229-7c19-44ef-85c6-29e00edf66cf", "Unit Price": "153.5247999978", "ERP": "42.800690504", "BenefitType": "Charge", "aks-managed-consolidated-additional-properties": "f5c47d0e-ea10-11f0-bb73-46f542307458", "aks-managed-creationSource": "vmssclient-aks-systemeph-20273592-vmss", "aks-managed-enable-imds-restriction": "False", "aks-managed-kubeletIdentityClientID": "b38ce40c-e81b-400c-9fad-e2cad8fa99ce", "aks-managed-operationID": "f9f43a0e-192e-40b3-86c7-3b6c05776ad9", "aks-managed-orchestrator": "Kubernetes:1.33.5", "aks-managed-poolName": "systemeph", "aks-managed-resourceNameSuffix": "51599822.0", "aks-managed-ssh-access": "LocalUser" } | U8: Organization Name=PT Nawa Darsana Teknologi; Publisher=Microsoft; Publisher Customer ID=346fa229-7c19-44ef-85c6-29e00edf66cf; Unit Price=153.5247999978; ERP=42.800690504; BenefitType=Charge; aks-managed-consolidated-additional-properties=f5c47d0e-ea10-11f0-bb73-46f542307458; aks-managed-creationSource=vmssclient-aks-systemeph-20273592-vmss; aks-managed-enable-imds-restriction=False; aks-managed-kubeletIdentityClientID=b38ce40c-e81b-400c-9fad-e2cad8fa99ce; aks-managed-operationID=f9f43a0e-192e-40b3-86c7-3b6c05776ad9; aks-managed-orchestrator=Kubernetes:1.33.5; aks-managed-poolName=systemeph; aks-managed-resourceNameSuffix=51599822.0; aks-managed-ssh-access=LocalUser | V8: 15 | W8: 42.804609
A9: May | B9: Microsoft CSP Azure Plan | C9: Divisi Inovasi | D9: divisiinovasi.onmicrosoft.com | E9: a4cdaa2e-caa7-440f-b849-928a3ceb7e31 | F9: AzureCSP_DivisiInovasi | G9: 1141685 | H9: Dv3 Series VM | I9: Virtual Machines | J9: Virtual Machines Dv3 Series | K9: D2 v3/D2s v3 | L9: 46143 | M9: 46173 | N9: 1.21675 | O9: 1 Hour | P9: IDR | Q9: MC_RG-KAWISTA_KAWISTA_SOUTHEASTASIA | R9: aks-systemeph-20273592-vmss | S9: southeastasia | T9: { "Organization Name": "PT Nawa Darsana Teknologi", "Publisher": "Microsoft", "Publisher Customer ID": "346fa229-7c19-44ef-85c6-29e00edf66cf", "Unit Price": "1919.06", "ERP": "2653.4275625", "BenefitType": "Charge", "aks-managed-consolidated-additional-properties": "52cf8ebc-4970-11f1-a96a-06040b0291ed", "aks-managed-creationSource": "vmssclient-aks-systemeph-20273592-vmss", "aks-managed-enable-imds-restriction": "False", "aks-managed-kubeletIdentityClientID": "b38ce40c-e81b-400c-9fad-e2cad8fa99ce", "aks-managed-operationID": "86ba7f28-cb17-4d54-939c-b70c7263a743", "aks-managed-orchestrator": "Kubernetes:1.33.5", "aks-managed-poolName": "systemeph", "aks-managed-resourceNameSuffix": "51599822.0", "aks-managed-ssh-access": "LocalUser", "compute.aks.billing": "linux" } | U9: Organization Name=PT Nawa Darsana Teknologi; Publisher=Microsoft; Publisher Customer ID=346fa229-7c19-44ef-85c6-29e00edf66cf; Unit Price=1919.06; ERP=2653.4275625; BenefitType=Charge; aks-managed-consolidated-additional-properties=52cf8ebc-4970-11f1-a96a-06040b0291ed; aks-managed-creationSource=vmssclient-aks-systemeph-20273592-vmss; aks-managed-enable-imds-restriction=False; aks-managed-kubeletIdentityClientID=b38ce40c-e81b-400c-9fad-e2cad8fa99ce; aks-managed-operationID=86ba7f28-cb17-4d54-939c-b70c7263a743; aks-managed-orchestrator=Kubernetes:1.33.5; aks-managed-poolName=systemeph; aks-managed-resourceNameSuffix=51599822.0; aks-managed-ssh-access=LocalUser; compute.aks.billing=linux | V9: 16 | W9: 2653.4263
A10: May | B10: Microsoft CSP Azure Plan | C10: Divisi Inovasi | D10: divisiinovasi.onmicrosoft.com | E10: a4cdaa2e-caa7-440f-b849-928a3ceb7e31 | F10: AzureCSP_DivisiInovasi | G10: 1141685 | H10: SQL DB Single/Elastic Pool GP-SQL Licen | I10: SQL Database | J10: SQL Database Single/Elastic Pool General Purpose - SQL License | K10: vCore | L10: 46143 | M10: 46173 | N10: 434 | O10: 1 Hour | P10: IDR | Q10: RG-KAWISTA | R10: kemangkon | S10: southeastasia | T10: { "Organization Name": "PT Nawa Darsana Teknologi", "Publisher": "Microsoft", "Publisher Customer ID": "346fa229-7c19-44ef-85c6-29e00edf66cf", "Unit Price": "1534.72601568", "ERP": "756898.966824", "BenefitType": "Charge" } | U10: Organization Name=PT Nawa Darsana Teknologi; Publisher=Microsoft; Publisher Customer ID=346fa229-7c19-44ef-85c6-29e00edf66cf; Unit Price=1534.72601568; ERP=756898.966824; BenefitType=Charge | V10: 6 | W10: 756898.97
A11: May | B11: Microsoft CSP Azure Plan | C11: Divisi Inovasi | D11: divisiinovasi.onmicrosoft.com | E11: a4cdaa2e-caa7-440f-b849-928a3ceb7e31 | F11: AzureCSP_DivisiInovasi | G11: 1141685 | H11: Service Bus | I11: Service Bus | J11: Service Bus | K11: Standard Messaging Operations | L11: 46143 | M11: 46173 | N11: 0.000348 | O11: 1M | P11: IDR | Q11: RG-KAWISTA | R11: moschatuhub | S11: southeastasia | T11: { "Organization Name": "PT Nawa Darsana Teknologi", "Publisher": "Microsoft", "Publisher Customer ID": "346fa229-7c19-44ef-85c6-29e00edf66cf", "Unit Price": "0.0", "ERP": "4.8569664", "BenefitType": "Charge" } | U11: Organization Name=PT Nawa Darsana Teknologi; Publisher=Microsoft; Publisher Customer ID=346fa229-7c19-44ef-85c6-29e00edf66cf; Unit Price=0.0; ERP=4.8569664; BenefitType=Charge | V11: 6 | W11: 0
A12: May | B12: Microsoft CSP Azure Plan | C12: Divisi Inovasi | D12: divisiinovasi.onmicrosoft.com | E12: a4cdaa2e-caa7-440f-b849-928a3ceb7e31 | F12: AzureCSP_DivisiInovasi | G12: 1141685 | H12: SQL DB Sgl/El Pool PITR Backup Storage | I12: SQL Database | J12: SQL Database Single/Elastic Pool PITR Backup Storage | K12: RA-GRS Data Stored | L12: 46143 | M12: 46173 | N12: 14.420875 | O12: 1 GB/Month | P12: IDR | Q12: RG-KAWISTA | R12: kemangkon | S12: southeastasia | T12: { "Organization Name": "PT Nawa Darsana Teknologi", "Publisher": "Microsoft", "Publisher Customer ID": "346fa229-7c19-44ef-85c6-29e00edf66cf", "Unit Price": "3684.5951999998", "ERP": "60380.7796679516", "BenefitType": "Charge" } | U12: Organization Name=PT Nawa Darsana Teknologi; Publisher=Microsoft; Publisher Customer ID=346fa229-7c19-44ef-85c6-29e00edf66cf; Unit Price=3684.5951999998; ERP=60380.7796679516; BenefitType=Charge | V12: 6 | W12: 60380.776
A13: May | B13: Microsoft CSP Azure Plan | C13: Divisi Inovasi | D13: divisiinovasi.onmicrosoft.com | E13: a4cdaa2e-caa7-440f-b849-928a3ceb7e31 | F13: AzureCSP_DivisiInovasi | G13: 1141685 | H13: Virtual Network Private Link | I13: Virtual Network | J13: Virtual Network Private Link | K13: Standard Private Endpoint | L13: 46143 | M13: 46173 | N13: 744 | O13: 1 Hour | P13: IDR | Q13: rg-kawista | R13: aks-yellow-to-database-kemangkon | S13: southeastasia | T13: { "Organization Name": "PT Nawa Darsana Teknologi", "Publisher": "Microsoft", "Publisher Customer ID": "346fa229-7c19-44ef-85c6-29e00edf66cf", "Unit Price": "153.5248", "ERP": "129798.24", "BenefitType": "Charge", "San Marino": "San Marino" } | U13: Organization Name=PT Nawa Darsana Teknologi; Publisher=Microsoft; Publisher Customer ID=346fa229-7c19-44ef-85c6-29e00edf66cf; Unit Price=153.5248; ERP=129798.24; BenefitType=Charge; San Marino=San Marino | V13: 7 | W13: 129798.24
... A215: May | B215: Microsoft CSP Azure Plan | C215: Divisi Inovasi | D215: divisiinovasi.onmicrosoft.com | E215: a4cdaa2e-caa7-440f-b849-928a3ceb7e31 | F215: AzureCSP_DivisiInovasi | G215: 1141685 | H215: Blob Storage | I215: Storage | J215: Blob Storage | K215: Hot LRS Write Operations | L215: 46173 | M215: 46173 | N215: 1143.22 | O215: 10K | P215: IDR | Q215: rg-secops | R215: secopsdinov | S215: indonesiacentral | T215: { "Organization Name": "PT Nawa Darsana Teknologi", "Publisher": "Microsoft", "Publisher Customer ID": "346fa229-7c19-44ef-85c6-29e00edf66cf", "Unit Price": "108,92", "ERP": "11205276.021938255", "BenefitType": "Charge", "Environment": "Security-Operasional", "purpose": "Logs Google SecOps" } | U215: Organization Name=PT Nawa Darsana Teknologi; Publisher=Microsoft; Publisher Customer ID=346fa229-7c19-44ef-85c6-29e00edf66cf; Unit Price=108,92;BenefitType=Charge; Environment=Security-Operasional; purpose=Logs Google SecOps | V215: 7 | W215: 29016
A216: May | B216: Microsoft CSP Azure Plan | C216: Divisi Inovasi | D216: divisiinovasi.onmicrosoft.com | E216: a4cdaa2e-caa7-440f-b849-928a3ceb7e31 | F216: AzureCSP_DivisiInovasi | G216: 1141685 | H216: SQL Database Single/ElasticPool General Purpose - Compute Gen5 | I216: =IF(LEFT(K216,9)="Standard_","Reserved Instance Virtual Machine",IF(ISNUMBER(SEARCH("SQL Database Single/ElasticPool General Purpose - Compute Gen5",K216)),"Reserved Instance SQL Database",IF(ISNUMBER(SEARCH("SQL Database SingleDB/Elastic Pool Hyperscale - Compute Gen5",K216)),"Reserved Instance Hyperscale Serverless",IF(ISNUMBER(SEARCH("Azure Database for PostgreSQL Flexible Server General Purpose Ddsv4 Series Compute",K216)),"Reserved Instance PostgreSQL",IF(ISNUMBER(SEARCH("Azure Redis Cache Premium",K216)),"Reserved Instance Redis","Reserved Instance"))))) -> Reserved Instance SQL Database | J216: SQL Database Single/ElasticPool General Purpose - Compute Gen5 | K216: =H216 -> SQL Database Single/ElasticPool General Purpose - Compute Gen5 | L216: 3 Years | M216: 3 Years | N216: =U216 -> 4 | O216: Reserved Instance | P216: IDR | Q216: Reserved Instance | R216: =IF(LEFT(K216,9)="Standard_","Virtual Machine",IF(ISNUMBER(SEARCH("SQL Database Single/ElasticPool General Purpose - Compute Gen5",K216)),"SQL Database",IF(ISNUMBER(SEARCH("SQL Database SingleDB/Elastic Pool Hyperscale - Compute Gen5",K216)),"Hyperscale Serverless",IF(ISNUMBER(SEARCH("Azure Database for PostgreSQL Flexible Server General Purpose Ddsv4 Series Compute",K216)),"PostgreSQL",IF(ISNUMBER(SEARCH("Azure Redis Cache Premium",K216)),"Redis",K216))))) -> SQL Database | S216: southeastasia | T216: Reserved Instance | U216: 4 | V216: 1001385 | W216: =U216*V216 -> 4005540 | X216: MSK
A217: May | B217: Microsoft CSP Azure Plan | C217: Divisi Inovasi | D217: divisiinovasi.onmicrosoft.com | E217: a4cdaa2e-caa7-440f-b849-928a3ceb7e33 | F217: AzureCSP_DivisiInovasi | G217: 1141685 | H217: Standard_D2s_v3 | I217: =IF(LEFT(K217,9)="Standard_","Reserved Instance Virtual Machine",IF(ISNUMBER(SEARCH("SQL Database Single/ElasticPool General Purpose - Compute Gen5",K217)),"Reserved Instance SQL Database",IF(ISNUMBER(SEARCH("SQL Database SingleDB/Elastic Pool Hyperscale - Compute Gen5",K217)),"Reserved Instance Hyperscale Serverless",IF(ISNUMBER(SEARCH("Azure Database for PostgreSQL Flexible Server General Purpose Ddsv4 Series Compute",K217)),"Reserved Instance PostgreSQL",IF(ISNUMBER(SEARCH("Azure Redis Cache Premium",K217)),"Reserved Instance Redis","Reserved Instance"))))) -> Reserved Instance Virtual Machine | J217: Standard_D2s_v3 | K217: =H217 -> Standard_D2s_v3 | L217: 3 Years | M217: 3 Years | N217: =U217 -> 1 | O217: Reserved Instance | P217: IDR | Q217: Reserved Instance | R217: =IF(LEFT(K217,9)="Standard_","Virtual Machine",IF(ISNUMBER(SEARCH("SQL Database Single/ElasticPool General Purpose - Compute Gen5",K217)),"SQL Database",IF(ISNUMBER(SEARCH("SQL Database SingleDB/Elastic Pool Hyperscale - Compute Gen5",K217)),"Hyperscale Serverless",IF(ISNUMBER(SEARCH("Azure Database for PostgreSQL Flexible Server General Purpose Ddsv4 Series Compute",K217)),"PostgreSQL",IF(ISNUMBER(SEARCH("Azure Redis Cache Premium",K217)),"Redis",K217))))) -> Virtual Machine | S217: southeastasia | T217: Reserved Instance | U217: 1 | V217: 565908.75 | W217: =U217*V217 -> 565908.75 | X217: MSK
A218: May | B218: Microsoft CSP Azure Plan | C218: Divisi Inovasi | D218: divisiinovasi.onmicrosoft.com | E218: a4cdaa2e-caa7-440f-b849-928a3ceb7e32 | F218: AzureCSP_DivisiInovasi | G218: 1141685 | H218: Standard_D4s_v3 | I218: =IF(LEFT(K218,9)="Standard_","Reserved Instance Virtual Machine",IF(ISNUMBER(SEARCH("SQL Database Single/ElasticPool General Purpose - Compute Gen5",K218)),"Reserved Instance SQL Database",IF(ISNUMBER(SEARCH("SQL Database SingleDB/Elastic Pool Hyperscale - Compute Gen5",K218)),"Reserved Instance Hyperscale Serverless",IF(ISNUMBER(SEARCH("Azure Database for PostgreSQL Flexible Server General Purpose Ddsv4 Series Compute",K218)),"Reserved Instance PostgreSQL",IF(ISNUMBER(SEARCH("Azure Redis Cache Premium",K218)),"Reserved Instance Redis","Reserved Instance"))))) -> Reserved Instance Virtual Machine | J218: Standard_D4s_v3 | K218: =H218 -> Standard_D4s_v3 | L218: 3 Years | M218: 3 Years | N218: =U218 -> 3 | O218: Reserved Instance | P218: IDR | Q218: Reserved Instance | R218: =IF(LEFT(K218,9)="Standard_","Virtual Machine",IF(ISNUMBER(SEARCH("SQL Database Single/ElasticPool General Purpose - Compute Gen5",K218)),"SQL Database",IF(ISNUMBER(SEARCH("SQL Database SingleDB/Elastic Pool Hyperscale - Compute Gen5",K218)),"Hyperscale Serverless",IF(ISNUMBER(SEARCH("Azure Database for PostgreSQL Flexible Server General Purpose Ddsv4 Series Compute",K218)),"PostgreSQL",IF(ISNUMBER(SEARCH("Azure Redis Cache Premium",K218)),"Redis",K218))))) -> Virtual Machine | S218: southeastasia | T218: Reserved Instance | U218: 3 | V218: 1131817.5 | W218: =U218*V218 -> 3395452.5 | X218: MSK

Sheet Detail_TDM
A1: Period | B1: Agreement Name | C1: Company Name | D1: Tenant Primary Domain | E1: Publisher Subscription ID | F1: Publisher Subscription Name | G1: Product ID | H1: Product Name | I1: Category | J1: Subcategory | K1: Meter Name | L1: Usage Start Date | M1: Usage End Date | N1: Quantity | O1: Unit | P1: Currency | Q1: Resource Group Name | R1: Resource Name | S1: Location | T1: Tags_JSON | U1: Tags_KeyValue | V1: Tags_Count | W1: Total
A2: May | B2: Microsoft CSP Azure Plan | C2: Divisi Inovasi | D2: divisiinovasi.onmicrosoft.com | E2: a4cdaa2e-caa7-440f-b849-928a3ceb7e31 | F2: AzureCSP_DivisiInovasi | G2: 1141685 | H2: Bd Inter-Rgn | I2: Bandwidth | J2: Bandwidth Inter-Region | K2: Intra Continent Data Transfer Out | L2: 46143 | M2: 46173 | N2: 0.0011211513 | O2: 1 GB | P2: IDR | Q2: mc_rg-tdm_toona_southeastasia | R2: aks-systemeph-25557629-vmss | S2: southeastasia | T2: { "Organization Name": "PT Nawa Darsana Teknologi", "Publisher": "Microsoft", "Publisher Customer ID": "346fa229-7c19-44ef-85c6-29e00edf66cf", "Unit Price": "1228.1983993532", "ERP": "1.5647683766", "BenefitType": "Charge", "aks-managed-consolidated-additional-properties": "d61b78a9-ea23-11f0-8033-522e363cd051", "aks-managed-creationSource": "vmssclient-aks-systemeph-25557629-vmss", "aks-managed-enable-imds-restriction": "False", "aks-managed-kubeletIdentityClientID": "fdf0abc0-f11e-4569-a799-c2730280c2f5", "aks-managed-operationID": "84c33ebf-5199-45a4-a28c-7924144cdb1b", "aks-managed-orchestrator": "Kubernetes:1.33.5", "aks-managed-poolName": "systemeph", "aks-managed-resourceNameSuffix": "89105503.0", "aks-managed-ssh-access": "LocalUser" } | U2: Organization Name=PT Nawa Darsana Teknologi; Publisher=Microsoft; Publisher Customer ID=346fa229-7c19-44ef-85c6-29e00edf66cf; Unit Price=1228.1983993532; ERP=1.5647683766; BenefitType=Charge; aks-managed-consolidated-additional-properties=d61b78a9-ea23-11f0-8033-522e363cd051; aks-managed-creationSource=vmssclient-aks-systemeph-25557629-vmss; aks-managed-enable-imds-restriction=False; aks-managed-kubeletIdentityClientID=fdf0abc0-f11e-4569-a799-c2730280c2f5; aks-managed-operationID=84c33ebf-5199-45a4-a28c-7924144cdb1b; aks-managed-orchestrator=Kubernetes:1.33.5; aks-managed-poolName=systemeph; aks-managed-resourceNameSuffix=89105503.0; aks-managed-ssh-access=LocalUser | V2: 15 | W2: 1.5669962
A3: May | B3: Microsoft CSP Azure Plan | C3: Divisi Inovasi | D3: divisiinovasi.onmicrosoft.com | E3: a4cdaa2e-caa7-440f-b849-928a3ceb7e31 | F3: AzureCSP_DivisiInovasi | G3: 1141685 | H3: Rtn Pref: MGN | I3: Bandwidth | J3: Rtn Preference: MGN | K3: Standard Data Transfer Out | L3: 46143 | M3: 46173 | N3: 0.0070725381 | O3: 1 GB | P3: IDR | Q3: mc_rg-tdm_toona_southeastasia | R3: aks-monitoring-32979582-vmss | S3: southeastasia | T3: { "Organization Name": "PT Nawa Darsana Teknologi", "Publisher": "Microsoft", "Publisher Customer ID": "346fa229-7c19-44ef-85c6-29e00edf66cf", "Unit Price": "1683.2971532352", "ERP": "14.806498707", "BenefitType": "Charge", "aks-managed-consolidated-additional-properties": "d61b6f31-ea23-11f0-8033-522e363cd051", "aks-managed-creationSource": "vmssclient-aks-monitoring-32979582-vmss", "aks-managed-enable-imds-restriction": "False", "aks-managed-kubeletIdentityClientID": "fdf0abc0-f11e-4569-a799-c2730280c2f5", "aks-managed-operationID": "84c33ebf-5199-45a4-a28c-7924144cdb1b", "aks-managed-orchestrator": "Kubernetes:1.33.5", "aks-managed-poolName": "monitoring", "aks-managed-resourceNameSuffix": "89105503.0", "aks-managed-ssh-access": "LocalUser", "purpose": "monitoring" } | U3: Organization Name=PT Nawa Darsana Teknologi; Publisher=Microsoft; Publisher Customer ID=346fa229-7c19-44ef-85c6-29e00edf66cf; Unit Price=1683.2971532352; ERP=14.806498707; BenefitType=Charge; aks-managed-consolidated-additional-properties=d61b6f31-ea23-11f0-8033-522e363cd051; aks-managed-creationSource=vmssclient-aks-monitoring-32979582-vmss; aks-managed-enable-imds-restriction=False; aks-managed-kubeletIdentityClientID=fdf0abc0-f11e-4569-a799-c2730280c2f5; aks-managed-operationID=84c33ebf-5199-45a4-a28c-7924144cdb1b; aks-managed-orchestrator=Kubernetes:1.33.5; aks-managed-poolName=monitoring; aks-managed-resourceNameSuffix=89105503.0; aks-managed-ssh-access=LocalUser; purpose=monitoring | V3: 16 | W3: 13.525183
A4: May | B4: Microsoft CSP Azure Plan | C4: Divisi Inovasi | D4: divisiinovasi.onmicrosoft.com | E4: a4cdaa2e-caa7-440f-b849-928a3ceb7e31 | F4: AzureCSP_DivisiInovasi | G4: 1141685 | H4: Rtn Pref: MGN | I4: Bandwidth | J4: Rtn Preference: MGN | K4: Standard Data Transfer Out | L4: 46143 | M4: 46173 | N4: 0.081584966 | O4: 1 GB | P4: IDR | Q4: mc_rg-tdm_toona_southeastasia | R4: aks-usereph2-18836599-vmss | S4: southeastasia | T4: { "Organization Name": "PT Nawa Darsana Teknologi", "Publisher": "Microsoft", "Publisher Customer ID": "346fa229-7c19-44ef-85c6-29e00edf66cf", "Unit Price": "1733.7939073423", "ERP": "170.7997559268", "BenefitType": "Charge", "aks-managed-consolidated-additional-properties": "d61b73f0-ea23-11f0-8033-522e363cd051", "aks-managed-creationSource": "vmssclient-aks-usereph2-18836599-vmss", "aks-managed-enable-imds-restriction": "False", "aks-managed-kubeletIdentityClientID": "fdf0abc0-f11e-4569-a799-c2730280c2f5", "aks-managed-operationID": "84c33ebf-5199-45a4-a28c-7924144cdb1b", "aks-managed-orchestrator": "Kubernetes:1.33.5", "aks-managed-poolName": "usereph2", "aks-managed-resourceNameSuffix": "89105503.0", "aks-managed-ssh-access": "LocalUser" } | U4: Organization Name=PT Nawa Darsana Teknologi; Publisher=Microsoft; Publisher Customer ID=346fa229-7c19-44ef-85c6-29e00edf66cf; Unit Price=1733.7939073423; ERP=170.7997559268; BenefitType=Charge; aks-managed-consolidated-additional-properties=d61b73f0-ea23-11f0-8033-522e363cd051; aks-managed-creationSource=vmssclient-aks-usereph2-18836599-vmss; aks-managed-enable-imds-restriction=False; aks-managed-kubeletIdentityClientID=fdf0abc0-f11e-4569-a799-c2730280c2f5; aks-managed-operationID=84c33ebf-5199-45a4-a28c-7924144cdb1b; aks-managed-orchestrator=Kubernetes:1.33.5; aks-managed-poolName=usereph2; aks-managed-resourceNameSuffix=89105503.0; aks-managed-ssh-access=LocalUser | V4: 15 | W4: 160.74152
A5: May | B5: Microsoft CSP Azure Plan | C5: Divisi Inovasi | D5: divisiinovasi.onmicrosoft.com | E5: a4cdaa2e-caa7-440f-b849-928a3ceb7e31 | F5: AzureCSP_DivisiInovasi | G5: 1141685 | H5: VM RI | I5: Virtual Machines | J5: Virtual Machines RI | K5: Standard | L5: 46143 | M5: 46173 | N5: 1.966704 | O5: 1 Hour | P5: IDR | Q5: MC_RG-TDM_TOONA_SOUTHEASTASIA | R5: aks-systemeph-25557629-vmss | S5: southeastasia | T5: { "Organization Name": "PT Nawa Darsana Teknologi", "Publisher": "Microsoft", "Publisher Customer ID": "346fa229-7c19-44ef-85c6-29e00edf66cf", "Unit Price": "0.0", "ERP": "0.0", "BenefitType": "Charge", "aks-managed-consolidated-additional-properties": "d711b86a-4982-11f1-ad6b-a26c3881ebea", "aks-managed-creationSource": "vmssclient-aks-systemeph-25557629-vmss", "aks-managed-enable-imds-restriction": "False", "aks-managed-kubeletIdentityClientID": "fdf0abc0-f11e-4569-a799-c2730280c2f5", "aks-managed-operationID": "53628e7f-f877-4acc-a7b6-c32cb062c32e", "aks-managed-orchestrator": "Kubernetes:1.33.5", "aks-managed-poolName": "systemeph", "aks-managed-resourceNameSuffix": "89105503.0", "aks-managed-ssh-access": "LocalUser", "compute.aks.billing": "linux" } | U5: Organization Name=PT Nawa Darsana Teknologi; Publisher=Microsoft; Publisher Customer ID=346fa229-7c19-44ef-85c6-29e00edf66cf; Unit Price=0.0; ERP=0.0; BenefitType=Charge; aks-managed-consolidated-additional-properties=d711b86a-4982-11f1-ad6b-a26c3881ebea; aks-managed-creationSource=vmssclient-aks-systemeph-25557629-vmss; aks-managed-enable-imds-restriction=False; aks-managed-kubeletIdentityClientID=fdf0abc0-f11e-4569-a799-c2730280c2f5; aks-managed-operationID=53628e7f-f877-4acc-a7b6-c32cb062c32e; aks-managed-orchestrator=Kubernetes:1.33.5; aks-managed-poolName=systemeph; aks-managed-resourceNameSuffix=89105503.0; aks-managed-ssh-access=LocalUser; compute.aks.billing=linux | V5: 16 | W5: 0
A6: May | B6: Microsoft CSP Azure Plan | C6: Divisi Inovasi | D6: divisiinovasi.onmicrosoft.com | E6: a4cdaa2e-caa7-440f-b849-928a3ceb7e31 | F6: AzureCSP_DivisiInovasi | G6: 1141685 | H6: Bd Inter-Rgn | I6: Bandwidth | J6: Bandwidth Inter-Region | K6: Inter Continent Data Transfer Out - ASIA To Any | L6: 46143 | M6: 46173 | N6: 1.25719e-05 | O6: 1 GB | P6: IDR | Q6: mc_rg-tdm_toona_southeastasia | R6: aks-usereph2-18836599-vmss | S6: southeastasia | T6: { "Organization Name": "PT Nawa Darsana Teknologi", "Publisher": "Microsoft", "Publisher Customer ID": "346fa229-7c19-44ef-85c6-29e00edf66cf", "Unit Price": "1228.1983948827", "ERP": "0.0175454422", "BenefitType": "Charge", "aks-managed-consolidated-additional-properties": "d7116c53-4982-11f1-ad6b-a26c3881ebea", "aks-managed-creationSource": "vmssclient-aks-usereph2-18836599-vmss", "aks-managed-enable-imds-restriction": "False", "aks-managed-kubeletIdentityClientID": "fdf0abc0-f11e-4569-a799-c2730280c2f5", "aks-managed-operationID": "53628e7f-f877-4acc-a7b6-c32cb062c32e", "aks-managed-orchestrator": "Kubernetes:1.33.5", "aks-managed-poolName": "usereph2", "aks-managed-resourceNameSuffix": "89105503.0", "aks-managed-ssh-access": "LocalUser", "compute.aks.billing": "linux" } | U6: Organization Name=PT Nawa Darsana Teknologi; Publisher=Microsoft; Publisher Customer ID=346fa229-7c19-44ef-85c6-29e00edf66cf; Unit Price=1228.1983948827; ERP=0.0175454422; BenefitType=Charge; aks-managed-consolidated-additional-properties=d7116c53-4982-11f1-ad6b-a26c3881ebea; aks-managed-creationSource=vmssclient-aks-usereph2-18836599-vmss; aks-managed-enable-imds-restriction=False; aks-managed-kubeletIdentityClientID=fdf0abc0-f11e-4569-a799-c2730280c2f5; aks-managed-operationID=53628e7f-f877-4acc-a7b6-c32cb062c32e; aks-managed-orchestrator=Kubernetes:1.33.5; aks-managed-poolName=usereph2; aks-managed-resourceNameSuffix=89105503.0; aks-managed-ssh-access=LocalUser; compute.aks.billing=linux | V6: 16 | W6: 0.015440816
A7: May | B7: Microsoft CSP Azure Plan | C7: Divisi Inovasi | D7: divisiinovasi.onmicrosoft.com | E7: a4cdaa2e-caa7-440f-b849-928a3ceb7e31 | F7: AzureCSP_DivisiInovasi | G7: 1141685 | H7: Bd Inter-Rgn | I7: Bandwidth | J7: Bandwidth Inter-Region | K7: Inter Continent Data Transfer Out - ASIA To Any | L7: 46143 | M7: 46173 | N7: 1.7705463 | O7: 1 GB | P7: IDR | Q7: mc_rg-tdm_toona_southeastasia | R7: aks-usereph2-18836599-vmss | S7: southeastasia | T7: { "Organization Name": "PT Nawa Darsana Teknologi", "Publisher": "Microsoft", "Publisher Customer ID": "346fa229-7c19-44ef-85c6-29e00edf66cf", "Unit Price": "1228.1983999987", "ERP": "2471.1160093906", "BenefitType": "Charge", "aks-managed-consolidated-additional-properties": "d7116c53-4982-11f1-ad6b-a26c3881ebea", "aks-managed-creationSource": "vmssclient-aks-usereph2-18836599-vmss", "aks-managed-enable-imds-restriction": "False", "aks-managed-kubeletIdentityClientID": "fdf0abc0-f11e-4569-a799-c2730280c2f5", "aks-managed-operationID": "53628e7f-f877-4acc-a7b6-c32cb062c32e", "aks-managed-orchestrator": "Kubernetes:1.33.5", "aks-managed-poolName": "usereph2", "aks-managed-resourceNameSuffix": "89105503.0", "aks-managed-ssh-access": "LocalUser", "compute.aks.billing": "linux" } | U7: Organization Name=PT Nawa Darsana Teknologi; Publisher=Microsoft; Publisher Customer ID=346fa229-7c19-44ef-85c6-29e00edf66cf; Unit Price=1228.1983999987; ERP=2471.1160093906; BenefitType=Charge; aks-managed-consolidated-additional-properties=d7116c53-4982-11f1-ad6b-a26c3881ebea; aks-managed-creationSource=vmssclient-aks-usereph2-18836599-vmss; aks-managed-enable-imds-restriction=False; aks-managed-kubeletIdentityClientID=fdf0abc0-f11e-4569-a799-c2730280c2f5; aks-managed-operationID=53628e7f-f877-4acc-a7b6-c32cb062c32e; aks-managed-orchestrator=Kubernetes:1.33.5; aks-managed-poolName=usereph2; aks-managed-resourceNameSuffix=89105503.0; aks-managed-ssh-access=LocalUser; compute.aks.billing=linux | V7: 16 | W7: 2471.1121
A8: May | B8: Microsoft CSP Azure Plan | C8: Divisi Inovasi | D8: divisiinovasi.onmicrosoft.com | E8: a4cdaa2e-caa7-440f-b849-928a3ceb7e31 | F8: AzureCSP_DivisiInovasi | G8: 1141685 | H8: Logic Apps | I8: Logic Apps | J8: Logic Apps | K8: Consumption Built-in Actions | L8: 46143 | M8: 46173 | N8: 414 | O8: 1 | P8: IDR | Q8: RG-TDM | R8: CURL-API-TDM | S8: indonesiacentral | T8: { "Organization Name": "PT Nawa Darsana Teknologi", "Publisher": "Microsoft", "Publisher Customer ID": "346fa229-7c19-44ef-85c6-29e00edf66cf", "Unit Price": "0.44522192", "ERP": "209.456676", "BenefitType": "Charge" } | U8: Organization Name=PT Nawa Darsana Teknologi; Publisher=Microsoft; Publisher Customer ID=346fa229-7c19-44ef-85c6-29e00edf66cf; Unit Price=0.44522192; ERP=209.456676; BenefitType=Charge | V8: 6 | W8: 209.45187
A9: May | B9: Microsoft CSP Azure Plan | C9: Divisi Inovasi | D9: divisiinovasi.onmicrosoft.com | E9: a4cdaa2e-caa7-440f-b849-928a3ceb7e31 | F9: AzureCSP_DivisiInovasi | G9: 1141685 | H9: Virtual Network Private Link | I9: Virtual Network | J9: Virtual Network Private Link | K9: Standard Private Endpoint | L9: 46143 | M9: 46173 | N9: 744 | O9: 1 Hour | P9: IDR | Q9: rg-tdm | R9: sql-tdm-to-aks-salvia-private-endpoint | S9: southeastasia | T9: { "Organization Name": "PT Nawa Darsana Teknologi", "Publisher": "Microsoft", "Publisher Customer ID": "346fa229-7c19-44ef-85c6-29e00edf66cf", "Unit Price": "153.5248", "ERP": "129798.24", "BenefitType": "Charge", "TDM": "TDM" } | U9: Organization Name=PT Nawa Darsana Teknologi; Publisher=Microsoft; Publisher Customer ID=346fa229-7c19-44ef-85c6-29e00edf66cf; Unit Price=153.5248; ERP=129798.24; BenefitType=Charge; TDM=TDM | V9: 7 | W9: 129798.24
A10: May | B10: Microsoft CSP Azure Plan | C10: Divisi Inovasi | D10: divisiinovasi.onmicrosoft.com | E10: a4cdaa2e-caa7-440f-b849-928a3ceb7e31 | F10: AzureCSP_DivisiInovasi | G10: 1141685 | H10: Azure DNS | I10: Azure DNS | J10: Azure DNS | K10: Private Queries | L10: 46143 | M10: 46173 | N10: 0.128726 | O10: 1M | P10: IDR | Q10: rg-tdm | R10: privatelink.database.windows.net | S10: global | T10: { "Organization Name": "PT Nawa Darsana Teknologi", "Publisher": "Microsoft", "Publisher Customer ID": "346fa229-7c19-44ef-85c6-29e00edf66cf", "Unit Price": "6140.9919999565", "ERP": "898.3015166554", "BenefitType": "Charge", "TDM": "CE" } | U10: Organization Name=PT Nawa Darsana Teknologi; Publisher=Microsoft; Publisher Customer ID=346fa229-7c19-44ef-85c6-29e00edf66cf; Unit Price=6140.9919999565; ERP=898.3015166554; BenefitType=Charge; TDM=CE | V10: 7 | W10: 898.30534
A11: May | B11: Microsoft CSP Azure Plan | C11: Divisi Inovasi | D11: divisiinovasi.onmicrosoft.com | E11: a4cdaa2e-caa7-440f-b849-928a3ceb7e31 | F11: AzureCSP_DivisiInovasi | G11: 1141685 | H11: VM RI | I11: Virtual Machines | J11: Virtual Machines RI | K11: Standard | L11: 46143 | M11: 46173 | N11: 0.216671 | O11: 1 Hour | P11: IDR | Q11: MC_RG-TDM_TOONA_SOUTHEASTASIA | R11: aks-monitoring-32979582-vmss | S11: southeastasia | T11: { "Organization Name": "PT Nawa Darsana Teknologi", "Publisher": "Microsoft", "Publisher Customer ID": "346fa229-7c19-44ef-85c6-29e00edf66cf", "Unit Price": "0.0", "ERP": "0.0", "BenefitType": "Charge", "aks-managed-consolidated-additional-properties": "d7111e65-4982-11f1-ad6b-a26c3881ebea", "aks-managed-creationSource": "vmssclient-aks-monitoring-32979582-vmss", "aks-managed-enable-imds-restriction": "False", "aks-managed-kubeletIdentityClientID": "fdf0abc0-f11e-4569-a799-c2730280c2f5", "aks-managed-operationID": "53628e7f-f877-4acc-a7b6-c32cb062c32e", "aks-managed-orchestrator": "Kubernetes:1.33.5", "aks-managed-poolName": "monitoring", "aks-managed-resourceNameSuffix": "89105503.0", "aks-managed-ssh-access": "LocalUser", "compute.aks.billing": "linux", "purpose": "monitoring" } | U11: Organization Name=PT Nawa Darsana Teknologi; Publisher=Microsoft; Publisher Customer ID=346fa229-7c19-44ef-85c6-29e00edf66cf; Unit Price=0.0; ERP=0.0; BenefitType=Charge; aks-managed-consolidated-additional-properties=d7111e65-4982-11f1-ad6b-a26c3881ebea; aks-managed-creationSource=vmssclient-aks-monitoring-32979582-vmss; aks-managed-enable-imds-restriction=False; aks-managed-kubeletIdentityClientID=fdf0abc0-f11e-4569-a799-c2730280c2f5; aks-managed-operationID=53628e7f-f877-4acc-a7b6-c32cb062c32e; aks-managed-orchestrator=Kubernetes:1.33.5; aks-managed-poolName=monitoring; aks-managed-resourceNameSuffix=89105503.0; aks-managed-ssh-access=LocalUser; compute.aks.billing=linux; purpose=monitoring | V11: 17 | W11: 0
A12: May | B12: Microsoft CSP Azure Plan | C12: Divisi Inovasi | D12: divisiinovasi.onmicrosoft.com | E12: a4cdaa2e-caa7-440f-b849-928a3ceb7e31 | F12: AzureCSP_DivisiInovasi | G12: 1141685 | H12: VM RI | I12: Virtual Machines | J12: Virtual Machines RI | K12: Standard | L12: 46143 | M12: 46173 | N12: 62 | O12: 1 Hour | P12: IDR | Q12: MC_RG-TDM_TOONA_SOUTHEASTASIA | R12: aks-systemeph-25557629-vmss | S12: southeastasia | T12: { "Organization Name": "PT Nawa Darsana Teknologi", "Publisher": "Microsoft", "Publisher Customer ID": "346fa229-7c19-44ef-85c6-29e00edf66cf", "Unit Price": "0.0", "ERP": "0.0", "BenefitType": "Charge", "aks-managed-consolidated-additional-properties": "d711b86a-4982-11f1-ad6b-a26c3881ebea", "aks-managed-creationSource": "vmssclient-aks-systemeph-25557629-vmss", "aks-managed-enable-imds-restriction": "False", "aks-managed-kubeletIdentityClientID": "fdf0abc0-f11e-4569-a799-c2730280c2f5", "aks-managed-operationID": "53628e7f-f877-4acc-a7b6-c32cb062c32e", "aks-managed-orchestrator": "Kubernetes:1.33.5", "aks-managed-poolName": "systemeph", "aks-managed-resourceNameSuffix": "89105503.0", "aks-managed-ssh-access": "LocalUser", "compute.aks.billing": "linux" } | U12: Organization Name=PT Nawa Darsana Teknologi; Publisher=Microsoft; Publisher Customer ID=346fa229-7c19-44ef-85c6-29e00edf66cf; Unit Price=0.0; ERP=0.0; BenefitType=Charge; aks-managed-consolidated-additional-properties=d711b86a-4982-11f1-ad6b-a26c3881ebea; aks-managed-creationSource=vmssclient-aks-systemeph-25557629-vmss; aks-managed-enable-imds-restriction=False; aks-managed-kubeletIdentityClientID=fdf0abc0-f11e-4569-a799-c2730280c2f5; aks-managed-operationID=53628e7f-f877-4acc-a7b6-c32cb062c32e; aks-managed-orchestrator=Kubernetes:1.33.5; aks-managed-poolName=systemeph; aks-managed-resourceNameSuffix=89105503.0; aks-managed-ssh-access=LocalUser; compute.aks.billing=linux | V12: 16 | W12: 0
A13: May | B13: Microsoft CSP Azure Plan | C13: Divisi Inovasi | D13: divisiinovasi.onmicrosoft.com | E13: a4cdaa2e-caa7-440f-b849-928a3ceb7e31 | F13: AzureCSP_DivisiInovasi | G13: 1141685 | H13: Virtual Network Private Link | I13: Virtual Network | J13: Virtual Network Private Link | K13: Standard Data Processed - Egress | L13: 46143 | M13: 46173 | N13: 0.0027550496 | O13: 1 GB | P13: IDR | Q13: rg-tdm | R13: vpn-access-to-sql-tdm | S13: southeastasia | T13: { "Organization Name": "PT Nawa Darsana Teknologi", "Publisher": "Microsoft", "Publisher Customer ID": "346fa229-7c19-44ef-85c6-29e00edf66cf", "Unit Price": "153.5247997585", "ERP": "0.4806442784", "BenefitType": "Charge", "TDM": "CE" } | U13: Organization Name=PT Nawa Darsana Teknologi; Publisher=Microsoft; Publisher Customer ID=346fa229-7c19-44ef-85c6-29e00edf66cf; Unit Price=153.5247997585; ERP=0.4806442784; BenefitType=Charge; TDM=CE | V13: 7 | W13: 0.48296844
... A246: May | B246: Microsoft CSP Azure Plan | C246: Divisi Inovasi | D246: divisiinovasi.onmicrosoft.com | E246: a4cdaa2e-caa7-440f-b849-928a3ceb7e31 | F246: AzureCSP_DivisiInovasi | G246: 1141685 | H246: Blob Storage | I246: Storage | J246: Blob Storage | K246: Hot LRS Write Operations | L246: 46173 | M246: 46173 | N246: 1143.22 | O246: 10K | P246: IDR | Q246: rg-secops | R246: secopsdinov | S246: indonesiacentral | T246: { "Organization Name": "PT Nawa Darsana Teknologi", "Publisher": "Microsoft", "Publisher Customer ID": "346fa229-7c19-44ef-85c6-29e00edf66cf", "Unit Price": "108,92", "ERP": "11205276.021938255", "BenefitType": "Charge", "Environment": "Security-Operasional", "purpose": "Logs Google SecOps" } | U246: Organization Name=PT Nawa Darsana Teknologi; Publisher=Microsoft; Publisher Customer ID=346fa229-7c19-44ef-85c6-29e00edf66cf; Unit Price=108,92;BenefitType=Charge; Environment=Security-Operasional; purpose=Logs Google SecOps | V246: 7 | W246: 29016
A247: May | B247: Microsoft CSP Azure Plan | C247: Divisi Inovasi | D247: divisiinovasi.onmicrosoft.com | E247: a4cdaa2e-caa7-440f-b849-928a3ceb7e31 | F247: AzureCSP_DivisiInovasi | G247: 1141685 | H247: SQL Database Single/ElasticPool General Purpose - Compute Gen5 | I247: =IF(LEFT(K247,9)="Standard_","Reserved Instance Virtual Machine",IF(ISNUMBER(SEARCH("SQL Database Single/ElasticPool General Purpose - Compute Gen5",K247)),"Reserved Instance SQL Database",IF(ISNUMBER(SEARCH("SQL Database SingleDB/Elastic Pool Hyperscale - Compute Gen5",K247)),"Reserved Instance Hyperscale Serverless",IF(ISNUMBER(SEARCH("Azure Database for PostgreSQL Flexible Server General Purpose Ddsv4 Series Compute",K247)),"Reserved Instance PostgreSQL",IF(ISNUMBER(SEARCH("Azure Redis Cache Premium",K247)),"Reserved Instance Redis","Reserved Instance"))))) -> Reserved Instance SQL Database | J247: SQL Database Single/ElasticPool General Purpose - Compute Gen5 | K247: =H247 -> SQL Database Single/ElasticPool General Purpose - Compute Gen5 | L247: 3 Years | M247: 3 Years | N247: =U247 -> 4 | O247: Reserved Instance | P247: IDR | Q247: Reserved Instance | R247: =IF(LEFT(K247,9)="Standard_","Virtual Machine",IF(ISNUMBER(SEARCH("SQL Database Single/ElasticPool General Purpose - Compute Gen5",K247)),"SQL Database",IF(ISNUMBER(SEARCH("SQL Database SingleDB/Elastic Pool Hyperscale - Compute Gen5",K247)),"Hyperscale Serverless",IF(ISNUMBER(SEARCH("Azure Database for PostgreSQL Flexible Server General Purpose Ddsv4 Series Compute",K247)),"PostgreSQL",IF(ISNUMBER(SEARCH("Azure Redis Cache Premium",K247)),"Redis",K247))))) -> SQL Database | S247: southeastasia | T247: Reserved Instance | U247: 4 | V247: 1001385 | W247: =U247*V247 -> 4005540 | X247: TDM
A248: May | B248: Microsoft CSP Azure Plan | C248: Divisi Inovasi | D248: divisiinovasi.onmicrosoft.com | E248: a4cdaa2e-caa7-440f-b849-928a3ceb7e33 | F248: AzureCSP_DivisiInovasi | G248: 1141685 | H248: Standard_D2s_v3 | I248: =IF(LEFT(K248,9)="Standard_","Reserved Instance Virtual Machine",IF(ISNUMBER(SEARCH("SQL Database Single/ElasticPool General Purpose - Compute Gen5",K248)),"Reserved Instance SQL Database",IF(ISNUMBER(SEARCH("SQL Database SingleDB/Elastic Pool Hyperscale - Compute Gen5",K248)),"Reserved Instance Hyperscale Serverless",IF(ISNUMBER(SEARCH("Azure Database for PostgreSQL Flexible Server General Purpose Ddsv4 Series Compute",K248)),"Reserved Instance PostgreSQL",IF(ISNUMBER(SEARCH("Azure Redis Cache Premium",K248)),"Reserved Instance Redis","Reserved Instance"))))) -> Reserved Instance Virtual Machine | J248: Standard_D2s_v3 | K248: =H248 -> Standard_D2s_v3 | L248: 3 Years | M248: 3 Years | N248: =U248 -> 2 | O248: Reserved Instance | P248: IDR | Q248: Reserved Instance | R248: =IF(LEFT(K248,9)="Standard_","Virtual Machine",IF(ISNUMBER(SEARCH("SQL Database Single/ElasticPool General Purpose - Compute Gen5",K248)),"SQL Database",IF(ISNUMBER(SEARCH("SQL Database SingleDB/Elastic Pool Hyperscale - Compute Gen5",K248)),"Hyperscale Serverless",IF(ISNUMBER(SEARCH("Azure Database for PostgreSQL Flexible Server General Purpose Ddsv4 Series Compute",K248)),"PostgreSQL",IF(ISNUMBER(SEARCH("Azure Redis Cache Premium",K248)),"Redis",K248))))) -> Virtual Machine | S248: southeastasia | T248: Reserved Instance | U248: 2 | V248: 565908.75 | W248: =U248*V248 -> 1131817.5 | X248: TDM
A249: May | B249: Microsoft CSP Azure Plan | C249: Divisi Inovasi | D249: divisiinovasi.onmicrosoft.com | E249: a4cdaa2e-caa7-440f-b849-928a3ceb7e32 | F249: AzureCSP_DivisiInovasi | G249: 1141685 | H249: Standard_D4s_v3 | I249: =IF(LEFT(K249,9)="Standard_","Reserved Instance Virtual Machine",IF(ISNUMBER(SEARCH("SQL Database Single/ElasticPool General Purpose - Compute Gen5",K249)),"Reserved Instance SQL Database",IF(ISNUMBER(SEARCH("SQL Database SingleDB/Elastic Pool Hyperscale - Compute Gen5",K249)),"Reserved Instance Hyperscale Serverless",IF(ISNUMBER(SEARCH("Azure Database for PostgreSQL Flexible Server General Purpose Ddsv4 Series Compute",K249)),"Reserved Instance PostgreSQL",IF(ISNUMBER(SEARCH("Azure Redis Cache Premium",K249)),"Reserved Instance Redis","Reserved Instance"))))) -> Reserved Instance Virtual Machine | J249: Standard_D4s_v3 | K249: =H249 -> Standard_D4s_v3 | L249: 3 Years | M249: 3 Years | N249: =U249 -> 4 | O249: Reserved Instance | P249: IDR | Q249: Reserved Instance | R249: =IF(LEFT(K249,9)="Standard_","Virtual Machine",IF(ISNUMBER(SEARCH("SQL Database Single/ElasticPool General Purpose - Compute Gen5",K249)),"SQL Database",IF(ISNUMBER(SEARCH("SQL Database SingleDB/Elastic Pool Hyperscale - Compute Gen5",K249)),"Hyperscale Serverless",IF(ISNUMBER(SEARCH("Azure Database for PostgreSQL Flexible Server General Purpose Ddsv4 Series Compute",K249)),"PostgreSQL",IF(ISNUMBER(SEARCH("Azure Redis Cache Premium",K249)),"Redis",K249))))) -> Virtual Machine | S249: southeastasia | T249: Reserved Instance | U249: 4 | V249: 1131817.5 | W249: =U249*V249 -> 4527270 | X249: TDM

Sheet Detail_TRIO
A1: Period | B1: Agreement Name | C1: Company Name | D1: Tenant Primary Domain | E1: Publisher Subscription ID | F1: Publisher Subscription Name | G1: Product ID | H1: Product Name | I1: Category | J1: Subcategory | K1: Meter Name | L1: Usage Start Date | M1: Usage End Date | N1: Quantity | O1: Unit | P1: Currency | Q1: Resource Group Name | R1: Resource Name | S1: Location | T1: Tags_JSON | U1: Tags_KeyValue | V1: Tags_Count | W1: Total
A2: May | B2: Microsoft CSP Azure Plan | C2: Divisi Inovasi | D2: divisiinovasi.onmicrosoft.com | E2: a4cdaa2e-caa7-440f-b849-928a3ceb7e31 | F2: AzureCSP_DivisiInovasi | G2: 1141685 | H2: Bd Inter-Rgn | I2: Bandwidth | J2: Bandwidth Inter-Region | K2: Intra Continent Data Transfer Out | L2: 46143 | M2: 46173 | N2: 0.16699077 | O2: 1 GB | P2: IDR | Q2: mc_rg-trio_trevesia_southeastasia | R2: aks-usereph-30630141-vmss | S2: southeastasia | T2: { "Organization Name": "PT Nawa Darsana Teknologi", "Publisher": "Microsoft", "Publisher Customer ID": "346fa229-7c19-44ef-85c6-29e00edf66cf", "Unit Price": "1228.1983999968", "ERP": "233.0656708952", "BenefitType": "Charge", "aks-managed-consolidated-additional-properties": "579c65f5-ea28-11f0-8033-522e363cd051", "aks-managed-creationSource": "vmssclient-aks-usereph-30630141-vmss", "aks-managed-enable-imds-restriction": "False", "aks-managed-kubeletIdentityClientID": "ad57a470-2160-4895-a3aa-9067f7d5fd86", "aks-managed-operationID": "377479e1-a069-4520-bf0c-f2c76549c4e9", "aks-managed-orchestrator": "Kubernetes:1.33.5", "aks-managed-poolName": "usereph", "aks-managed-resourceNameSuffix": "54597921.0", "aks-managed-ssh-access": "LocalUser" } | U2: Organization Name=PT Nawa Darsana Teknologi; Publisher=Microsoft; Publisher Customer ID=346fa229-7c19-44ef-85c6-29e00edf66cf; Unit Price=1228.1983999968; ERP=233.0656708952; BenefitType=Charge; aks-managed-consolidated-additional-properties=579c65f5-ea28-11f0-8033-522e363cd051; aks-managed-creationSource=vmssclient-aks-usereph-30630141-vmss; aks-managed-enable-imds-restriction=False; aks-managed-kubeletIdentityClientID=ad57a470-2160-4895-a3aa-9067f7d5fd86; aks-managed-operationID=377479e1-a069-4520-bf0c-f2c76549c4e9; aks-managed-orchestrator=Kubernetes:1.33.5; aks-managed-poolName=usereph; aks-managed-resourceNameSuffix=54597921.0; aks-managed-ssh-access=LocalUser | V2: 15 | W2: 233.06779
A3: May | B3: Microsoft CSP Azure Plan | C3: Divisi Inovasi | D3: divisiinovasi.onmicrosoft.com | E3: a4cdaa2e-caa7-440f-b849-928a3ceb7e31 | F3: AzureCSP_DivisiInovasi | G3: 1141685 | H3: Bd Inter-Rgn | I3: Bandwidth | J3: Bandwidth Inter-Region | K3: Intra Continent Data Transfer Out | L3: 46143 | M3: 46173 | N3: 0.1724551 | O3: 1 GB | P3: IDR | Q3: mc_rg-trio_trevesia_southeastasia | R3: aks-usereph2-39457383-vmss | S3: southeastasia | T3: { "Organization Name": "PT Nawa Darsana Teknologi", "Publisher": "Microsoft", "Publisher Customer ID": "346fa229-7c19-44ef-85c6-29e00edf66cf", "Unit Price": "1228.198399997", "ERP": "240.692133968", "BenefitType": "Charge", "aks-managed-consolidated-additional-properties": "579c6e6a-ea28-11f0-8033-522e363cd051", "aks-managed-creationSource": "vmssclient-aks-usereph2-39457383-vmss", "aks-managed-enable-imds-restriction": "False", "aks-managed-kubeletIdentityClientID": "ad57a470-2160-4895-a3aa-9067f7d5fd86", "aks-managed-operationID": "377479e1-a069-4520-bf0c-f2c76549c4e9", "aks-managed-orchestrator": "Kubernetes:1.33.5", "aks-managed-poolName": "usereph2", "aks-managed-resourceNameSuffix": "54597921.0", "aks-managed-ssh-access": "LocalUser" } | U3: Organization Name=PT Nawa Darsana Teknologi; Publisher=Microsoft; Publisher Customer ID=346fa229-7c19-44ef-85c6-29e00edf66cf; Unit Price=1228.198399997; ERP=240.692133968; BenefitType=Charge; aks-managed-consolidated-additional-properties=579c6e6a-ea28-11f0-8033-522e363cd051; aks-managed-creationSource=vmssclient-aks-usereph2-39457383-vmss; aks-managed-enable-imds-restriction=False; aks-managed-kubeletIdentityClientID=ad57a470-2160-4895-a3aa-9067f7d5fd86; aks-managed-operationID=377479e1-a069-4520-bf0c-f2c76549c4e9; aks-managed-orchestrator=Kubernetes:1.33.5; aks-managed-poolName=usereph2; aks-managed-resourceNameSuffix=54597921.0; aks-managed-ssh-access=LocalUser | V3: 15 | W3: 240.68908
A4: May | B4: Microsoft CSP Azure Plan | C4: Divisi Inovasi | D4: divisiinovasi.onmicrosoft.com | E4: a4cdaa2e-caa7-440f-b849-928a3ceb7e31 | F4: AzureCSP_DivisiInovasi | G4: 1141685 | H4: VM RI | I4: Virtual Machines | J4: Virtual Machines RI | K4: Standard | L4: 46143 | M4: 46173 | N4: 140 | O4: 1 Hour | P4: IDR | Q4: MC_RG-TRIO_TREVESIA_SOUTHEASTASIA | R4: aks-usereph2-39457383-vmss | S4: southeastasia | T4: { "Organization Name": "PT Nawa Darsana Teknologi", "Publisher": "Microsoft", "Publisher Customer ID": "346fa229-7c19-44ef-85c6-29e00edf66cf", "Unit Price": "0.0", "ERP": "0.0", "BenefitType": "Charge", "aks-managed-consolidated-additional-properties": "579c6e6a-ea28-11f0-8033-522e363cd051", "aks-managed-creationSource": "vmssclient-aks-usereph2-39457383-vmss", "aks-managed-enable-imds-restriction": "False", "aks-managed-kubeletIdentityClientID": "ad57a470-2160-4895-a3aa-9067f7d5fd86", "aks-managed-operationID": "377479e1-a069-4520-bf0c-f2c76549c4e9", "aks-managed-orchestrator": "Kubernetes:1.33.5", "aks-managed-poolName": "usereph2", "aks-managed-resourceNameSuffix": "54597921.0", "aks-managed-ssh-access": "LocalUser" } | U4: Organization Name=PT Nawa Darsana Teknologi; Publisher=Microsoft; Publisher Customer ID=346fa229-7c19-44ef-85c6-29e00edf66cf; Unit Price=0.0; ERP=0.0; BenefitType=Charge; aks-managed-consolidated-additional-properties=579c6e6a-ea28-11f0-8033-522e363cd051; aks-managed-creationSource=vmssclient-aks-usereph2-39457383-vmss; aks-managed-enable-imds-restriction=False; aks-managed-kubeletIdentityClientID=ad57a470-2160-4895-a3aa-9067f7d5fd86; aks-managed-operationID=377479e1-a069-4520-bf0c-f2c76549c4e9; aks-managed-orchestrator=Kubernetes:1.33.5; aks-managed-poolName=usereph2; aks-managed-resourceNameSuffix=54597921.0; aks-managed-ssh-access=LocalUser | V4: 15 | W4: 0
A5: May | B5: Microsoft CSP Azure Plan | C5: Divisi Inovasi | D5: divisiinovasi.onmicrosoft.com | E5: a4cdaa2e-caa7-440f-b849-928a3ceb7e31 | F5: AzureCSP_DivisiInovasi | G5: 1141685 | H5: VM RI | I5: Virtual Machines | J5: Virtual Machines RI | K5: Standard | L5: 46143 | M5: 46173 | N5: 0.983353 | O5: 1 Hour | P5: IDR | Q5: MC_RG-TRIO_TREVESIA_SOUTHEASTASIA | R5: aks-usereph2-39457383-vmss | S5: southeastasia | T5: { "Organization Name": "PT Nawa Darsana Teknologi", "Publisher": "Microsoft", "Publisher Customer ID": "346fa229-7c19-44ef-85c6-29e00edf66cf", "Unit Price": "0.0", "ERP": "0.0", "BenefitType": "Charge", "aks-managed-consolidated-additional-properties": "b15b0c10-4987-11f1-88c5-a2f97c2364ca", "aks-managed-creationSource": "vmssclient-aks-usereph2-39457383-vmss", "aks-managed-enable-imds-restriction": "False", "aks-managed-kubeletIdentityClientID": "ad57a470-2160-4895-a3aa-9067f7d5fd86", "aks-managed-operationID": "58e21fb9-6f1a-42ce-a2e2-ba3be49d997a", "aks-managed-orchestrator": "Kubernetes:1.33.5", "aks-managed-poolName": "usereph2", "aks-managed-resourceNameSuffix": "54597921.0", "aks-managed-ssh-access": "LocalUser", "compute.aks.billing": "linux" } | U5: Organization Name=PT Nawa Darsana Teknologi; Publisher=Microsoft; Publisher Customer ID=346fa229-7c19-44ef-85c6-29e00edf66cf; Unit Price=0.0; ERP=0.0; BenefitType=Charge; aks-managed-consolidated-additional-properties=b15b0c10-4987-11f1-88c5-a2f97c2364ca; aks-managed-creationSource=vmssclient-aks-usereph2-39457383-vmss; aks-managed-enable-imds-restriction=False; aks-managed-kubeletIdentityClientID=ad57a470-2160-4895-a3aa-9067f7d5fd86; aks-managed-operationID=58e21fb9-6f1a-42ce-a2e2-ba3be49d997a; aks-managed-orchestrator=Kubernetes:1.33.5; aks-managed-poolName=usereph2; aks-managed-resourceNameSuffix=54597921.0; aks-managed-ssh-access=LocalUser; compute.aks.billing=linux | V5: 16 | W5: 0
A6: May | B6: Microsoft CSP Azure Plan | C6: Divisi Inovasi | D6: divisiinovasi.onmicrosoft.com | E6: a4cdaa2e-caa7-440f-b849-928a3ceb7e31 | F6: AzureCSP_DivisiInovasi | G6: 1141685 | H6: Bd Inter-Rgn | I6: Bandwidth | J6: Bandwidth Inter-Region | K6: Intra Continent Data Transfer Out | L6: 46143 | M6: 46173 | N6: 1.5495273 | O6: 1 GB | P6: IDR | Q6: mc_rg-trio_trevesia_southeastasia | R6: aks-usereph2-39457383-vmss | S6: southeastasia | T6: { "Organization Name": "PT Nawa Darsana Teknologi", "Publisher": "Microsoft", "Publisher Customer ID": "346fa229-7c19-44ef-85c6-29e00edf66cf", "Unit Price": "1228.1983999989", "ERP": "2162.6442638086", "BenefitType": "Charge", "aks-managed-consolidated-additional-properties": "b15b0c10-4987-11f1-88c5-a2f97c2364ca", "aks-managed-creationSource": "vmssclient-aks-usereph2-39457383-vmss", "aks-managed-enable-imds-restriction": "False", "aks-managed-kubeletIdentityClientID": "ad57a470-2160-4895-a3aa-9067f7d5fd86", "aks-managed-operationID": "58e21fb9-6f1a-42ce-a2e2-ba3be49d997a", "aks-managed-orchestrator": "Kubernetes:1.33.5", "aks-managed-poolName": "usereph2", "aks-managed-resourceNameSuffix": "54597921.0", "aks-managed-ssh-access": "LocalUser", "compute.aks.billing": "linux" } | U6: Organization Name=PT Nawa Darsana Teknologi; Publisher=Microsoft; Publisher Customer ID=346fa229-7c19-44ef-85c6-29e00edf66cf; Unit Price=1228.1983999989; ERP=2162.6442638086; BenefitType=Charge; aks-managed-consolidated-additional-properties=b15b0c10-4987-11f1-88c5-a2f97c2364ca; aks-managed-creationSource=vmssclient-aks-usereph2-39457383-vmss; aks-managed-enable-imds-restriction=False; aks-managed-kubeletIdentityClientID=ad57a470-2160-4895-a3aa-9067f7d5fd86; aks-managed-operationID=58e21fb9-6f1a-42ce-a2e2-ba3be49d997a; aks-managed-orchestrator=Kubernetes:1.33.5; aks-managed-poolName=usereph2; aks-managed-resourceNameSuffix=54597921.0; aks-managed-ssh-access=LocalUser; compute.aks.billing=linux | V6: 16 | W6: 2162.647
A7: May | B7: Microsoft CSP Azure Plan | C7: Divisi Inovasi | D7: divisiinovasi.onmicrosoft.com | E7: a4cdaa2e-caa7-440f-b849-928a3ceb7e31 | F7: AzureCSP_DivisiInovasi | G7: 1141685 | H7: Rtn Pref: MGN | I7: Bandwidth | J7: Rtn Preference: MGN | K7: Standard Data Transfer Out | L7: 46143 | M7: 46173 | N7: 2.7962e-05 | O7: 1 GB | P7: IDR | Q7: mc_rg-trio_trevesia_southeastasia | R7: aks-systemeph-21043143-vmss | S7: southeastasia | T7: { "Organization Name": "PT Nawa Darsana Teknologi", "Publisher": "Microsoft", "Publisher Customer ID": "346fa229-7c19-44ef-85c6-29e00edf66cf", "Unit Price": "1842.2975961334", "ERP": "0.0585383084", "BenefitType": "Charge", "aks-managed-consolidated-additional-properties": "b15ab5a7-4987-11f1-88c5-a2f97c2364ca", "aks-managed-creationSource": "vmssclient-aks-systemeph-21043143-vmss", "aks-managed-enable-imds-restriction": "False", "aks-managed-kubeletIdentityClientID": "ad57a470-2160-4895-a3aa-9067f7d5fd86", "aks-managed-operationID": "58e21fb9-6f1a-42ce-a2e2-ba3be49d997a", "aks-managed-orchestrator": "Kubernetes:1.33.5", "aks-managed-poolName": "systemeph", "aks-managed-resourceNameSuffix": "54597921.0", "aks-managed-ssh-access": "LocalUser", "compute.aks.billing": "linux" } | U7: Organization Name=PT Nawa Darsana Teknologi; Publisher=Microsoft; Publisher Customer ID=346fa229-7c19-44ef-85c6-29e00edf66cf; Unit Price=1842.2975961334; ERP=0.0585383084; BenefitType=Charge; aks-managed-consolidated-additional-properties=b15ab5a7-4987-11f1-88c5-a2f97c2364ca; aks-managed-creationSource=vmssclient-aks-systemeph-21043143-vmss; aks-managed-enable-imds-restriction=False; aks-managed-kubeletIdentityClientID=ad57a470-2160-4895-a3aa-9067f7d5fd86; aks-managed-operationID=58e21fb9-6f1a-42ce-a2e2-ba3be49d997a; aks-managed-orchestrator=Kubernetes:1.33.5; aks-managed-poolName=systemeph; aks-managed-resourceNameSuffix=54597921.0; aks-managed-ssh-access=LocalUser; compute.aks.billing=linux | V7: 16 | W7: 0.061514379
A8: May | B8: Microsoft CSP Azure Plan | C8: Divisi Inovasi | D8: divisiinovasi.onmicrosoft.com | E8: a4cdaa2e-caa7-440f-b849-928a3ceb7e31 | F8: AzureCSP_DivisiInovasi | G8: 1141685 | H8: Azure DNS | I8: Azure DNS | J8: Azure DNS | K8: Private Queries | L8: 46143 | M8: 46173 | N8: 0.360944 | O8: 1M | P8: IDR | Q8: rg-trio | R8: privatelink.redis.cache.windows.net | S8: global | T8: { "Organization Name": "PT Nawa Darsana Teknologi", "Publisher": "Microsoft", "Publisher Customer ID": "346fa229-7c19-44ef-85c6-29e00edf66cf", "Unit Price": "6140.992", "ERP": "2518.8116096", "BenefitType": "Charge" } | U8: Organization Name=PT Nawa Darsana Teknologi; Publisher=Microsoft; Publisher Customer ID=346fa229-7c19-44ef-85c6-29e00edf66cf; Unit Price=6140.992; ERP=2518.8116096; BenefitType=Charge | V8: 6 | W8: 2518.8142
A9: May | B9: Microsoft CSP Azure Plan | C9: Divisi Inovasi | D9: divisiinovasi.onmicrosoft.com | E9: a4cdaa2e-caa7-440f-b849-928a3ceb7e31 | F9: AzureCSP_DivisiInovasi | G9: 1141685 | H9: Bd Inter-Rgn | I9: Bandwidth | J9: Bandwidth Inter-Region | K9: Inter Continent Data Transfer Out - ASIA To Any | L9: 46143 | M9: 46173 | N9: 0.18066378 | O9: 1 GB | P9: IDR | Q9: mc_rg-trio_trevesia_southeastasia | R9: aks-usereph2-39457383-vmss | S9: southeastasia | T9: { "Organization Name": "PT Nawa Darsana Teknologi", "Publisher": "Microsoft", "Publisher Customer ID": "346fa229-7c19-44ef-85c6-29e00edf66cf", "Unit Price": "1016.293747947", "ERP": "252.1488192366", "BenefitType": "Charge", "aks-managed-consolidated-additional-properties": "579c6e6a-ea28-11f0-8033-522e363cd051", "aks-managed-creationSource": "vmssclient-aks-usereph2-39457383-vmss", "aks-managed-enable-imds-restriction": "False", "aks-managed-kubeletIdentityClientID": "ad57a470-2160-4895-a3aa-9067f7d5fd86", "aks-managed-operationID": "377479e1-a069-4520-bf0c-f2c76549c4e9", "aks-managed-orchestrator": "Kubernetes:1.33.5", "aks-managed-poolName": "usereph2", "aks-managed-resourceNameSuffix": "54597921.0", "aks-managed-ssh-access": "LocalUser" } | U9: Organization Name=PT Nawa Darsana Teknologi; Publisher=Microsoft; Publisher Customer ID=346fa229-7c19-44ef-85c6-29e00edf66cf; Unit Price=1016.293747947; ERP=252.1488192366; BenefitType=Charge; aks-managed-consolidated-additional-properties=579c6e6a-ea28-11f0-8033-522e363cd051; aks-managed-creationSource=vmssclient-aks-usereph2-39457383-vmss; aks-managed-enable-imds-restriction=False; aks-managed-kubeletIdentityClientID=ad57a470-2160-4895-a3aa-9067f7d5fd86; aks-managed-operationID=377479e1-a069-4520-bf0c-f2c76549c4e9; aks-managed-orchestrator=Kubernetes:1.33.5; aks-managed-poolName=usereph2; aks-managed-resourceNameSuffix=54597921.0; aks-managed-ssh-access=LocalUser | V9: 15 | W9: 208.64747
A10: May | B10: Microsoft CSP Azure Plan | C10: Divisi Inovasi | D10: divisiinovasi.onmicrosoft.com | E10: a4cdaa2e-caa7-440f-b849-928a3ceb7e31 | F10: AzureCSP_DivisiInovasi | G10: 1141685 | H10: Bd Inter-Rgn | I10: Bandwidth | J10: Bandwidth Inter-Region | K10: Inter Continent Data Transfer Out - ASIA To Any | L10: 46143 | M10: 46173 | N10: 0.50529157 | O10: 1 GB | P10: IDR | Q10: mc_rg-trio_trevesia_southeastasia | R10: aks-usereph-30630141-vmss | S10: southeastasia | T10: { "Organization Name": "PT Nawa Darsana Teknologi", "Publisher": "Microsoft", "Publisher Customer ID": "346fa229-7c19-44ef-85c6-29e00edf66cf", "Unit Price": "1013.9378793679", "ERP": "705.2253331838", "BenefitType": "Charge", "aks-managed-consolidated-additional-properties": "579c65f5-ea28-11f0-8033-522e363cd051", "aks-managed-creationSource": "vmssclient-aks-usereph-30630141-vmss", "aks-managed-enable-imds-restriction": "False", "aks-managed-kubeletIdentityClientID": "ad57a470-2160-4895-a3aa-9067f7d5fd86", "aks-managed-operationID": "377479e1-a069-4520-bf0c-f2c76549c4e9", "aks-managed-orchestrator": "Kubernetes:1.33.5", "aks-managed-poolName": "usereph", "aks-managed-resourceNameSuffix": "54597921.0", "aks-managed-ssh-access": "LocalUser" } | U10: Organization Name=PT Nawa Darsana Teknologi; Publisher=Microsoft; Publisher Customer ID=346fa229-7c19-44ef-85c6-29e00edf66cf; Unit Price=1013.9378793679; ERP=705.2253331838; BenefitType=Charge; aks-managed-consolidated-additional-properties=579c65f5-ea28-11f0-8033-522e363cd051; aks-managed-creationSource=vmssclient-aks-usereph-30630141-vmss; aks-managed-enable-imds-restriction=False; aks-managed-kubeletIdentityClientID=ad57a470-2160-4895-a3aa-9067f7d5fd86; aks-managed-operationID=377479e1-a069-4520-bf0c-f2c76549c4e9; aks-managed-orchestrator=Kubernetes:1.33.5; aks-managed-poolName=usereph; aks-managed-resourceNameSuffix=54597921.0; aks-managed-ssh-access=LocalUser | V10: 15 | W10: 582.19426
A11: May | B11: Microsoft CSP Azure Plan | C11: Divisi Inovasi | D11: divisiinovasi.onmicrosoft.com | E11: a4cdaa2e-caa7-440f-b849-928a3ceb7e31 | F11: AzureCSP_DivisiInovasi | G11: 1141685 | H11: Virtual Network Private Link | I11: Virtual Network | J11: Virtual Network Private Link | K11: Standard Private Endpoint | L11: 46143 | M11: 46173 | N11: 744 | O11: 1 Hour | P11: IDR | Q11: rg-trio | R11: aks-trio-access-to-sql-shared | S11: southeastasia | T11: { "Organization Name": "PT Nawa Darsana Teknologi", "Publisher": "Microsoft", "Publisher Customer ID": "346fa229-7c19-44ef-85c6-29e00edf66cf", "Unit Price": "153.5248", "ERP": "129798.24", "BenefitType": "Charge", "Trio": "CE" } | U11: Organization Name=PT Nawa Darsana Teknologi; Publisher=Microsoft; Publisher Customer ID=346fa229-7c19-44ef-85c6-29e00edf66cf; Unit Price=153.5248; ERP=129798.24; BenefitType=Charge; Trio=CE | V11: 7 | W11: 129798.24
A12: May | B12: Microsoft CSP Azure Plan | C12: Divisi Inovasi | D12: divisiinovasi.onmicrosoft.com | E12: a4cdaa2e-caa7-440f-b849-928a3ceb7e31 | F12: AzureCSP_DivisiInovasi | G12: 1141685 | H12: Rtn Pref: MGN | I12: Bandwidth | J12: Rtn Preference: MGN | K12: Standard Data Transfer Out | L12: 46143 | M12: 46173 | N12: 0.13328671 | O12: 1 GB | P12: IDR | Q12: mc_rg-trio_trevesia_southeastasia | R12: aks-usereph-30630141-vmss | S12: southeastasia | T12: { "Organization Name": "PT Nawa Darsana Teknologi", "Publisher": "Microsoft", "Publisher Customer ID": "346fa229-7c19-44ef-85c6-29e00edf66cf", "Unit Price": "1722.4951979136", "ERP": "279.0383861408", "BenefitType": "Charge", "aks-managed-consolidated-additional-properties": "579c65f5-ea28-11f0-8033-522e363cd051", "aks-managed-creationSource": "vmssclient-aks-usereph-30630141-vmss", "aks-managed-enable-imds-restriction": "False", "aks-managed-kubeletIdentityClientID": "ad57a470-2160-4895-a3aa-9067f7d5fd86", "aks-managed-operationID": "377479e1-a069-4520-bf0c-f2c76549c4e9", "aks-managed-orchestrator": "Kubernetes:1.33.5", "aks-managed-poolName": "usereph", "aks-managed-resourceNameSuffix": "54597921.0", "aks-managed-ssh-access": "LocalUser" } | U12: Organization Name=PT Nawa Darsana Teknologi; Publisher=Microsoft; Publisher Customer ID=346fa229-7c19-44ef-85c6-29e00edf66cf; Unit Price=1722.4951979136; ERP=279.0383861408; BenefitType=Charge; aks-managed-consolidated-additional-properties=579c65f5-ea28-11f0-8033-522e363cd051; aks-managed-creationSource=vmssclient-aks-usereph-30630141-vmss; aks-managed-enable-imds-restriction=False; aks-managed-kubeletIdentityClientID=ad57a470-2160-4895-a3aa-9067f7d5fd86; aks-managed-operationID=377479e1-a069-4520-bf0c-f2c76549c4e9; aks-managed-orchestrator=Kubernetes:1.33.5; aks-managed-poolName=usereph; aks-managed-resourceNameSuffix=54597921.0; aks-managed-ssh-access=LocalUser | V12: 15 | W12: 260.89571
A13: May | B13: Microsoft CSP Azure Plan | C13: Divisi Inovasi | D13: divisiinovasi.onmicrosoft.com | E13: a4cdaa2e-caa7-440f-b849-928a3ceb7e31 | F13: AzureCSP_DivisiInovasi | G13: 1141685 | H13: Rtn Pref: MGN | I13: Bandwidth | J13: Rtn Preference: MGN | K13: Standard Data Transfer Out | L13: 46143 | M13: 46173 | N13: 0.060568036 | O13: 1 GB | P13: IDR | Q13: mc_rg-trio_trevesia_southeastasia | R13: aks-usereph2-39457383-vmss | S13: southeastasia | T13: { "Organization Name": "PT Nawa Darsana Teknologi", "Publisher": "Microsoft", "Publisher Customer ID": "346fa229-7c19-44ef-85c6-29e00edf66cf", "Unit Price": "1698.0110556689", "ERP": "126.8003926332", "BenefitType": "Charge", "aks-managed-consolidated-additional-properties": "579c6e6a-ea28-11f0-8033-522e363cd051", "aks-managed-creationSource": "vmssclient-aks-usereph2-39457383-vmss", "aks-managed-enable-imds-restriction": "False", "aks-managed-kubeletIdentityClientID": "ad57a470-2160-4895-a3aa-9067f7d5fd86", "aks-managed-operationID": "377479e1-a069-4520-bf0c-f2c76549c4e9", "aks-managed-orchestrator": "Kubernetes:1.33.5", "aks-managed-poolName": "usereph2", "aks-managed-resourceNameSuffix": "54597921.0", "aks-managed-ssh-access": "LocalUser" } | U13: Organization Name=PT Nawa Darsana Teknologi; Publisher=Microsoft; Publisher Customer ID=346fa229-7c19-44ef-85c6-29e00edf66cf; Unit Price=1698.0110556689; ERP=126.8003926332; BenefitType=Charge; aks-managed-consolidated-additional-properties=579c6e6a-ea28-11f0-8033-522e363cd051; aks-managed-creationSource=vmssclient-aks-usereph2-39457383-vmss; aks-managed-enable-imds-restriction=False; aks-managed-kubeletIdentityClientID=ad57a470-2160-4895-a3aa-9067f7d5fd86; aks-managed-operationID=377479e1-a069-4520-bf0c-f2c76549c4e9; aks-managed-orchestrator=Kubernetes:1.33.5; aks-managed-poolName=usereph2; aks-managed-resourceNameSuffix=54597921.0; aks-managed-ssh-access=LocalUser | V13: 15 | W13: 116.86519
... A193: May | B193: Microsoft CSP Azure Plan | C193: Divisi Inovasi | D193: divisiinovasi.onmicrosoft.com | E193: a4cdaa2e-caa7-440f-b849-928a3ceb7e31 | F193: AzureCSP_DivisiInovasi | G193: 1141685 | H193: Blob Storage | I193: Storage | J193: Blob Storage | K193: Hot LRS Write Operations | L193: 46173 | M193: 46173 | N193: 1143.22 | O193: 10K | P193: IDR | Q193: rg-secops | R193: secopsdinov | S193: indonesiacentral | T193: { "Organization Name": "PT Nawa Darsana Teknologi", "Publisher": "Microsoft", "Publisher Customer ID": "346fa229-7c19-44ef-85c6-29e00edf66cf", "Unit Price": "108,92", "ERP": "11205276.021938255", "BenefitType": "Charge", "Environment": "Security-Operasional", "purpose": "Logs Google SecOps" } | U193: Organization Name=PT Nawa Darsana Teknologi; Publisher=Microsoft; Publisher Customer ID=346fa229-7c19-44ef-85c6-29e00edf66cf; Unit Price=108,92;BenefitType=Charge; Environment=Security-Operasional; purpose=Logs Google SecOps | V193: 7 | W193: 29016
A194: May | B194: Microsoft CSP Azure Plan | C194: Divisi Inovasi | D194: divisiinovasi.onmicrosoft.com | E194: a4cdaa2e-caa7-440f-b849-928a3ceb7e31 | F194: AzureCSP_DivisiInovasi | G194: 1141685 | H194: SQL Database Single/ElasticPool General Purpose - Compute Gen5 | I194: =IF(LEFT(K194,9)="Standard_","Reserved Instance Virtual Machine",IF(ISNUMBER(SEARCH("SQL Database Single/ElasticPool General Purpose - Compute Gen5",K194)),"Reserved Instance SQL Database",IF(ISNUMBER(SEARCH("SQL Database SingleDB/Elastic Pool Hyperscale - Compute Gen5",K194)),"Reserved Instance Hyperscale Serverless",IF(ISNUMBER(SEARCH("Azure Database for PostgreSQL Flexible Server General Purpose Ddsv4 Series Compute",K194)),"Reserved Instance PostgreSQL",IF(ISNUMBER(SEARCH("Azure Redis Cache Premium",K194)),"Reserved Instance Redis","Reserved Instance"))))) -> Reserved Instance SQL Database | J194: SQL Database Single/ElasticPool General Purpose - Compute Gen5 | K194: =H194 -> SQL Database Single/ElasticPool General Purpose - Compute Gen5 | L194: 3 Years | M194: 3 Years | N194: =U194 -> 1 | O194: Reserved Instance | P194: IDR | Q194: Reserved Instance | R194: =IF(LEFT(K194,9)="Standard_","Virtual Machine",IF(ISNUMBER(SEARCH("SQL Database Single/ElasticPool General Purpose - Compute Gen5",K194)),"SQL Database",IF(ISNUMBER(SEARCH("SQL Database SingleDB/Elastic Pool Hyperscale - Compute Gen5",K194)),"Hyperscale Serverless",IF(ISNUMBER(SEARCH("Azure Database for PostgreSQL Flexible Server General Purpose Ddsv4 Series Compute",K194)),"PostgreSQL",IF(ISNUMBER(SEARCH("Azure Redis Cache Premium",K194)),"Redis",K194))))) -> SQL Database | S194: southeastasia | T194: Reserved Instance | U194: 1 | V194: 1001385 | W194: =U194*V194 -> 1001385 | X194: TRIO
A195: May | B195: Microsoft CSP Azure Plan | C195: Divisi Inovasi | D195: divisiinovasi.onmicrosoft.com | E195: a4cdaa2e-caa7-440f-b849-928a3ceb7e34 | F195: AzureCSP_DivisiInovasi | G195: 1141685 | H195: Standard_D2s_v3 | I195: =IF(LEFT(K195,9)="Standard_","Reserved Instance Virtual Machine",IF(ISNUMBER(SEARCH("SQL Database Single/ElasticPool General Purpose - Compute Gen5",K195)),"Reserved Instance SQL Database",IF(ISNUMBER(SEARCH("SQL Database SingleDB/Elastic Pool Hyperscale - Compute Gen5",K195)),"Reserved Instance Hyperscale Serverless",IF(ISNUMBER(SEARCH("Azure Database for PostgreSQL Flexible Server General Purpose Ddsv4 Series Compute",K195)),"Reserved Instance PostgreSQL",IF(ISNUMBER(SEARCH("Azure Redis Cache Premium",K195)),"Reserved Instance Redis","Reserved Instance"))))) -> Reserved Instance Virtual Machine | J195: Standard_D2s_v3 | K195: =H195 -> Standard_D2s_v3 | L195: 3 Years | M195: 3 Years | N195: =U195 -> 2 | O195: Reserved Instance | P195: IDR | Q195: Reserved Instance | R195: =IF(LEFT(K195,9)="Standard_","Virtual Machine",IF(ISNUMBER(SEARCH("SQL Database Single/ElasticPool General Purpose - Compute Gen5",K195)),"SQL Database",IF(ISNUMBER(SEARCH("SQL Database SingleDB/Elastic Pool Hyperscale - Compute Gen5",K195)),"Hyperscale Serverless",IF(ISNUMBER(SEARCH("Azure Database for PostgreSQL Flexible Server General Purpose Ddsv4 Series Compute",K195)),"PostgreSQL",IF(ISNUMBER(SEARCH("Azure Redis Cache Premium",K195)),"Redis",K195))))) -> Virtual Machine | S195: southeastasia | T195: Reserved Instance | U195: 2 | V195: 1131817.5 | W195: =U195*V195 -> 2263635 | X195: TRIO
A196: May | B196: Microsoft CSP Azure Plan | C196: Divisi Inovasi | D196: divisiinovasi.onmicrosoft.com | E196: a4cdaa2e-caa7-440f-b849-928a3ceb7e32 | F196: AzureCSP_DivisiInovasi | G196: 1141685 | H196: Standard_D4s_v3 | I196: =IF(LEFT(K196,9)="Standard_","Reserved Instance Virtual Machine",IF(ISNUMBER(SEARCH("SQL Database Single/ElasticPool General Purpose - Compute Gen5",K196)),"Reserved Instance SQL Database",IF(ISNUMBER(SEARCH("SQL Database SingleDB/Elastic Pool Hyperscale - Compute Gen5",K196)),"Reserved Instance Hyperscale Serverless",IF(ISNUMBER(SEARCH("Azure Database for PostgreSQL Flexible Server General Purpose Ddsv4 Series Compute",K196)),"Reserved Instance PostgreSQL",IF(ISNUMBER(SEARCH("Azure Redis Cache Premium",K196)),"Reserved Instance Redis","Reserved Instance"))))) -> Reserved Instance Virtual Machine | J196: Standard_D4s_v3 | K196: =H196 -> Standard_D4s_v3 | L196: 3 Years | M196: 3 Years | N196: =U196 -> 3 | O196: Reserved Instance | P196: IDR | Q196: Reserved Instance | R196: =IF(LEFT(K196,9)="Standard_","Virtual Machine",IF(ISNUMBER(SEARCH("SQL Database Single/ElasticPool General Purpose - Compute Gen5",K196)),"SQL Database",IF(ISNUMBER(SEARCH("SQL Database SingleDB/Elastic Pool Hyperscale - Compute Gen5",K196)),"Hyperscale Serverless",IF(ISNUMBER(SEARCH("Azure Database for PostgreSQL Flexible Server General Purpose Ddsv4 Series Compute",K196)),"PostgreSQL",IF(ISNUMBER(SEARCH("Azure Redis Cache Premium",K196)),"Redis",K196))))) -> Virtual Machine | S196: southeastasia | T196: Reserved Instance | U196: 3 | V196: 1131817.5 | W196: =U196*V196 -> 3395452.5 | X196: TRIO
A197: May | B197: Microsoft CSP Azure Plan | C197: Divisi Inovasi | D197: divisiinovasi.onmicrosoft.com | E197: a4cdaa2e-caa7-440f-b849-928a3ceb7e33 | F197: AzureCSP_DivisiInovasi | G197: 1141685 | H197: Standard_D8s_v3 | I197: =IF(LEFT(K197,9)="Standard_","Reserved Instance Virtual Machine",IF(ISNUMBER(SEARCH("SQL Database Single/ElasticPool General Purpose - Compute Gen5",K197)),"Reserved Instance SQL Database",IF(ISNUMBER(SEARCH("SQL Database SingleDB/Elastic Pool Hyperscale - Compute Gen5",K197)),"Reserved Instance Hyperscale Serverless",IF(ISNUMBER(SEARCH("Azure Database for PostgreSQL Flexible Server General Purpose Ddsv4 Series Compute",K197)),"Reserved Instance PostgreSQL",IF(ISNUMBER(SEARCH("Azure Redis Cache Premium",K197)),"Reserved Instance Redis","Reserved Instance"))))) -> Reserved Instance Virtual Machine | J197: Standard_D8s_v3 | K197: =H197 -> Standard_D8s_v3 | L197: 3 Years | M197: 3 Years | N197: =U197 -> 2 | O197: Reserved Instance | P197: IDR | Q197: Reserved Instance | R197: =IF(LEFT(K197,9)="Standard_","Virtual Machine",IF(ISNUMBER(SEARCH("SQL Database Single/ElasticPool General Purpose - Compute Gen5",K197)),"SQL Database",IF(ISNUMBER(SEARCH("SQL Database SingleDB/Elastic Pool Hyperscale - Compute Gen5",K197)),"Hyperscale Serverless",IF(ISNUMBER(SEARCH("Azure Database for PostgreSQL Flexible Server General Purpose Ddsv4 Series Compute",K197)),"PostgreSQL",IF(ISNUMBER(SEARCH("Azure Redis Cache Premium",K197)),"Redis",K197))))) -> Virtual Machine | S197: southeastasia | T197: Reserved Instance | U197: 2 | V197: 1131817.5 | W197: =U197*V197 -> 2263635 | X197: TRIO

Sheet Detail_Anper
A1: Period | B1: Agreement Name | C1: Company Name | D1: Tenant Primary Domain | E1: Publisher Subscription ID | F1: Publisher Subscription Name | G1: Product ID | H1: Product Name | I1: Category | J1: Subcategory | K1: Meter Name | L1: Usage Start Date | M1: Usage End Date | N1: Quantity | O1: Unit | P1: Currency | Q1: Resource Group Name | R1: Resource Name | S1: Location | T1: Tags_JSON | U1: Tags_KeyValue | V1: Tags_Count | W1: Total
A2: May | B2: Microsoft CSP Azure Plan | C2: Divisi Inovasi | D2: divisiinovasi.onmicrosoft.com | E2: a4cdaa2e-caa7-440f-b849-928a3ceb7e31 | F2: AzureCSP_DivisiInovasi | G2: 1141685 | H2: VM RI | I2: Virtual Machines | J2: Virtual Machines RI | K2: Standard | L2: 46143 | M2: 46173 | N2: 14.18375 | O2: 1 Hour | P2: IDR | Q2: MC_RG-ANPER_APRICOT_SOUTHEASTASIA | R2: aks-usereph2-32489559-vmss | S2: southeastasia | T2: { "Organization Name": "PT Nawa Darsana Teknologi", "Publisher": "Microsoft", "Publisher Customer ID": "346fa229-7c19-44ef-85c6-29e00edf66cf", "Unit Price": "0.0", "ERP": "0.0", "BenefitType": "Charge", "aks-managed-consolidated-additional-properties": "74465425-495d-11f1-ad6b-a26c3881ebea", "aks-managed-creationSource": "vmssclient-aks-usereph2-32489559-vmss", "aks-managed-enable-imds-restriction": "False", "aks-managed-kubeletIdentityClientID": "c9e56520-a8a3-452c-b5ca-cb3192dafd24", "aks-managed-operationID": "7a36d094-d16e-4088-b1a9-83b67397ae99", "aks-managed-orchestrator": "Kubernetes:1.33.5", "aks-managed-poolName": "usereph2", "aks-managed-resourceNameSuffix": "14784282.0", "aks-managed-ssh-access": "LocalUser", "compute.aks.billing": "linux" } | U2: Organization Name=PT Nawa Darsana Teknologi; Publisher=Microsoft; Publisher Customer ID=346fa229-7c19-44ef-85c6-29e00edf66cf; Unit Price=0.0; ERP=0.0; BenefitType=Charge; aks-managed-consolidated-additional-properties=74465425-495d-11f1-ad6b-a26c3881ebea; aks-managed-creationSource=vmssclient-aks-usereph2-32489559-vmss; aks-managed-enable-imds-restriction=False; aks-managed-kubeletIdentityClientID=c9e56520-a8a3-452c-b5ca-cb3192dafd24; aks-managed-operationID=7a36d094-d16e-4088-b1a9-83b67397ae99; aks-managed-orchestrator=Kubernetes:1.33.5; aks-managed-poolName=usereph2; aks-managed-resourceNameSuffix=14784282.0; aks-managed-ssh-access=LocalUser; compute.aks.billing=linux | V2: 16 | W2: 0
A3: May | B3: Microsoft CSP Azure Plan | C3: Divisi Inovasi | D3: divisiinovasi.onmicrosoft.com | E3: a4cdaa2e-caa7-440f-b849-928a3ceb7e31 | F3: AzureCSP_DivisiInovasi | G3: 1141685 | H3: VM RI | I3: Virtual Machines | J3: Virtual Machines RI | K3: Standard | L3: 46143 | M3: 46173 | N3: 0.233337 | O3: 1 Hour | P3: IDR | Q3: MC_RG-ANPER_APRICOT_SOUTHEASTASIA | R3: aks-usereph2-32489559-vmss | S3: southeastasia | T3: { "Organization Name": "PT Nawa Darsana Teknologi", "Publisher": "Microsoft", "Publisher Customer ID": "346fa229-7c19-44ef-85c6-29e00edf66cf", "Unit Price": "0.0", "ERP": "0.0", "BenefitType": "Charge", "aks-managed-consolidated-additional-properties": "74465425-495d-11f1-ad6b-a26c3881ebea", "aks-managed-creationSource": "vmssclient-aks-usereph2-32489559-vmss", "aks-managed-enable-imds-restriction": "False", "aks-managed-kubeletIdentityClientID": "c9e56520-a8a3-452c-b5ca-cb3192dafd24", "aks-managed-operationID": "7a36d094-d16e-4088-b1a9-83b67397ae99", "aks-managed-orchestrator": "Kubernetes:1.33.5", "aks-managed-poolName": "usereph2", "aks-managed-resourceNameSuffix": "14784282.0", "aks-managed-ssh-access": "LocalUser", "compute.aks.billing": "linux" } | U3: Organization Name=PT Nawa Darsana Teknologi; Publisher=Microsoft; Publisher Customer ID=346fa229-7c19-44ef-85c6-29e00edf66cf; Unit Price=0.0; ERP=0.0; BenefitType=Charge; aks-managed-consolidated-additional-properties=74465425-495d-11f1-ad6b-a26c3881ebea; aks-managed-creationSource=vmssclient-aks-usereph2-32489559-vmss; aks-managed-enable-imds-restriction=False; aks-managed-kubeletIdentityClientID=c9e56520-a8a3-452c-b5ca-cb3192dafd24; aks-managed-operationID=7a36d094-d16e-4088-b1a9-83b67397ae99; aks-managed-orchestrator=Kubernetes:1.33.5; aks-managed-poolName=usereph2; aks-managed-resourceNameSuffix=14784282.0; aks-managed-ssh-access=LocalUser; compute.aks.billing=linux | V3: 16 | W3: 0
A4: May | B4: Microsoft CSP Azure Plan | C4: Divisi Inovasi | D4: divisiinovasi.onmicrosoft.com | E4: a4cdaa2e-caa7-440f-b849-928a3ceb7e31 | F4: AzureCSP_DivisiInovasi | G4: 1141685 | H4: Virtual Network Peering | I4: Virtual Network | J4: Virtual Network Peering | K4: Intra-Region Egress | L4: 46143 | M4: 46173 | N4: 0.22815849 | O4: 1 GB | P4: IDR | Q4: mc_rg-anper_apricot_southeastasia | R4: aks-systemeph-11882456-vmss | S4: southeastasia | T4: { "Organization Name": "PT Nawa Darsana Teknologi", "Publisher": "Microsoft", "Publisher Customer ID": "346fa229-7c19-44ef-85c6-29e00edf66cf", "Unit Price": "153.5247999916", "ERP": "39.8045284208", "BenefitType": "Charge", "aks-managed-consolidated-additional-properties": "7445f662-495d-11f1-ad6b-a26c3881ebea", "aks-managed-creationSource": "vmssclient-aks-systemeph-11882456-vmss", "aks-managed-enable-imds-restriction": "False", "aks-managed-kubeletIdentityClientID": "c9e56520-a8a3-452c-b5ca-cb3192dafd24", "aks-managed-operationID": "7a36d094-d16e-4088-b1a9-83b67397ae99", "aks-managed-orchestrator": "Kubernetes:1.33.5", "aks-managed-poolName": "systemeph", "aks-managed-resourceNameSuffix": "14784282.0", "aks-managed-ssh-access": "LocalUser", "compute.aks.billing": "linux" } | U4: Organization Name=PT Nawa Darsana Teknologi; Publisher=Microsoft; Publisher Customer ID=346fa229-7c19-44ef-85c6-29e00edf66cf; Unit Price=153.5247999916; ERP=39.8045284208; BenefitType=Charge; aks-managed-consolidated-additional-properties=7445f662-495d-11f1-ad6b-a26c3881ebea; aks-managed-creationSource=vmssclient-aks-systemeph-11882456-vmss; aks-managed-enable-imds-restriction=False; aks-managed-kubeletIdentityClientID=c9e56520-a8a3-452c-b5ca-cb3192dafd24; aks-managed-operationID=7a36d094-d16e-4088-b1a9-83b67397ae99; aks-managed-orchestrator=Kubernetes:1.33.5; aks-managed-poolName=systemeph; aks-managed-resourceNameSuffix=14784282.0; aks-managed-ssh-access=LocalUser; compute.aks.billing=linux | V4: 16 | W4: 39.807986
A5: May | B5: Microsoft CSP Azure Plan | C5: Divisi Inovasi | D5: divisiinovasi.onmicrosoft.com | E5: a4cdaa2e-caa7-440f-b849-928a3ceb7e31 | F5: AzureCSP_DivisiInovasi | G5: 1141685 | H5: Virtual Network Peering | I5: Virtual Network | J5: Virtual Network Peering | K5: Intra-Region Ingress | L5: 46143 | M5: 46173 | N5: 0.25537211 | O5: 1 GB | P5: IDR | Q5: mc_rg-anper_apricot_southeastasia | R5: aks-usereph2-32489559-vmss | S5: southeastasia | T5: { "Organization Name": "PT Nawa Darsana Teknologi", "Publisher": "Microsoft", "Publisher Customer ID": "346fa229-7c19-44ef-85c6-29e00edf66cf", "Unit Price": "153.5247999975", "ERP": "44.552216566", "BenefitType": "Charge", "aks-managed-consolidated-additional-properties": "c4988017-e9fe-11f0-8033-522e363cd051", "aks-managed-creationSource": "vmssclient-aks-usereph2-32489559-vmss", "aks-managed-enable-imds-restriction": "False", "aks-managed-kubeletIdentityClientID": "c9e56520-a8a3-452c-b5ca-cb3192dafd24", "aks-managed-operationID": "e61136f8-54c1-459a-9ef3-de11e9efc9a3", "aks-managed-orchestrator": "Kubernetes:1.33.5", "aks-managed-poolName": "usereph2", "aks-managed-resourceNameSuffix": "14784282.0", "aks-managed-ssh-access": "LocalUser" } | U5: Organization Name=PT Nawa Darsana Teknologi; Publisher=Microsoft; Publisher Customer ID=346fa229-7c19-44ef-85c6-29e00edf66cf; Unit Price=153.5247999975; ERP=44.552216566; BenefitType=Charge; aks-managed-consolidated-additional-properties=c4988017-e9fe-11f0-8033-522e363cd051; aks-managed-creationSource=vmssclient-aks-usereph2-32489559-vmss; aks-managed-enable-imds-restriction=False; aks-managed-kubeletIdentityClientID=c9e56520-a8a3-452c-b5ca-cb3192dafd24; aks-managed-operationID=e61136f8-54c1-459a-9ef3-de11e9efc9a3; aks-managed-orchestrator=Kubernetes:1.33.5; aks-managed-poolName=usereph2; aks-managed-resourceNameSuffix=14784282.0; aks-managed-ssh-access=LocalUser | V5: 15 | W5: 44.555952
A6: May | B6: Microsoft CSP Azure Plan | C6: Divisi Inovasi | D6: divisiinovasi.onmicrosoft.com | E6: a4cdaa2e-caa7-440f-b849-928a3ceb7e31 | F6: AzureCSP_DivisiInovasi | G6: 1141685 | H6: Bd Inter-Rgn | I6: Bandwidth | J6: Bandwidth Inter-Region | K6: Intra Continent Data Transfer Out | L6: 46143 | M6: 46173 | N6: 0.066086318 | O6: 1 GB | P6: IDR | Q6: mc_rg-anper_apricot_southeastasia | R6: aks-usereph2-32489559-vmss | S6: southeastasia | T6: { "Organization Name": "PT Nawa Darsana Teknologi", "Publisher": "Microsoft", "Publisher Customer ID": "346fa229-7c19-44ef-85c6-29e00edf66cf", "Unit Price": "1228.1983999935", "ERP": "92.2353516084", "BenefitType": "Charge", "aks-managed-consolidated-additional-properties": "c4988017-e9fe-11f0-8033-522e363cd051", "aks-managed-creationSource": "vmssclient-aks-usereph2-32489559-vmss", "aks-managed-enable-imds-restriction": "False", "aks-managed-kubeletIdentityClientID": "c9e56520-a8a3-452c-b5ca-cb3192dafd24", "aks-managed-operationID": "e61136f8-54c1-459a-9ef3-de11e9efc9a3", "aks-managed-orchestrator": "Kubernetes:1.33.5", "aks-managed-poolName": "usereph2", "aks-managed-resourceNameSuffix": "14784282.0", "aks-managed-ssh-access": "LocalUser" } | U6: Organization Name=PT Nawa Darsana Teknologi; Publisher=Microsoft; Publisher Customer ID=346fa229-7c19-44ef-85c6-29e00edf66cf; Unit Price=1228.1983999935; ERP=92.2353516084; BenefitType=Charge; aks-managed-consolidated-additional-properties=c4988017-e9fe-11f0-8033-522e363cd051; aks-managed-creationSource=vmssclient-aks-usereph2-32489559-vmss; aks-managed-enable-imds-restriction=False; aks-managed-kubeletIdentityClientID=c9e56520-a8a3-452c-b5ca-cb3192dafd24; aks-managed-operationID=e61136f8-54c1-459a-9ef3-de11e9efc9a3; aks-managed-orchestrator=Kubernetes:1.33.5; aks-managed-poolName=usereph2; aks-managed-resourceNameSuffix=14784282.0; aks-managed-ssh-access=LocalUser | V6: 15 | W6: 92.23711
A7: May | B7: Microsoft CSP Azure Plan | C7: Divisi Inovasi | D7: divisiinovasi.onmicrosoft.com | E7: a4cdaa2e-caa7-440f-b849-928a3ceb7e31 | F7: AzureCSP_DivisiInovasi | G7: 1141685 | H7: Bd Inter-Rgn | I7: Bandwidth | J7: Bandwidth Inter-Region | K7: Intra Continent Data Transfer Out | L7: 46143 | M7: 46173 | N7: 0.043292931 | O7: 1 GB | P7: IDR | Q7: mc_rg-anper_apricot_southeastasia | R7: aks-usereph2-32489559-vmss | S7: southeastasia | T7: { "Organization Name": "PT Nawa Darsana Teknologi", "Publisher": "Microsoft", "Publisher Customer ID": "346fa229-7c19-44ef-85c6-29e00edf66cf", "Unit Price": "1228.1983999875", "ERP": "60.423078287", "BenefitType": "Charge", "aks-managed-consolidated-additional-properties": "c4988017-e9fe-11f0-8033-522e363cd051", "aks-managed-creationSource": "vmssclient-aks-usereph2-32489559-vmss", "aks-managed-enable-imds-restriction": "False", "aks-managed-kubeletIdentityClientID": "c9e56520-a8a3-452c-b5ca-cb3192dafd24", "aks-managed-operationID": "e61136f8-54c1-459a-9ef3-de11e9efc9a3", "aks-managed-orchestrator": "Kubernetes:1.33.5", "aks-managed-poolName": "usereph2", "aks-managed-resourceNameSuffix": "14784282.0", "aks-managed-ssh-access": "LocalUser" } | U7: Organization Name=PT Nawa Darsana Teknologi; Publisher=Microsoft; Publisher Customer ID=346fa229-7c19-44ef-85c6-29e00edf66cf; Unit Price=1228.1983999875; ERP=60.423078287; BenefitType=Charge; aks-managed-consolidated-additional-properties=c4988017-e9fe-11f0-8033-522e363cd051; aks-managed-creationSource=vmssclient-aks-usereph2-32489559-vmss; aks-managed-enable-imds-restriction=False; aks-managed-kubeletIdentityClientID=c9e56520-a8a3-452c-b5ca-cb3192dafd24; aks-managed-operationID=e61136f8-54c1-459a-9ef3-de11e9efc9a3; aks-managed-orchestrator=Kubernetes:1.33.5; aks-managed-poolName=usereph2; aks-managed-resourceNameSuffix=14784282.0; aks-managed-ssh-access=LocalUser | V7: 15 | W7: 60.422309
A8: May | B8: Microsoft CSP Azure Plan | C8: Divisi Inovasi | D8: divisiinovasi.onmicrosoft.com | E8: a4cdaa2e-caa7-440f-b849-928a3ceb7e31 | F8: AzureCSP_DivisiInovasi | G8: 1141685 | H8: Virtual Network Peering | I8: Virtual Network | J8: Virtual Network Peering | K8: Intra-Region Ingress | L8: 46143 | M8: 46173 | N8: 3.3267e-06 | O8: 1 GB | P8: IDR | Q8: mc_rg-anper_apricot_southeastasia | R8: aks-monitoring-44423715-vmss | S8: southeastasia | T8: { "Organization Name": "PT Nawa Darsana Teknologi", "Publisher": "Microsoft", "Publisher Customer ID": "346fa229-7c19-44ef-85c6-29e00edf66cf", "Unit Price": "153.5247130735", "ERP": "0.0005792072", "BenefitType": "Charge", "aks-managed-consolidated-additional-properties": "c49875b0-e9fe-11f0-8033-522e363cd051", "aks-managed-creationSource": "vmssclient-aks-monitoring-44423715-vmss", "aks-managed-enable-imds-restriction": "False", "aks-managed-kubeletIdentityClientID": "c9e56520-a8a3-452c-b5ca-cb3192dafd24", "aks-managed-operationID": "e61136f8-54c1-459a-9ef3-de11e9efc9a3", "aks-managed-orchestrator": "Kubernetes:1.33.5", "aks-managed-poolName": "monitoring", "aks-managed-resourceNameSuffix": "14784282.0", "aks-managed-ssh-access": "LocalUser", "purpose": "monitoring" } | U8: Organization Name=PT Nawa Darsana Teknologi; Publisher=Microsoft; Publisher Customer ID=346fa229-7c19-44ef-85c6-29e00edf66cf; Unit Price=153.5247130735; ERP=0.0005792072; BenefitType=Charge; aks-managed-consolidated-additional-properties=c49875b0-e9fe-11f0-8033-522e363cd051; aks-managed-creationSource=vmssclient-aks-monitoring-44423715-vmss; aks-managed-enable-imds-restriction=False; aks-managed-kubeletIdentityClientID=c9e56520-a8a3-452c-b5ca-cb3192dafd24; aks-managed-operationID=e61136f8-54c1-459a-9ef3-de11e9efc9a3; aks-managed-orchestrator=Kubernetes:1.33.5; aks-managed-poolName=monitoring; aks-managed-resourceNameSuffix=14784282.0; aks-managed-ssh-access=LocalUser; purpose=monitoring | V8: 16 | W8: 0.0005107282
A9: May | B9: Microsoft CSP Azure Plan | C9: Divisi Inovasi | D9: divisiinovasi.onmicrosoft.com | E9: a4cdaa2e-caa7-440f-b849-928a3ceb7e31 | F9: AzureCSP_DivisiInovasi | G9: 1141685 | H9: Virtual Network Private Link | I9: Virtual Network | J9: Virtual Network Private Link | K9: Standard Data Processed - Ingress | L9: 46143 | M9: 46173 | N9: 0.054776817 | O9: 1 GB | P9: IDR | Q9: rg-anper | R9: vpn-access-to-sql-anper | S9: southeastasia | T9: { "Organization Name": "PT Nawa Darsana Teknologi", "Publisher": "Microsoft", "Publisher Customer ID": "346fa229-7c19-44ef-85c6-29e00edf66cf", "Unit Price": "153.5247999619", "ERP": "9.5563622726", "BenefitType": "Charge", "Anper": "CE" } | U9: Organization Name=PT Nawa Darsana Teknologi; Publisher=Microsoft; Publisher Customer ID=346fa229-7c19-44ef-85c6-29e00edf66cf; Unit Price=153.5247999619; ERP=9.5563622726; BenefitType=Charge; Anper=CE | V9: 7 | W9: 9.5595998
A10: May | B10: Microsoft CSP Azure Plan | C10: Divisi Inovasi | D10: divisiinovasi.onmicrosoft.com | E10: a4cdaa2e-caa7-440f-b849-928a3ceb7e31 | F10: AzureCSP_DivisiInovasi | G10: 1141685 | H10: SQL DB Single/Elastic Pool GP-SQL Licen | I10: SQL Database | J10: SQL Database Single/Elastic Pool General Purpose - SQL License | K10: vCore | L10: 46143 | M10: 46173 | N10: 1956 | O10: 1 Hour | P10: IDR | Q10: RG-ANPER | R10: apitalawu | S10: southeastasia | T10: { "Organization Name": "PT Nawa Darsana Teknologi", "Publisher": "Microsoft", "Publisher Customer ID": "346fa229-7c19-44ef-85c6-29e00edf66cf", "Unit Price": "1534.72601568", "ERP": "3411277.371216", "BenefitType": "Charge", "Anper": "CE", "MD": "Apricot", "Product": "CE" } | U10: Organization Name=PT Nawa Darsana Teknologi; Publisher=Microsoft; Publisher Customer ID=346fa229-7c19-44ef-85c6-29e00edf66cf; Unit Price=1534.72601568; ERP=3411277.371216; BenefitType=Charge; Anper=CE; MD=Apricot; Product=CE | V10: 9 | W10: 3411277.4
A11: May | B11: Microsoft CSP Azure Plan | C11: Divisi Inovasi | D11: divisiinovasi.onmicrosoft.com | E11: a4cdaa2e-caa7-440f-b849-928a3ceb7e31 | F11: AzureCSP_DivisiInovasi | G11: 1141685 | H11: Logic Apps | I11: Logic Apps | J11: Logic Apps | K11: Consumption Standard Connector Actions | L11: 46143 | M11: 46173 | N11: 2593 | O11: 1 | P11: IDR | Q11: RG-ANPER | R11: CURL-API-ANPER | S11: indonesiacentral | T11: { "Organization Name": "PT Nawa Darsana Teknologi", "Publisher": "Microsoft", "Publisher Customer ID": "346fa229-7c19-44ef-85c6-29e00edf66cf", "Unit Price": "2.24146208", "ERP": "6604.671788", "BenefitType": "Charge" } | U11: Organization Name=PT Nawa Darsana Teknologi; Publisher=Microsoft; Publisher Customer ID=346fa229-7c19-44ef-85c6-29e00edf66cf; Unit Price=2.24146208; ERP=6604.671788; BenefitType=Charge | V11: 6 | W11: 6604.6712
A12: May | B12: Microsoft CSP Azure Plan | C12: Divisi Inovasi | D12: divisiinovasi.onmicrosoft.com | E12: a4cdaa2e-caa7-440f-b849-928a3ceb7e31 | F12: AzureCSP_DivisiInovasi | G12: 1141685 | H12: Azure DNS | I12: Azure DNS | J12: Azure DNS | K12: Private Queries | L12: 46143 | M12: 46173 | N12: 0.114345 | O12: 1M | P12: IDR | Q12: rg-anper | R12: privatelink.database.windows.net | S12: global | T12: { "Organization Name": "PT Nawa Darsana Teknologi", "Publisher": "Microsoft", "Publisher Customer ID": "346fa229-7c19-44ef-85c6-29e00edf66cf", "Unit Price": "6140.9919999763", "ERP": "797.9451462554", "BenefitType": "Charge", "Anper": "CE" } | U12: Organization Name=PT Nawa Darsana Teknologi; Publisher=Microsoft; Publisher Customer ID=346fa229-7c19-44ef-85c6-29e00edf66cf; Unit Price=6140.9919999763; ERP=797.9451462554; BenefitType=Charge; Anper=CE | V12: 7 | W12: 797.94173
A13: May | B13: Microsoft CSP Azure Plan | C13: Divisi Inovasi | D13: divisiinovasi.onmicrosoft.com | E13: a4cdaa2e-caa7-440f-b849-928a3ceb7e31 | F13: AzureCSP_DivisiInovasi | G13: 1141685 | H13: Azure DNS | I13: Azure DNS | J13: Azure DNS | K13: Private Zone | L13: 46143 | M13: 46173 | N13: 1 | O13: 1 | P13: IDR | Q13: rg-anper | R13: privatelink.blob.core.windows.net | S13: global | T13: { "Organization Name": "PT Nawa Darsana Teknologi", "Publisher": "Microsoft", "Publisher Customer ID": "346fa229-7c19-44ef-85c6-29e00edf66cf", "Unit Price": "2368.904172042", "ERP": "8722.9999982554", "BenefitType": "Charge" } | U13: Organization Name=PT Nawa Darsana Teknologi; Publisher=Microsoft; Publisher Customer ID=346fa229-7c19-44ef-85c6-29e00edf66cf; Unit Price=2368.904172042; ERP=8722.9999982554; BenefitType=Charge | V13: 6 | W13: 2691.9342
... A260: May | B260: Microsoft CSP Azure Plan | C260: Divisi Inovasi | D260: divisiinovasi.onmicrosoft.com | E260: a4cdaa2e-caa7-440f-b849-928a3ceb7e31 | F260: AzureCSP_DivisiInovasi | G260: 1141685 | H260: Blob Storage | I260: Storage | J260: Blob Storage | K260: Hot LRS Write Operations | L260: 46173 | M260: 46173 | N260: 1143.22 | O260: 10K | P260: IDR | Q260: rg-secops | R260: secopsdinov | S260: indonesiacentral | T260: { "Organization Name": "PT Nawa Darsana Teknologi", "Publisher": "Microsoft", "Publisher Customer ID": "346fa229-7c19-44ef-85c6-29e00edf66cf", "Unit Price": "108,92", "ERP": "11205276.021938255", "BenefitType": "Charge", "Environment": "Security-Operasional", "purpose": "Logs Google SecOps" } | U260: Organization Name=PT Nawa Darsana Teknologi; Publisher=Microsoft; Publisher Customer ID=346fa229-7c19-44ef-85c6-29e00edf66cf; Unit Price=108,92;BenefitType=Charge; Environment=Security-Operasional; purpose=Logs Google SecOps | V260: 7 | W260: 29016
A261: May | B261: Microsoft CSP Azure Plan | C261: Divisi Inovasi | D261: divisiinovasi.onmicrosoft.com | E261: a4cdaa2e-caa7-440f-b849-928a3ceb7e31 | F261: AzureCSP_DivisiInovasi | G261: 1141685 | H261: SQL Database Single/ElasticPool General Purpose - Compute Gen5 | I261: =IF(LEFT(K261,9)="Standard_","Reserved Instance Virtual Machine",IF(ISNUMBER(SEARCH("SQL Database Single/ElasticPool General Purpose - Compute Gen5",K261)),"Reserved Instance SQL Database",IF(ISNUMBER(SEARCH("SQL Database SingleDB/Elastic Pool Hyperscale - Compute Gen5",K261)),"Reserved Instance Hyperscale Serverless",IF(ISNUMBER(SEARCH("Azure Database for PostgreSQL Flexible Server General Purpose Ddsv4 Series Compute",K261)),"Reserved Instance PostgreSQL",IF(ISNUMBER(SEARCH("Azure Redis Cache Premium",K261)),"Reserved Instance Redis","Reserved Instance"))))) -> Reserved Instance SQL Database | J261: SQL Database Single/ElasticPool General Purpose - Compute Gen5 | K261: =H261 -> SQL Database Single/ElasticPool General Purpose - Compute Gen5 | L261: 3 Years | M261: 3 Years | N261: =U261 -> 4 | O261: Reserved Instance | P261: IDR | Q261: Reserved Instance | R261: =IF(LEFT(K261,9)="Standard_","Virtual Machine",IF(ISNUMBER(SEARCH("SQL Database Single/ElasticPool General Purpose - Compute Gen5",K261)),"SQL Database",IF(ISNUMBER(SEARCH("SQL Database SingleDB/Elastic Pool Hyperscale - Compute Gen5",K261)),"Hyperscale Serverless",IF(ISNUMBER(SEARCH("Azure Database for PostgreSQL Flexible Server General Purpose Ddsv4 Series Compute",K261)),"PostgreSQL",IF(ISNUMBER(SEARCH("Azure Redis Cache Premium",K261)),"Redis",K261))))) -> SQL Database | S261: southeastasia | T261: Reserved Instance | U261: 4 | V261: 1001385 | W261: 4005540 | X261: Anper
A262: May | B262: Microsoft CSP Azure Plan | C262: Divisi Inovasi | D262: divisiinovasi.onmicrosoft.com | E262: a4cdaa2e-caa7-440f-b849-928a3ceb7e34 | F262: AzureCSP_DivisiInovasi | G262: 1141685 | H262: SQL Database Single/ElasticPool General Purpose - Compute Gen5 | I262: =IF(LEFT(K262,9)="Standard_","Reserved Instance Virtual Machine",IF(ISNUMBER(SEARCH("SQL Database Single/ElasticPool General Purpose - Compute Gen5",K262)),"Reserved Instance SQL Database",IF(ISNUMBER(SEARCH("SQL Database SingleDB/Elastic Pool Hyperscale - Compute Gen5",K262)),"Reserved Instance Hyperscale Serverless",IF(ISNUMBER(SEARCH("Azure Database for PostgreSQL Flexible Server General Purpose Ddsv4 Series Compute",K262)),"Reserved Instance PostgreSQL",IF(ISNUMBER(SEARCH("Azure Redis Cache Premium",K262)),"Reserved Instance Redis","Reserved Instance"))))) -> Reserved Instance SQL Database | J262: SQL Database Single/ElasticPool General Purpose - Compute Gen5 | K262: =H262 -> SQL Database Single/ElasticPool General Purpose - Compute Gen5 | L262: 3 Years | M262: 3 Years | N262: =U262 -> 1 | O262: Reserved Instance | P262: IDR | Q262: Reserved Instance | R262: =IF(LEFT(K262,9)="Standard_","Virtual Machine",IF(ISNUMBER(SEARCH("SQL Database Single/ElasticPool General Purpose - Compute Gen5",K262)),"SQL Database",IF(ISNUMBER(SEARCH("SQL Database SingleDB/Elastic Pool Hyperscale - Compute Gen5",K262)),"Hyperscale Serverless",IF(ISNUMBER(SEARCH("Azure Database for PostgreSQL Flexible Server General Purpose Ddsv4 Series Compute",K262)),"PostgreSQL",IF(ISNUMBER(SEARCH("Azure Redis Cache Premium",K262)),"Redis",K262))))) -> SQL Database | S262: southeastasia | T262: Reserved Instance | U262: 1 | V262: 951231.6 | W262: 951231.6 | X262: Anper
A263: May | B263: Microsoft CSP Azure Plan | C263: Divisi Inovasi | D263: divisiinovasi.onmicrosoft.com | E263: a4cdaa2e-caa7-440f-b849-928a3ceb7e33 | F263: AzureCSP_DivisiInovasi | G263: 1141685 | H263: Standard_D2s_v3 | I263: =IF(LEFT(K263,9)="Standard_","Reserved Instance Virtual Machine",IF(ISNUMBER(SEARCH("SQL Database Single/ElasticPool General Purpose - Compute Gen5",K263)),"Reserved Instance SQL Database",IF(ISNUMBER(SEARCH("SQL Database SingleDB/Elastic Pool Hyperscale - Compute Gen5",K263)),"Reserved Instance Hyperscale Serverless",IF(ISNUMBER(SEARCH("Azure Database for PostgreSQL Flexible Server General Purpose Ddsv4 Series Compute",K263)),"Reserved Instance PostgreSQL",IF(ISNUMBER(SEARCH("Azure Redis Cache Premium",K263)),"Reserved Instance Redis","Reserved Instance"))))) -> Reserved Instance Virtual Machine | J263: Standard_D2s_v3 | K263: =H263 -> Standard_D2s_v3 | L263: 3 Years | M263: 3 Years | N263: =U263 -> 1 | O263: Reserved Instance | P263: IDR | Q263: Reserved Instance | R263: =IF(LEFT(K263,9)="Standard_","Virtual Machine",IF(ISNUMBER(SEARCH("SQL Database Single/ElasticPool General Purpose - Compute Gen5",K263)),"SQL Database",IF(ISNUMBER(SEARCH("SQL Database SingleDB/Elastic Pool Hyperscale - Compute Gen5",K263)),"Hyperscale Serverless",IF(ISNUMBER(SEARCH("Azure Database for PostgreSQL Flexible Server General Purpose Ddsv4 Series Compute",K263)),"PostgreSQL",IF(ISNUMBER(SEARCH("Azure Redis Cache Premium",K263)),"Redis",K263))))) -> Virtual Machine | S263: southeastasia | T263: Reserved Instance | U263: 1 | V263: 565908.75 | W263: 565908.75 | X263: Anper
A264: May | B264: Microsoft CSP Azure Plan | C264: Divisi Inovasi | D264: divisiinovasi.onmicrosoft.com | E264: a4cdaa2e-caa7-440f-b849-928a3ceb7e32 | F264: AzureCSP_DivisiInovasi | G264: 1141685 | H264: Standard_D4s_v3 | I264: =IF(LEFT(K264,9)="Standard_","Reserved Instance Virtual Machine",IF(ISNUMBER(SEARCH("SQL Database Single/ElasticPool General Purpose - Compute Gen5",K264)),"Reserved Instance SQL Database",IF(ISNUMBER(SEARCH("SQL Database SingleDB/Elastic Pool Hyperscale - Compute Gen5",K264)),"Reserved Instance Hyperscale Serverless",IF(ISNUMBER(SEARCH("Azure Database for PostgreSQL Flexible Server General Purpose Ddsv4 Series Compute",K264)),"Reserved Instance PostgreSQL",IF(ISNUMBER(SEARCH("Azure Redis Cache Premium",K264)),"Reserved Instance Redis","Reserved Instance"))))) -> Reserved Instance Virtual Machine | J264: Standard_D4s_v3 | K264: =H264 -> Standard_D4s_v3 | L264: 3 Years | M264: 3 Years | N264: =U264 -> 3 | O264: Reserved Instance | P264: IDR | Q264: Reserved Instance | R264: =IF(LEFT(K264,9)="Standard_","Virtual Machine",IF(ISNUMBER(SEARCH("SQL Database Single/ElasticPool General Purpose - Compute Gen5",K264)),"SQL Database",IF(ISNUMBER(SEARCH("SQL Database SingleDB/Elastic Pool Hyperscale - Compute Gen5",K264)),"Hyperscale Serverless",IF(ISNUMBER(SEARCH("Azure Database for PostgreSQL Flexible Server General Purpose Ddsv4 Series Compute",K264)),"PostgreSQL",IF(ISNUMBER(SEARCH("Azure Redis Cache Premium",K264)),"Redis",K264))))) -> Virtual Machine | S264: southeastasia | T264: Reserved Instance | U264: 3 | V264: 1131817.5 | W264: 3395452.5 | X264: Anper

Sheet Detail_Sinsen
A1: Period | B1: Agreement Name | C1: Company Name | D1: Tenant Primary Domain | E1: Publisher Subscription ID | F1: Publisher Subscription Name | G1: Product ID | H1: Product Name | I1: Category | J1: Subcategory | K1: Meter Name | L1: Usage Start Date | M1: Usage End Date | N1: Quantity | O1: Unit | P1: Currency | Q1: Resource Group Name | R1: Resource Name | S1: Location | T1: Tags_JSON | U1: Tags_KeyValue | V1: Tags_Count | W1: Total
A2: May | B2: Microsoft CSP Azure Plan | C2: Divisi Inovasi | D2: divisiinovasi.onmicrosoft.com | E2: a4cdaa2e-caa7-440f-b849-928a3ceb7e31 | F2: AzureCSP_DivisiInovasi | G2: 1141685 | H2: Virtual Network Peering | I2: Virtual Network | J2: Virtual Network Peering | K2: Intra-Region Egress | L2: 46143 | M2: 46173 | N2: 0.10877876 | O2: 1 GB | P2: IDR | Q2: mc_rg-sinsen_sindora_southeastasia | R2: aks-systemeph2-13731054-vmss | S2: southeastasia | T2: { "Organization Name": "PT Nawa Darsana Teknologi", "Publisher": "Microsoft", "Publisher Customer ID": "346fa229-7c19-44ef-85c6-29e00edf66cf", "Unit Price": "153.5247999791", "ERP": "18.977540725", "BenefitType": "Charge", "aks-managed-consolidated-additional-properties": "9f99b164-497d-11f1-8bd6-5ec9d1cd8e46", "aks-managed-creationSource": "vmssclient-aks-systemeph2-13731054-vmss", "aks-managed-enable-imds-restriction": "False", "aks-managed-kubeletIdentityClientID": "66304d1c-688a-462f-a28a-cef42329c4d2", "aks-managed-operationID": "ea2a4ea4-0d5b-4005-8e40-a163ef343c51", "aks-managed-orchestrator": "Kubernetes:1.33.5", "aks-managed-poolName": "systemeph2", "aks-managed-resourceNameSuffix": "55015173.0", "aks-managed-ssh-access": "LocalUser", "compute.aks.billing": "linux" } | U2: Organization Name=PT Nawa Darsana Teknologi; Publisher=Microsoft; Publisher Customer ID=346fa229-7c19-44ef-85c6-29e00edf66cf; Unit Price=153.5247999791; ERP=18.977540725; BenefitType=Charge; aks-managed-consolidated-additional-properties=9f99b164-497d-11f1-8bd6-5ec9d1cd8e46; aks-managed-creationSource=vmssclient-aks-systemeph2-13731054-vmss; aks-managed-enable-imds-restriction=False; aks-managed-kubeletIdentityClientID=66304d1c-688a-462f-a28a-cef42329c4d2; aks-managed-operationID=ea2a4ea4-0d5b-4005-8e40-a163ef343c51; aks-managed-orchestrator=Kubernetes:1.33.5; aks-managed-poolName=systemeph2; aks-managed-resourceNameSuffix=55015173.0; aks-managed-ssh-access=LocalUser; compute.aks.billing=linux | V2: 16 | W2: 18.980237
A3: May | B3: Microsoft CSP Azure Plan | C3: Divisi Inovasi | D3: divisiinovasi.onmicrosoft.com | E3: a4cdaa2e-caa7-440f-b849-928a3ceb7e31 | F3: AzureCSP_DivisiInovasi | G3: 1141685 | H3: VM RI | I3: Virtual Machines | J3: Virtual Machines RI | K3: Standard | L3: 46143 | M3: 46173 | N3: 0.983353 | O3: 1 Hour | P3: IDR | Q3: MC_RG-SINSEN_SINDORA_SOUTHEASTASIA | R3: aks-usereph2-34334888-vmss | S3: southeastasia | T3: { "Organization Name": "PT Nawa Darsana Teknologi", "Publisher": "Microsoft", "Publisher Customer ID": "346fa229-7c19-44ef-85c6-29e00edf66cf", "Unit Price": "0.0", "ERP": "0.0", "BenefitType": "Charge", "aks-managed-consolidated-additional-properties": "9f993331-497d-11f1-8bd6-5ec9d1cd8e46", "aks-managed-creationSource": "vmssclient-aks-usereph2-34334888-vmss", "aks-managed-enable-imds-restriction": "False", "aks-managed-kubeletIdentityClientID": "66304d1c-688a-462f-a28a-cef42329c4d2", "aks-managed-operationID": "ea2a4ea4-0d5b-4005-8e40-a163ef343c51", "aks-managed-orchestrator": "Kubernetes:1.33.5", "aks-managed-poolName": "usereph2", "aks-managed-resourceNameSuffix": "55015173.0", "aks-managed-ssh-access": "LocalUser", "compute.aks.billing": "linux" } | U3: Organization Name=PT Nawa Darsana Teknologi; Publisher=Microsoft; Publisher Customer ID=346fa229-7c19-44ef-85c6-29e00edf66cf; Unit Price=0.0; ERP=0.0; BenefitType=Charge; aks-managed-consolidated-additional-properties=9f993331-497d-11f1-8bd6-5ec9d1cd8e46; aks-managed-creationSource=vmssclient-aks-usereph2-34334888-vmss; aks-managed-enable-imds-restriction=False; aks-managed-kubeletIdentityClientID=66304d1c-688a-462f-a28a-cef42329c4d2; aks-managed-operationID=ea2a4ea4-0d5b-4005-8e40-a163ef343c51; aks-managed-orchestrator=Kubernetes:1.33.5; aks-managed-poolName=usereph2; aks-managed-resourceNameSuffix=55015173.0; aks-managed-ssh-access=LocalUser; compute.aks.billing=linux | V3: 16 | W3: 0
A4: May | B4: Microsoft CSP Azure Plan | C4: Divisi Inovasi | D4: divisiinovasi.onmicrosoft.com | E4: a4cdaa2e-caa7-440f-b849-928a3ceb7e31 | F4: AzureCSP_DivisiInovasi | G4: 1141685 | H4: VM RI | I4: Virtual Machines | J4: Virtual Machines RI | K4: Standard | L4: 46143 | M4: 46173 | N4: 0.216671 | O4: 1 Hour | P4: IDR | Q4: MC_RG-SINSEN_SINDORA_SOUTHEASTASIA | R4: aks-usereph2-34334888-vmss | S4: southeastasia | T4: { "Organization Name": "PT Nawa Darsana Teknologi", "Publisher": "Microsoft", "Publisher Customer ID": "346fa229-7c19-44ef-85c6-29e00edf66cf", "Unit Price": "0.0", "ERP": "0.0", "BenefitType": "Charge", "aks-managed-consolidated-additional-properties": "9f993331-497d-11f1-8bd6-5ec9d1cd8e46", "aks-managed-creationSource": "vmssclient-aks-usereph2-34334888-vmss", "aks-managed-enable-imds-restriction": "False", "aks-managed-kubeletIdentityClientID": "66304d1c-688a-462f-a28a-cef42329c4d2", "aks-managed-operationID": "ea2a4ea4-0d5b-4005-8e40-a163ef343c51", "aks-managed-orchestrator": "Kubernetes:1.33.5", "aks-managed-poolName": "usereph2", "aks-managed-resourceNameSuffix": "55015173.0", "aks-managed-ssh-access": "LocalUser", "compute.aks.billing": "linux" } | U4: Organization Name=PT Nawa Darsana Teknologi; Publisher=Microsoft; Publisher Customer ID=346fa229-7c19-44ef-85c6-29e00edf66cf; Unit Price=0.0; ERP=0.0; BenefitType=Charge; aks-managed-consolidated-additional-properties=9f993331-497d-11f1-8bd6-5ec9d1cd8e46; aks-managed-creationSource=vmssclient-aks-usereph2-34334888-vmss; aks-managed-enable-imds-restriction=False; aks-managed-kubeletIdentityClientID=66304d1c-688a-462f-a28a-cef42329c4d2; aks-managed-operationID=ea2a4ea4-0d5b-4005-8e40-a163ef343c51; aks-managed-orchestrator=Kubernetes:1.33.5; aks-managed-poolName=usereph2; aks-managed-resourceNameSuffix=55015173.0; aks-managed-ssh-access=LocalUser; compute.aks.billing=linux | V4: 16 | W4: 0
A5: May | B5: Microsoft CSP Azure Plan | C5: Divisi Inovasi | D5: divisiinovasi.onmicrosoft.com | E5: a4cdaa2e-caa7-440f-b849-928a3ceb7e31 | F5: AzureCSP_DivisiInovasi | G5: 1141685 | H5: VM RI | I5: Virtual Machines | J5: Virtual Machines RI | K5: Standard | L5: 46143 | M5: 46173 | N5: 0.850017 | O5: 1 Hour | P5: IDR | Q5: MC_RG-SINSEN_SINDORA_SOUTHEASTASIA | R5: aks-usereph2-34334888-vmss | S5: southeastasia | T5: { "Organization Name": "PT Nawa Darsana Teknologi", "Publisher": "Microsoft", "Publisher Customer ID": "346fa229-7c19-44ef-85c6-29e00edf66cf", "Unit Price": "0.0", "ERP": "0.0", "BenefitType": "Charge", "aks-managed-consolidated-additional-properties": "9f993331-497d-11f1-8bd6-5ec9d1cd8e46", "aks-managed-creationSource": "vmssclient-aks-usereph2-34334888-vmss", "aks-managed-enable-imds-restriction": "False", "aks-managed-kubeletIdentityClientID": "66304d1c-688a-462f-a28a-cef42329c4d2", "aks-managed-operationID": "ea2a4ea4-0d5b-4005-8e40-a163ef343c51", "aks-managed-orchestrator": "Kubernetes:1.33.5", "aks-managed-poolName": "usereph2", "aks-managed-resourceNameSuffix": "55015173.0", "aks-managed-ssh-access": "LocalUser", "compute.aks.billing": "linux" } | U5: Organization Name=PT Nawa Darsana Teknologi; Publisher=Microsoft; Publisher Customer ID=346fa229-7c19-44ef-85c6-29e00edf66cf; Unit Price=0.0; ERP=0.0; BenefitType=Charge; aks-managed-consolidated-additional-properties=9f993331-497d-11f1-8bd6-5ec9d1cd8e46; aks-managed-creationSource=vmssclient-aks-usereph2-34334888-vmss; aks-managed-enable-imds-restriction=False; aks-managed-kubeletIdentityClientID=66304d1c-688a-462f-a28a-cef42329c4d2; aks-managed-operationID=ea2a4ea4-0d5b-4005-8e40-a163ef343c51; aks-managed-orchestrator=Kubernetes:1.33.5; aks-managed-poolName=usereph2; aks-managed-resourceNameSuffix=55015173.0; aks-managed-ssh-access=LocalUser; compute.aks.billing=linux | V5: 16 | W5: 0
A6: May | B6: Microsoft CSP Azure Plan | C6: Divisi Inovasi | D6: divisiinovasi.onmicrosoft.com | E6: a4cdaa2e-caa7-440f-b849-928a3ceb7e31 | F6: AzureCSP_DivisiInovasi | G6: 1141685 | H6: Bd Inter-Rgn | I6: Bandwidth | J6: Bandwidth Inter-Region | K6: Inter Continent Data Transfer Out - ASIA To Any | L6: 46143 | M6: 46173 | N6: 0.065395625 | O6: 1 GB | P6: IDR | Q6: mc_rg-sinsen_sindora_southeastasia | R6: aks-systemeph2-13731054-vmss | S6: southeastasia | T6: { "Organization Name": "PT Nawa Darsana Teknologi", "Publisher": "Microsoft", "Publisher Customer ID": "346fa229-7c19-44ef-85c6-29e00edf66cf", "Unit Price": "1011.6889311008", "ERP": "91.2713659", "BenefitType": "Charge", "aks-managed-consolidated-additional-properties": "d8510994-ea1d-11f0-b144-4e2f7d5605b9", "aks-managed-creationSource": "vmssclient-aks-systemeph2-13731054-vmss", "aks-managed-enable-imds-restriction": "False", "aks-managed-kubeletIdentityClientID": "66304d1c-688a-462f-a28a-cef42329c4d2", "aks-managed-operationID": "59c4ae46-c1cf-4881-8e43-9a537a2059b4", "aks-managed-orchestrator": "Kubernetes:1.33.5", "aks-managed-poolName": "systemeph2", "aks-managed-resourceNameSuffix": "55015173.0", "aks-managed-ssh-access": "LocalUser" } | U6: Organization Name=PT Nawa Darsana Teknologi; Publisher=Microsoft; Publisher Customer ID=346fa229-7c19-44ef-85c6-29e00edf66cf; Unit Price=1011.6889311008; ERP=91.2713659; BenefitType=Charge; aks-managed-consolidated-additional-properties=d8510994-ea1d-11f0-b144-4e2f7d5605b9; aks-managed-creationSource=vmssclient-aks-systemeph2-13731054-vmss; aks-managed-enable-imds-restriction=False; aks-managed-kubeletIdentityClientID=66304d1c-688a-462f-a28a-cef42329c4d2; aks-managed-operationID=59c4ae46-c1cf-4881-8e43-9a537a2059b4; aks-managed-orchestrator=Kubernetes:1.33.5; aks-managed-poolName=systemeph2; aks-managed-resourceNameSuffix=55015173.0; aks-managed-ssh-access=LocalUser | V6: 15 | W6: 75.18003
