Workbook

Sheet Summary
B1: Detail_Anper | C1: Detail_Sinsen | D1: Detail_CDN | E1: Detail_MenaraAgung | F1: Detail_MSK | G1: Detail_HPM | H1: Detail_ITC | I1: Detail_TDM | J1: Detail_TRIO | K1: Detail_Zenobia
A2: Total Unit Price | B2: =SUM(Detail_Anper!X2:X50000) -> 9382520 | C2: =SUM(Detail_Sinsen!X2:X50000) -> 9711849.9 | D2: =SUM(Detail_CDN!X2:X50000) -> 14815754 | E2: =SUM(Detail_MenaraAgung!X2:X50000) -> 12201469 | F2: =SUM(Detail_MSK!X2:X50000) -> 9677109.3 | G2: =SUM(Detail_HPM!X2:X50000) -> 9790314.6 | H2: =SUM(Detail_ITC!X2:X50000) -> 12073972 | I2: =SUM(Detail_TDM!X2:X50000) -> 9978296.2 | J2: =SUM(Detail_TRIO!X2:X50000) -> 9767547.1 | K2: =SUM(Detail_Zenobia!X2:X50000) -> 41892851
A3: Total | B3: =SUM(Detail_Anper!W2:W50000) -> 21711306 | C3: =SUM(Detail_Sinsen!W2:W50000) -> 24708021 | D3: =SUM(Detail_CDN!W2:W50000) -> 35804792 | E3: =SUM(Detail_MenaraAgung!W2:W50000) -> 21015948 | F3: =SUM(Detail_MSK!W2:W50000) -> 21308908 | G3: =SUM(Detail_HPM!W2:W50000) -> 23126417 | H3: =SUM(Detail_ITC!W2:W50000) -> 24653784 | I3: =SUM(Detail_TDM!W2:W50000) -> 23817280 | J3: =SUM(Detail_TRIO!W2:W50000) -> 24701951 | K3: =SUM(Detail_Zenobia!W2:W50000) -> 75000128 | L3: =SUM(B3:K3) -> 2.9584854e+08

Sheet Split-Costing
A1: Resource Name | B1: Target Group | C1: Percent | D1: Allocated Unit Price | E1: Allocated Sales Unit Price | F1: Daily Split | G1: Daily Rows | H1: Top N Used
A2: frontdoor-zenobia | B2: Detail_Zenobia | C2: 30 | D2: 10189629 | E2: 11579124 | F2: yes | G2: 30 | H2: 3
A3: giant | B3: Detail_Zenobia | C3: 50 | D3: 0 | E3: 0 | F3: yes | G3: 30 | H3: 3
A4: tokyoo | B4: Detail_Zenobia | C4: 40 | D4: 6742584.1 | E4: 7662027.3 | F4: yes | G4: 30 | H4: 3
A5: fruitbasket | B5: Detail_Zenobia | C5: 10 | D5: 386503.5 | E5: 439208.53 | F5: yes | G5: 30 | H5: 3

Sheet Detail_Anper
A1: Period | B1: Agreement Name | C1: Company Name | D1: Tenant Primary Domain | E1: Publisher Subscription ID | F1: Publisher Subscription Name | G1: Product ID | H1: Product Name | I1: Category | J1: Subcategory | K1: Meter Name | L1: Usage Start Date | M1: Usage End Date | N1: Quantity | O1: Unit | P1: Currency | Q1: Resource Group Name | R1: Resource Name | S1: Location | T1: Tags_JSON | U1: Tags_KeyValue | V1: Tags_Count | W1: Total | X1: Unit Price | Y1: Price Adjustment | Z1: Sales Unit Price | AA1: Percentage Markup
A2: June | B2: Microsoft CSP Azure Plan | C2: Divisi Inovasi | D2: divisiinovasi.onmicrosoft.com | E2: a4cdaa2e-caa7-440f-b849-928a3ceb7e31 | F2: AzureCSP_DivisiInovasi | G2: 1141685 | H2: Virtual Network Peering | I2: Virtual Network | J2: Virtual Network Peering | K2: Intra-Region Egress | L2: 46174 | M2: 46203 | N2: 0.91556563 | O2: 1 GB | P2: IDR | Q2: mc_rg-anper_apricot_southeastasia | R2: aks-usereph2-32489559-vmss | S2: southeastasia | T2: { "Organization Name": "PT Nawa Darsana Teknologi", "Publisher": "Microsoft", "Publisher Customer ID": "346fa229-7c19-44ef-85c6-29e00edf66cf", "Unit Price": "157.519999997", "ERP": "163.88624777", "BenefitType": "Charge", "aks-managed-consolidated-additional-properties": "74465425-495d-11f1-ad6b-a26c3881ebea", "aks-managed-creationSource": "vmssclient-aks-usereph2-32489559-vmss", "aks-managed-enable-imds-restriction": "False", "aks-managed-kubeletIdentityClientID": "c9e56520-a8a3-452c-b5ca-cb3192dafd24", "aks-managed-operationID": "7a36d094-d16e-4088-b1a9-83b67397ae99", "aks-managed-orchestrator": "Kubernetes:1.33.5", "aks-managed-poolName": "usereph2", "aks-managed-resourceNameSuffix": "14784282.0", "aks-managed-ssh-access": "LocalUser", "compute.aks.billing": "linux" } | U2: Organization Name=PT Nawa Darsana Teknologi; Publisher=Microsoft; Publisher Customer ID=346fa229-7c19-44ef-85c6-29e00edf66cf; Unit Price=157.519999997; ERP=163.88624777; BenefitType=Charge; aks-managed-consolidated-additional-properties=74465425-495d-11f1-ad6b-a26c3881ebea; aks-managed-creationSource=vmssclient-aks-usereph2-32489559-vmss; aks-managed-enable-imds-restriction=False; aks-managed-kubeletIdentityClientID=c9e56520-a8a3-452c-b5ca-cb3192dafd24; aks-managed-operationID=7a36d094-d16e-4088-b1a9-83b67397ae99; aks-managed-orchestrator=Kubernetes:1.33.5; aks-managed-poolName=usereph2; aks-managed-resourceNameSuffix=14784282.0; aks-managed-ssh-access=LocalUser; compute.aks.billing=linux | V2: 16 | W2: 163.8899 | X2: 144.2199 | Y2: -19.67 | Z2: 163.8899 | AA2: 0.13638895
A3: June | B3: Microsoft CSP Azure Plan | C3: Divisi Inovasi | D3: divisiinovasi.onmicrosoft.com | E3: a4cdaa2e-caa7-440f-b849-928a3ceb7e31 | F3: AzureCSP_DivisiInovasi | G3: 1141685 | H3: VM RI | I3: Virtual Machines | J3: Virtual Machines RI | K3: Standard | L3: 46174 | M3: 46203 | N3: 0.249796 | O3: 1 Hour | P3: IDR | Q3: MC_RG-ANPER_APRICOT_SOUTHEASTASIA | R3: aks-systemeph-11882456-vmss | S3: southeastasia | T3: { "Organization Name": "PT Nawa Darsana Teknologi", "Publisher": "Microsoft", "Publisher Customer ID": "346fa229-7c19-44ef-85c6-29e00edf66cf", "Unit Price": "0.0", "ERP": "0.0", "BenefitType": "Charge", "aks-managed-consolidated-additional-properties": "7445f662-495d-11f1-ad6b-a26c3881ebea", "aks-managed-creationSource": "vmssclient-aks-systemeph-11882456-vmss", "aks-managed-enable-imds-restriction": "False", "aks-managed-kubeletIdentityClientID": "c9e56520-a8a3-452c-b5ca-cb3192dafd24", "aks-managed-operationID": "7a36d094-d16e-4088-b1a9-83b67397ae99", "aks-managed-orchestrator": "Kubernetes:1.33.5", "aks-managed-poolName": "systemeph", "aks-managed-resourceNameSuffix": "14784282.0", "aks-managed-ssh-access": "LocalUser", "compute.aks.billing": "linux" } | U3: Organization Name=PT Nawa Darsana Teknologi; Publisher=Microsoft; Publisher Customer ID=346fa229-7c19-44ef-85c6-29e00edf66cf; Unit Price=0.0; ERP=0.0; BenefitType=Charge; aks-managed-consolidated-additional-properties=7445f662-495d-11f1-ad6b-a26c3881ebea; aks-managed-creationSource=vmssclient-aks-systemeph-11882456-vmss; aks-managed-enable-imds-restriction=False; aks-managed-kubeletIdentityClientID=c9e56520-a8a3-452c-b5ca-cb3192dafd24; aks-managed-operationID=7a36d094-d16e-4088-b1a9-83b67397ae99; aks-managed-orchestrator=Kubernetes:1.33.5; aks-managed-poolName=systemeph; aks-managed-resourceNameSuffix=14784282.0; aks-managed-ssh-access=LocalUser; compute.aks.billing=linux | V3: 16 | W3: 0 | X3: 0 | Y3: 0 | Z3: 0
A4: June | B4: Microsoft CSP Azure Plan | C4: Divisi Inovasi | D4: divisiinovasi.onmicrosoft.com | E4: a4cdaa2e-caa7-440f-b849-928a3ceb7e31 | F4: AzureCSP_DivisiInovasi | G4: 1141685 | H4: VM RI | I4: Virtual Machines | J4: Virtual Machines RI | K4: Standard | L4: 46174 | M4: 46203 | N4: 1 | O4: 1 Hour | P4: IDR | Q4: MC_RG-ANPER_APRICOT_SOUTHEASTASIA | R4: aks-usereph2-32489559-vmss | S4: southeastasia | T4: { "Organization Name": "PT Nawa Darsana Teknologi", "Publisher": "Microsoft", "Publisher Customer ID": "346fa229-7c19-44ef-85c6-29e00edf66cf", "Unit Price": "0.0", "ERP": "0.0", "BenefitType": "Charge", "aks-managed-consolidated-additional-properties": "74465425-495d-11f1-ad6b-a26c3881ebea", "aks-managed-creationSource": "vmssclient-aks-usereph2-32489559-vmss", "aks-managed-enable-imds-restriction": "False", "aks-managed-kubeletIdentityClientID": "c9e56520-a8a3-452c-b5ca-cb3192dafd24", "aks-managed-operationID": "7a36d094-d16e-4088-b1a9-83b67397ae99", "aks-managed-orchestrator": "Kubernetes:1.33.5", "aks-managed-poolName": "usereph2", "aks-managed-resourceNameSuffix": "14784282.0", "aks-managed-ssh-access": "LocalUser", "compute.aks.billing": "linux" } | U4: Organization Name=PT Nawa Darsana Teknologi; Publisher=Microsoft; Publisher Customer ID=346fa229-7c19-44ef-85c6-29e00edf66cf; Unit Price=0.0; ERP=0.0; BenefitType=Charge; aks-managed-consolidated-additional-properties=74465425-495d-11f1-ad6b-a26c3881ebea; aks-managed-creationSource=vmssclient-aks-usereph2-32489559-vmss; aks-managed-enable-imds-restriction=False; aks-managed-kubeletIdentityClientID=c9e56520-a8a3-452c-b5ca-cb3192dafd24; aks-managed-operationID=7a36d094-d16e-4088-b1a9-83b67397ae99; aks-managed-orchestrator=Kubernetes:1.33.5; aks-managed-poolName=usereph2; aks-managed-resourceNameSuffix=14784282.0; aks-managed-ssh-access=LocalUser; compute.aks.billing=linux | V4: 16 | W4: 0 | X4: 0 | Y4: 0 | Z4: 0
A5: June | B5: Microsoft CSP Azure Plan | C5: Divisi Inovasi | D5: divisiinovasi.onmicrosoft.com | E5: a4cdaa2e-caa7-440f-b849-928a3ceb7e31 | F5: AzureCSP_DivisiInovasi | G5: 1141685 | H5: VM RI | I5: Virtual Machines | J5: Virtual Machines RI | K5: Standard | L5: 46174 | M5: 46203 | N5: 62.317726 | O5: 1 Hour | P5: IDR | Q5: MC_RG-ANPER_APRICOT_SOUTHEASTASIA | R5: aks-usereph2-32489559-vmss | S5: southeastasia | T5: { "Organization Name": "PT Nawa Darsana Teknologi", "Publisher": "Microsoft", "Publisher Customer ID": "346fa229-7c19-44ef-85c6-29e00edf66cf", "Unit Price": "0.0", "ERP": "0.0", "BenefitType": "Charge", "aks-managed-consolidated-additional-properties": "74465425-495d-11f1-ad6b-a26c3881ebea", "aks-managed-creationSource": "vmssclient-aks-usereph2-32489559-vmss", "aks-managed-enable-imds-restriction": "False", "aks-managed-kubeletIdentityClientID": "c9e56520-a8a3-452c-b5ca-cb3192dafd24", "aks-managed-operationID": "7a36d094-d16e-4088-b1a9-83b67397ae99", "aks-managed-orchestrator": "Kubernetes:1.33.5", "aks-managed-poolName": "usereph2", "aks-managed-resourceNameSuffix": "14784282.0", "aks-managed-ssh-access": "LocalUser", "compute.aks.billing": "linux" } | U5: Organization Name=PT Nawa Darsana Teknologi; Publisher=Microsoft; Publisher Customer ID=346fa229-7c19-44ef-85c6-29e00edf66cf; Unit Price=0.0; ERP=0.0; BenefitType=Charge; aks-managed-consolidated-additional-properties=74465425-495d-11f1-ad6b-a26c3881ebea; aks-managed-creationSource=vmssclient-aks-usereph2-32489559-vmss; aks-managed-enable-imds-restriction=False; aks-managed-kubeletIdentityClientID=c9e56520-a8a3-452c-b5ca-cb3192dafd24; aks-managed-operationID=7a36d094-d16e-4088-b1a9-83b67397ae99; aks-managed-orchestrator=Kubernetes:1.33.5; aks-managed-poolName=usereph2; aks-managed-resourceNameSuffix=14784282.0; aks-managed-ssh-access=LocalUser; compute.aks.billing=linux | V5: 16 | W5: 0 | X5: 0 | Y5: 0 | Z5: 0
A6: June | B6: Microsoft CSP Azure Plan | C6: Divisi Inovasi | D6: divisiinovasi.onmicrosoft.com | E6: a4cdaa2e-caa7-440f-b849-928a3ceb7e31 | F6: AzureCSP_DivisiInovasi | G6: 1141685 | H6: VM RI | I6: Virtual Machines | J6: Virtual Machines RI | K6: Standard | L6: 46174 | M6: 46203 | N6: 31.068557 | O6: 1 Hour | P6: IDR | Q6: MC_RG-ANPER_APRICOT_SOUTHEASTASIA | R6: aks-usereph2-32489559-vmss | S6: southeastasia | T6: { "Organization Name": "PT Nawa Darsana Teknologi", "Publisher": "Microsoft", "Publisher Customer ID": "346fa229-7c19-44ef-85c6-29e00edf66cf", "Unit Price": "0.0", "ERP": "0.0", "BenefitType": "Charge", "aks-managed-consolidated-additional-properties": "74465425-495d-11f1-ad6b-a26c3881ebea", "aks-managed-creationSource": "vmssclient-aks-usereph2-32489559-vmss", "aks-managed-enable-imds-restriction": "False", "aks-managed-kubeletIdentityClientID": "c9e56520-a8a3-452c-b5ca-cb3192dafd24", "aks-managed-operationID": "7a36d094-d16e-4088-b1a9-83b67397ae99", "aks-managed-orchestrator": "Kubernetes:1.33.5", "aks-managed-poolName": "usereph2", "aks-managed-resourceNameSuffix": "14784282.0", "aks-managed-ssh-access": "LocalUser", "compute.aks.billing": "linux" } | U6: Organization Name=PT Nawa Darsana Teknologi; Publisher=Microsoft; Publisher Customer ID=346fa229-7c19-44ef-85c6-29e00edf66cf; Unit Price=0.0; ERP=0.0; BenefitType=Charge; aks-managed-consolidated-additional-properties=74465425-495d-11f1-ad6b-a26c3881ebea; aks-managed-creationSource=vmssclient-aks-usereph2-32489559-vmss; aks-managed-enable-imds-restriction=False; aks-managed-kubeletIdentityClientID=c9e56520-a8a3-452c-b5ca-cb3192dafd24; aks-managed-operationID=7a36d094-d16e-4088-b1a9-83b67397ae99; aks-managed-orchestrator=Kubernetes:1.33.5; aks-managed-poolName=usereph2; aks-managed-resourceNameSuffix=14784282.0; aks-managed-ssh-access=LocalUser; compute.aks.billing=linux | V6: 16 | W6: 0 | X6: 0 | Y6: 0 | Z6: 0
A7: June | B7: Microsoft CSP Azure Plan | C7: Divisi Inovasi | D7: divisiinovasi.onmicrosoft.com | E7: a4cdaa2e-caa7-440f-b849-928a3ceb7e31 | F7: AzureCSP_DivisiInovasi | G7: 1141685 | H7: VM RI | I7: Virtual Machines | J7: Virtual Machines RI | K7: Standard | L7: 46174 | M7: 46203 | N7: 1 | O7: 1 Hour | P7: IDR | Q7: MC_RG-ANPER_APRICOT_SOUTHEASTASIA | R7: aks-usereph2-32489559-vmss | S7: southeastasia | T7: { "Organization Name": "PT Nawa Darsana Teknologi", "Publisher": "Microsoft", "Publisher Customer ID": "346fa229-7c19-44ef-85c6-29e00edf66cf", "Unit Price": "0.0", "ERP": "0.0", "BenefitType": "Charge", "aks-managed-consolidated-additional-properties": "74465425-495d-11f1-ad6b-a26c3881ebea", "aks-managed-creationSource": "vmssclient-aks-usereph2-32489559-vmss", "aks-managed-enable-imds-restriction": "False", "aks-managed-kubeletIdentityClientID": "c9e56520-a8a3-452c-b5ca-cb3192dafd24", "aks-managed-operationID": "7a36d094-d16e-4088-b1a9-83b67397ae99", "aks-managed-orchestrator": "Kubernetes:1.33.5", "aks-managed-poolName": "usereph2", "aks-managed-resourceNameSuffix": "14784282.0", "aks-managed-ssh-access": "LocalUser", "compute.aks.billing": "linux" } | U7: Organization Name=PT Nawa Darsana Teknologi; Publisher=Microsoft; Publisher Customer ID=346fa229-7c19-44ef-85c6-29e00edf66cf; Unit Price=0.0; ERP=0.0; BenefitType=Charge; aks-managed-consolidated-additional-properties=74465425-495d-11f1-ad6b-a26c3881ebea; aks-managed-creationSource=vmssclient-aks-usereph2-32489559-vmss; aks-managed-enable-imds-restriction=False; aks-managed-kubeletIdentityClientID=c9e56520-a8a3-452c-b5ca-cb3192dafd24; aks-managed-operationID=7a36d094-d16e-4088-b1a9-83b67397ae99; aks-managed-orchestrator=Kubernetes:1.33.5; aks-managed-poolName=usereph2; aks-managed-resourceNameSuffix=14784282.0; aks-managed-ssh-access=LocalUser; compute.aks.billing=linux | V7: 16 | W7: 0 | X7: 0 | Y7: 0 | Z7: 0
A8: June | B8: Microsoft CSP Azure Plan | C8: Divisi Inovasi | D8: divisiinovasi.onmicrosoft.com | E8: a4cdaa2e-caa7-440f-b849-928a3ceb7e31 | F8: AzureCSP_DivisiInovasi | G8: 1141685 | H8: SQL RI | I8: SQL Database | J8: SQL Database Compute Reservation | K8: Usage | L8: 46174 | M8: 46203 | N8: 1486 | O8: 1 Hour | P8: IDR | Q8: RG-ANPER | R8: apitalawu | S8: southeastasia | T8: { "Organization Name": "PT Nawa Darsana Teknologi", "Publisher": "Microsoft", "Publisher Customer ID": "346fa229-7c19-44ef-85c6-29e00edf66cf", "Unit Price": "0.0", "ERP": "0.0", "BenefitType": "Charge", "Anper": "CE", "MD": "Apricot", "Product": "CE" } | U8: Organization Name=PT Nawa Darsana Teknologi; Publisher=Microsoft; Publisher Customer ID=346fa229-7c19-44ef-85c6-29e00edf66cf; Unit Price=0.0; ERP=0.0; BenefitType=Charge; Anper=CE; MD=Apricot; Product=CE | V8: 9 | W8: 0 | X8: 0 | Y8: 0 | Z8: 0
A9: June | B9: Microsoft CSP Azure Plan | C9: Divisi Inovasi | D9: divisiinovasi.onmicrosoft.com | E9: a4cdaa2e-caa7-440f-b849-928a3ceb7e31 | F9: AzureCSP_DivisiInovasi | G9: 1141685 | H9: Virtual Network Private Link | I9: Virtual Network | J9: Virtual Network Private Link | K9: Standard Private Endpoint | L9: 46174 | M9: 46203 | N9: 720 | O9: 1 Hour | P9: IDR | Q9: rg-anper | R9: aks-access-to-sql-anper | S9: southeastasia | T9: { "Organization Name": "PT Nawa Darsana Teknologi", "Publisher": "Microsoft", "Publisher Customer ID": "346fa229-7c19-44ef-85c6-29e00edf66cf", "Unit Price": "157.52", "ERP": "128880.0", "BenefitType": "Charge", "Anper": "CE" } | U9: Organization Name=PT Nawa Darsana Teknologi; Publisher=Microsoft; Publisher Customer ID=346fa229-7c19-44ef-85c6-29e00edf66cf; Unit Price=157.52; ERP=128880.0; BenefitType=Charge; Anper=CE | V9: 7 | W9: 128880 | X9: 113414.4 | Y9: -15465.6 | Z9: 128880 | AA9: 0.13636364
A10: June | B10: Microsoft CSP Azure Plan | C10: Divisi Inovasi | D10: divisiinovasi.onmicrosoft.com | E10: a4cdaa2e-caa7-440f-b849-928a3ceb7e31 | F10: AzureCSP_DivisiInovasi | G10: 1141685 | H10: Bd Inter-Rgn | I10: Bandwidth | J10: Bandwidth Inter-Region | K10: Inter Continent Data Transfer Out - ASIA To Any | L10: 46174 | M10: 46203 | N10: 2.0752135 | O10: 1 GB | P10: IDR | Q10: mc_rg-anper_apricot_southeastasia | R10: aks-usereph2-32489559-vmss | S10: southeastasia | T10: { "Organization Name": "PT Nawa Darsana Teknologi", "Publisher": "Microsoft", "Publisher Customer ID": "346fa229-7c19-44ef-85c6-29e00edf66cf", "Unit Price": "1219.975146924", "ERP": "2971.70569978", "BenefitType": "Charge", "aks-managed-consolidated-additional-properties": "74465425-495d-11f1-ad6b-a26c3881ebea", "aks-managed-creationSource": "vmssclient-aks-usereph2-32489559-vmss", "aks-managed-enable-imds-restriction": "False", "aks-managed-kubeletIdentityClientID": "c9e56520-a8a3-452c-b5ca-cb3192dafd24", "aks-managed-operationID": "7a36d094-d16e-4088-b1a9-83b67397ae99", "aks-managed-orchestrator": "Kubernetes:1.33.5", "aks-managed-poolName": "usereph2", "aks-managed-resourceNameSuffix": "14784282.0", "aks-managed-ssh-access": "LocalUser", "compute.aks.billing": "linux" } | U10: Organization Name=PT Nawa Darsana Teknologi; Publisher=Microsoft; Publisher Customer ID=346fa229-7c19-44ef-85c6-29e00edf66cf; Unit Price=1219.975146924; ERP=2971.70569978; BenefitType=Charge; aks-managed-consolidated-additional-properties=74465425-495d-11f1-ad6b-a26c3881ebea; aks-managed-creationSource=vmssclient-aks-usereph2-32489559-vmss; aks-managed-enable-imds-restriction=False; aks-managed-kubeletIdentityClientID=c9e56520-a8a3-452c-b5ca-cb3192dafd24; aks-managed-operationID=7a36d094-d16e-4088-b1a9-83b67397ae99; aks-managed-orchestrator=Kubernetes:1.33.5; aks-managed-poolName=usereph2; aks-managed-resourceNameSuffix=14784282.0; aks-managed-ssh-access=LocalUser; compute.aks.billing=linux | V10: 16 | W10: 2876.9389 | X10: 2531.7089 | Y10: -345.23 | Z10: 2876.9389 | AA10: 0.13636244
A11: June | B11: Microsoft CSP Azure Plan | C11: Divisi Inovasi | D11: divisiinovasi.onmicrosoft.com | E11: a4cdaa2e-caa7-440f-b849-928a3ceb7e31 | F11: AzureCSP_DivisiInovasi | G11: 1141685 | H11: Bd Inter-Rgn | I11: Bandwidth | J11: Bandwidth Inter-Region | K11: Inter Continent Data Transfer Out - ASIA To Any | L11: 46174 | M11: 46203 | N11: 0.56531116 | O11: 1 GB | P11: IDR | Q11: mc_rg-anper_apricot_southeastasia | R11: aks-systemeph-11882456-vmss | S11: southeastasia | T11: { "Organization Name": "PT Nawa Darsana Teknologi", "Publisher": "Microsoft", "Publisher Customer ID": "346fa229-7c19-44ef-85c6-29e00edf66cf", "Unit Price": "1216.2665296853", "ERP": "809.5255847", "BenefitType": "Charge", "aks-managed-consolidated-additional-properties": "7445f662-495d-11f1-ad6b-a26c3881ebea", "aks-managed-creationSource": "vmssclient-aks-systemeph-11882456-vmss", "aks-managed-enable-imds-restriction": "False", "aks-managed-kubeletIdentityClientID": "c9e56520-a8a3-452c-b5ca-cb3192dafd24", "aks-managed-operationID": "7a36d094-d16e-4088-b1a9-83b67397ae99", "aks-managed-orchestrator": "Kubernetes:1.33.5", "aks-managed-poolName": "systemeph", "aks-managed-resourceNameSuffix": "14784282.0", "aks-managed-ssh-access": "LocalUser", "compute.aks.billing": "linux" } | U11: Organization Name=PT Nawa Darsana Teknologi; Publisher=Microsoft; Publisher Customer ID=346fa229-7c19-44ef-85c6-29e00edf66cf; Unit Price=1216.2665296853; ERP=809.5255847; BenefitType=Charge; aks-managed-consolidated-additional-properties=7445f662-495d-11f1-ad6b-a26c3881ebea; aks-managed-creationSource=vmssclient-aks-systemeph-11882456-vmss; aks-managed-enable-imds-restriction=False; aks-managed-kubeletIdentityClientID=c9e56520-a8a3-452c-b5ca-cb3192dafd24; aks-managed-operationID=7a36d094-d16e-4088-b1a9-83b67397ae99; aks-managed-orchestrator=Kubernetes:1.33.5; aks-managed-poolName=systemeph; aks-managed-resourceNameSuffix=14784282.0; aks-managed-ssh-access=LocalUser; compute.aks.billing=linux | V11: 16 | W11: 781.32905 | X11: 687.56905 | Y11: -93.76 | Z11: 781.32905 | AA11: 0.13636449
A12: June | B12: Microsoft CSP Azure Plan | C12: Divisi Inovasi | D12: divisiinovasi.onmicrosoft.com | E12: a4cdaa2e-caa7-440f-b849-928a3ceb7e31 | F12: AzureCSP_DivisiInovasi | G12: 1141685 | H12: Bd Inter-Rgn | I12: Bandwidth | J12: Bandwidth Inter-Region | K12: Inter Continent Data Transfer Out - ASIA To Any | L12: 46174 | M12: 46203 | N12: 1.6809735 | O12: 1 GB | P12: IDR | Q12: mc_rg-anper_apricot_southeastasia | R12: aks-usereph2-32489559-vmss | S12: southeastasia | T12: { "Organization Name": "PT Nawa Darsana Teknologi", "Publisher": "Microsoft", "Publisher Customer ID": "346fa229-7c19-44ef-85c6-29e00edf66cf", "Unit Price": "1212.212109605", "ERP": "2407.15400904", "BenefitType": "Charge", "aks-managed-consolidated-additional-properties": "74465425-495d-11f1-ad6b-a26c3881ebea", "aks-managed-creationSource": "vmssclient-aks-usereph2-32489559-vmss", "aks-managed-enable-imds-restriction": "False", "aks-managed-kubeletIdentityClientID": "c9e56520-a8a3-452c-b5ca-cb3192dafd24", "aks-managed-operationID": "7a36d094-d16e-4088-b1a9-83b67397ae99", "aks-managed-orchestrator": "Kubernetes:1.33.5", "aks-managed-poolName": "usereph2", "aks-managed-resourceNameSuffix": "14784282.0", "aks-managed-ssh-access": "LocalUser", "compute.aks.billing": "linux" } | U12: Organization Name=PT Nawa Darsana Teknologi; Publisher=Microsoft; Publisher Customer ID=346fa229-7c19-44ef-85c6-29e00edf66cf; Unit Price=1212.212109605; ERP=2407.15400904; BenefitType=Charge; aks-managed-consolidated-additional-properties=74465425-495d-11f1-ad6b-a26c3881ebea; aks-managed-creationSource=vmssclient-aks-usereph2-32489559-vmss; aks-managed-enable-imds-restriction=False; aks-managed-kubeletIdentityClientID=c9e56520-a8a3-452c-b5ca-cb3192dafd24; aks-managed-operationID=7a36d094-d16e-4088-b1a9-83b67397ae99; aks-managed-orchestrator=Kubernetes:1.33.5; aks-managed-poolName=usereph2; aks-managed-resourceNameSuffix=14784282.0; aks-managed-ssh-access=LocalUser; compute.aks.billing=linux | V12: 16 | W12: 2315.5664 | X12: 2037.6964 | Y12: -277.87 | Z12: 2315.5664 | AA12: 0.13636477
A13: June | B13: Microsoft CSP Azure Plan | C13: Divisi Inovasi | D13: divisiinovasi.onmicrosoft.com | E13: a4cdaa2e-caa7-440f-b849-928a3ceb7e31 | F13: AzureCSP_DivisiInovasi | G13: 1141685 | H13: Virtual Network Private Link | I13: Virtual Network | J13: Virtual Network Private Link | K13: Standard Data Processed - Egress | L13: 46174 | M13: 46203 | N13: 2.5311907 | O13: 1 GB | P13: IDR | Q13: mc_rg-anper_apricot_southeastasia | R13: aks-systemeph-11882456-vmss | S13: southeastasia | T13: { "Organization Name": "PT Nawa Darsana Teknologi", "Publisher": "Microsoft", "Publisher Customer ID": "346fa229-7c19-44ef-85c6-29e00edf66cf", "Unit Price": "157.5199999989", "ERP": "453.08313351", "BenefitType": "Charge", "aks-managed-consolidated-additional-properties": "7445f662-495d-11f1-ad6b-a26c3881ebea", "aks-managed-creationSource": "vmssclient-aks-systemeph-11882456-vmss", "aks-managed-enable-imds-restriction": "False", "aks-managed-kubeletIdentityClientID": "c9e56520-a8a3-452c-b5ca-cb3192dafd24", "aks-managed-operationID": "7a36d094-d16e-4088-b1a9-83b67397ae99", "aks-managed-orchestrator": "Kubernetes:1.33.5", "aks-managed-poolName": "systemeph", "aks-managed-resourceNameSuffix": "14784282.0", "aks-managed-ssh-access": "LocalUser", "compute.aks.billing": "linux" } | U13: Organization Name=PT Nawa Darsana Teknologi; Publisher=Microsoft; Publisher Customer ID=346fa229-7c19-44ef-85c6-29e00edf66cf; Unit Price=157.5199999989; ERP=453.08313351; BenefitType=Charge; aks-managed-consolidated-additional-properties=7445f662-495d-11f1-ad6b-a26c3881ebea; aks-managed-creationSource=vmssclient-aks-systemeph-11882456-vmss; aks-managed-enable-imds-restriction=False; aks-managed-kubeletIdentityClientID=c9e56520-a8a3-452c-b5ca-cb3192dafd24; aks-managed-operationID=7a36d094-d16e-4088-b1a9-83b67397ae99; aks-managed-orchestrator=Kubernetes:1.33.5; aks-managed-poolName=systemeph; aks-managed-resourceNameSuffix=14784282.0; aks-managed-ssh-access=LocalUser; compute.aks.billing=linux | V13: 16 | W13: 453.08316 | X13: 398.71316 | Y13: -54.37 | Z13: 453.08316 | AA13: 0.1363637
A14: June | B14: Microsoft CSP Azure Plan | C14: Divisi Inovasi | D14: divisiinovasi.onmicrosoft.com | E14: a4cdaa2e-caa7-440f-b849-928a3ceb7e31 | F14: AzureCSP_DivisiInovasi | G14: 1141685 | H14: Virtual Network Private Link | I14: Virtual Network | J14: Virtual Network Private Link | K14: Standard Data Processed - Egress | L14: 46174 | M14: 46203 | N14: 30.364177 | O14: 1 GB | P14: IDR | Q14: mc_rg-anper_apricot_southeastasia | R14: aks-usereph2-32489559-vmss | S14: southeastasia | T14: { "Organization Name": "PT Nawa Darsana Teknologi", "Publisher": "Microsoft", "Publisher Customer ID": "346fa229-7c19-44ef-85c6-29e00edf66cf", "Unit Price": "157.5199999999", "ERP": "5435.18775102", "BenefitType": "Charge", "aks-managed-consolidated-additional-properties": "74465425-495d-11f1-ad6b-a26c3881ebea", "aks-managed-creationSource": "vmssclient-aks-usereph2-32489559-vmss", "aks-managed-enable-imds-restriction": "False", "aks-managed-kubeletIdentityClientID": "c9e56520-a8a3-452c-b5ca-cb3192dafd24", "aks-managed-operationID": "7a36d094-d16e-4088-b1a9-83b67397ae99", "aks-managed-orchestrator": "Kubernetes:1.33.5", "aks-managed-poolName": "usereph2", "aks-managed-resourceNameSuffix": "14784282.0", "aks-managed-ssh-access": "LocalUser", "compute.aks.billing": "linux" } | U14: Organization Name=PT Nawa Darsana Teknologi; Publisher=Microsoft; Publisher Customer ID=346fa229-7c19-44ef-85c6-29e00edf66cf; Unit Price=157.5199999999; ERP=5435.18775102; BenefitType=Charge; aks-managed-consolidated-additional-properties=74465425-495d-11f1-ad6b-a26c3881ebea; aks-managed-creationSource=vmssclient-aks-usereph2-32489559-vmss; aks-managed-enable-imds-restriction=False; aks-managed-kubeletIdentityClientID=c9e56520-a8a3-452c-b5ca-cb3192dafd24; aks-managed-operationID=7a36d094-d16e-4088-b1a9-83b67397ae99; aks-managed-orchestrator=Kubernetes:1.33.5; aks-managed-poolName=usereph2; aks-managed-resourceNameSuffix=14784282.0; aks-managed-ssh-access=LocalUser; compute.aks.billing=linux | V14: 16 | W14: 5435.1852 | X14: 4782.9652 | Y14: -652.22 | Z14: 5435.1852 | AA14: 0.13636311
A15: June | B15: Microsoft CSP Azure Plan | C15: Divisi Inovasi | D15: divisiinovasi.onmicrosoft.com | E15: a4cdaa2e-caa7-440f-b849-928a3ceb7e31 | F15: AzureCSP_DivisiInovasi | G15: 1141685 | H15: Bd Inter-Rgn | I15: Bandwidth | J15: Bandwidth Inter-Region | K15: Inter Continent Data Transfer Out - ASIA To Any | L15: 46174 | M15: 46203 | N15: 0.3690117 | O15: 1 GB | P15: IDR | Q15: mc_rg-anper_apricot_southeastasia | R15: aks-monitoring-44423715-vmss | S15: southeastasia | T15: { "Organization Name": "PT Nawa Darsana Teknologi", "Publisher": "Microsoft", "Publisher Customer ID": "346fa229-7c19-44ef-85c6-29e00edf66cf", "Unit Price": "1227.0015197479", "ERP": "528.42475082", "BenefitType": "Charge", "aks-managed-consolidated-additional-properties": "744593b0-495d-11f1-ad6b-a26c3881ebea", "aks-managed-creationSource": "vmssclient-aks-monitoring-44423715-vmss", "aks-managed-enable-imds-restriction": "False", "aks-managed-kubeletIdentityClientID": "c9e56520-a8a3-452c-b5ca-cb3192dafd24", "aks-managed-operationID": "7a36d094-d16e-4088-b1a9-83b67397ae99", "aks-managed-orchestrator": "Kubernetes:1.33.5", "aks-managed-poolName": "monitoring", "aks-managed-resourceNameSuffix": "14784282.0", "aks-managed-ssh-access": "LocalUser", "compute.aks.billing": "linux", "purpose": "monitoring" } | U15: Organization Name=PT Nawa Darsana Teknologi; Publisher=Microsoft; Publisher Customer ID=346fa229-7c19-44ef-85c6-29e00edf66cf; Unit Price=1227.0015197479; ERP=528.42475082; BenefitType=Charge; aks-managed-consolidated-additional-properties=744593b0-495d-11f1-ad6b-a26c3881ebea; aks-managed-creationSource=vmssclient-aks-monitoring-44423715-vmss; aks-managed-enable-imds-restriction=False; aks-managed-kubeletIdentityClientID=c9e56520-a8a3-452c-b5ca-cb3192dafd24; aks-managed-operationID=7a36d094-d16e-4088-b1a9-83b67397ae99; aks-managed-orchestrator=Kubernetes:1.33.5; aks-managed-poolName=monitoring; aks-managed-resourceNameSuffix=14784282.0; aks-managed-ssh-access=LocalUser; compute.aks.billing=linux; purpose=monitoring | V15: 17 | W15: 514.51791 | X15: 452.77791 | Y15: -61.74 | Z15: 514.51791 | AA15: 0.13635824
A16: June | B16: Microsoft CSP Azure Plan | C16: Divisi Inovasi | D16: divisiinovasi.onmicrosoft.com | E16: a4cdaa2e-caa7-440f-b849-928a3ceb7e31 | F16: AzureCSP_DivisiInovasi | G16: 1141685 | H16: Microsoft Def for SQL | I16: Microsoft Defender for Cloud | J16: Microsoft Defender for SQL | K16: Standard Node | L16: 46174 | M16: 46203 | N16: 0.96774194 | O16: 1/Month | P16: IDR | Q16: RG-ANPER | R16: apangcoe | S16: southeastasia | T16: { "Organization Name": "PT Nawa Darsana Teknologi", "Publisher": "Microsoft", "Publisher Customer ID": "346fa229-7c19-44ef-85c6-29e00edf66cf", "Unit Price": "236279.9999999971", "ERP": "259838.70967638", "BenefitType": "Charge", "Anper": "CE", "md-alias": "Anper", "Product": "CE" } | U16: Organization Name=PT Nawa Darsana Teknologi; Publisher=Microsoft; Publisher Customer ID=346fa229-7c19-44ef-85c6-29e00edf66cf; Unit Price=236279.9999999971; ERP=259838.70967638; BenefitType=Charge; Anper=CE; md-alias=Anper; Product=CE | V16: 9 | W16: 259838.71 | X16: 228658.06 | Y16: -31180.65 | Z16: 259838.71 | AA16: 0.13636366
A17: June | B17: Microsoft CSP Azure Plan | C17: Divisi Inovasi | D17: divisiinovasi.onmicrosoft.com | E17: a4cdaa2e-caa7-440f-b849-928a3ceb7e31 | F17: AzureCSP_DivisiInovasi | G17: 1141685 | H17: Bd Inter-Rgn | I17: Bandwidth | J17: Bandwidth Inter-Region | K17: Inter Continent Data Transfer Out - ASIA To Any | L17: 46174 | M17: 46203 | N17: 8.74726e-05 | O17: 1 GB | P17: IDR | Q17: mc_rg-anper_apricot_southeastasia | R17: aks-usereph2-32489559-vmss | S17: southeastasia | T17: { "Organization Name": "PT Nawa Darsana Teknologi", "Publisher": "Microsoft", "Publisher Customer ID": "346fa229-7c19-44ef-85c6-29e00edf66cf", "Unit Price": "1260.1599995887", "ERP": "0.12526062", "BenefitType": "Charge", "aks-managed-consolidated-additional-properties": "74465425-495d-11f1-ad6b-a26c3881ebea", "aks-managed-creationSource": "vmssclient-aks-usereph2-32489559-vmss", "aks-managed-enable-imds-restriction": "False", "aks-managed-kubeletIdentityClientID": "c9e56520-a8a3-452c-b5ca-cb3192dafd24", "aks-managed-operationID": "7a36d094-d16e-4088-b1a9-83b67397ae99", "aks-managed-orchestrator": "Kubernetes:1.33.5", "aks-managed-poolName": "usereph2", "aks-managed-resourceNameSuffix": "14784282.0", "aks-managed-ssh-access": "LocalUser", "compute.aks.billing": "linux" } | U17: Organization Name=PT Nawa Darsana Teknologi; Publisher=Microsoft; Publisher Customer ID=346fa229-7c19-44ef-85c6-29e00edf66cf; Unit Price=1260.1599995887; ERP=0.12526062; BenefitType=Charge; aks-managed-consolidated-additional-properties=74465425-495d-11f1-ad6b-a26c3881ebea; aks-managed-creationSource=vmssclient-aks-usereph2-32489559-vmss; aks-managed-enable-imds-restriction=False; aks-managed-kubeletIdentityClientID=c9e56520-a8a3-452c-b5ca-cb3192dafd24; aks-managed-operationID=7a36d094-d16e-4088-b1a9-83b67397ae99; aks-managed-orchestrator=Kubernetes:1.33.5; aks-managed-poolName=usereph2; aks-managed-resourceNameSuffix=14784282.0; aks-managed-ssh-access=LocalUser; compute.aks.billing=linux | V17: 16 | W17: 0.13022948 | X17: 0.11022948 | Y17: -0.02 | Z17: 0.13022948 | AA17: 0.18143966
A18: June | B18: Microsoft CSP Azure Plan | C18: Divisi Inovasi | D18: divisiinovasi.onmicrosoft.com | E18: a4cdaa2e-caa7-440f-b849-928a3ceb7e31 | F18: AzureCSP_DivisiInovasi | G18: 1141685 | H18: Azure Monitor | I18: Azure Monitor | J18: Azure Monitor | K18: Standard Web Test Execution | L18: 46174 | M18: 46203 | N18: 198720 | O18: 1 | P18: IDR | Q18: RG-ANPER | R18: api-curl-anper | S18: indonesiacentral | T18: { "Organization Name": "PT Nawa Darsana Teknologi", "Publisher": "Microsoft", "Publisher Customer ID": "346fa229-7c19-44ef-85c6-29e00edf66cf", "Unit Price": "9.21492", "ERP": "2080896.48", "BenefitType": "Charge" } | U18: Organization Name=PT Nawa Darsana Teknologi; Publisher=Microsoft; Publisher Customer ID=346fa229-7c19-44ef-85c6-29e00edf66cf; Unit Price=9.21492; ERP=2080896.48; BenefitType=Charge | V18: 6 | W18: 2080896.5 | X18: 1831188.9 | Y18: -249707.58 | Z18: 2080896.5 | AA18: 0.13636364
A19: June | B19: Microsoft CSP Azure Plan | C19: Divisi Inovasi | D19: divisiinovasi.onmicrosoft.com | E19: a4cdaa2e-caa7-440f-b849-928a3ceb7e31 | F19: AzureCSP_DivisiInovasi | G19: 1141685 | H19: Service Bus | I19: Service Bus | J19: Service Bus | K19: Standard Messaging Operations | L19: 46174 | M19: 46203 | N19: 0.000339 | O19: 1M | P19: IDR | Q19: RG-ANPER | R19: azaleahub | S19: southeastasia | T19: { "Organization Name": "PT Nawa Darsana Teknologi", "Publisher": "Microsoft", "Publisher Customer ID": "346fa229-7c19-44ef-85c6-29e00edf66cf", "Unit Price": "0.0", "ERP": "4.85448", "BenefitType": "Charge", "Anper": "Anper", "CE": "CDC" } | U19: Organization Name=PT Nawa Darsana Teknologi; Publisher=Microsoft; Publisher Customer ID=346fa229-7c19-44ef-85c6-29e00edf66cf; Unit Price=0.0; ERP=4.85448; BenefitType=Charge; Anper=Anper; CE=CDC | V19: 8 | W19: 0 | X19: 0 | Y19: 0 | Z19: 0
A20: June | B20: Microsoft CSP Azure Plan | C20: Divisi Inovasi | D20: divisiinovasi.onmicrosoft.com | E20: a4cdaa2e-caa7-440f-b849-928a3ceb7e31 | F20: AzureCSP_DivisiInovasi | G20: 1141685 | H20: Dv3 Series VM | I20: Virtual Machines | J20: Virtual Machines Dv3 Series | K20: D4 v3/D4s v3 | L20: 46174 | M20: 46203 | N20: 1 | O20: 1 Hour | P20: IDR | Q20: MC_RG-ANPER_APRICOT_SOUTHEASTASIA | R20: aks-usereph2-32489559-vmss | S20: southeastasia | T20: { "Organization Name": "PT Nawa Darsana Teknologi", "Publisher": "Microsoft", "Publisher Customer ID": "346fa229-7c19-44ef-85c6-29e00edf66cf", "Unit Price": "3938.0", "ERP": "4475.0", "BenefitType": "Charge", "aks-managed-consolidated-additional-properties": "74465425-495d-11f1-ad6b-a26c3881ebea", "aks-managed-creationSource": "vmssclient-aks-usereph2-32489559-vmss", "aks-managed-enable-imds-restriction": "False", "aks-managed-kubeletIdentityClientID": "c9e56520-a8a3-452c-b5ca-cb3192dafd24", "aks-managed-operationID": "7a36d094-d16e-4088-b1a9-83b67397ae99", "aks-managed-orchestrator": "Kubernetes:1.33.5", "aks-managed-poolName": "usereph2", "aks-managed-resourceNameSuffix": "14784282.0", "aks-managed-ssh-access": "LocalUser", "compute.aks.billing": "linux" } | U20: Organization Name=PT Nawa Darsana Teknologi; Publisher=Microsoft; Publisher Customer ID=346fa229-7c19-44ef-85c6-29e00edf66cf; Unit Price=3938.0; ERP=4475.0; BenefitType=Charge; aks-managed-consolidated-additional-properties=74465425-495d-11f1-ad6b-a26c3881ebea; aks-managed-creationSource=vmssclient-aks-usereph2-32489559-vmss; aks-managed-enable-imds-restriction=False; aks-managed-kubeletIdentityClientID=c9e56520-a8a3-452c-b5ca-cb3192dafd24; aks-managed-operationID=7a36d094-d16e-4088-b1a9-83b67397ae99; aks-managed-orchestrator=Kubernetes:1.33.5; aks-managed-poolName=usereph2; aks-managed-resourceNameSuffix=14784282.0; aks-managed-ssh-access=LocalUser; compute.aks.billing=linux | V20: 16 | W20: 4475 | X20: 3938 | Y20: -537 | Z20: 4475 | AA20: 0.13636364
A21: June | B21: Microsoft CSP Azure Plan | C21: Divisi Inovasi | D21: divisiinovasi.onmicrosoft.com | E21: a4cdaa2e-caa7-440f-b849-928a3ceb7e31 | F21: AzureCSP_DivisiInovasi | G21: 1141685 | H21: SQL DB Sgl/El Pool PITR Backup Storage | I21: SQL Database | J21: SQL Database Single/Elastic Pool PITR Backup Storage | K21: RA-GRS Data Stored | L21: 46174 | M21: 46203 | N21: 0.16633572 | O21: 1 GB/Month | P21: IDR | Q21: RG-ANPER | R21: apitalawu | S21: southeastasia | T21: { "Organization Name": "PT Nawa Darsana Teknologi", "Publisher": "Microsoft", "Publisher Customer ID": "346fa229-7c19-44ef-85c6-29e00edf66cf", "Unit Price": "3780.4799999993", "ERP": "714.57825491", "BenefitType": "Charge", "Anper": "CE", "MD": "Apricot", "Product": "CE" } | U21: Organization Name=PT Nawa Darsana Teknologi; Publisher=Microsoft; Publisher Customer ID=346fa229-7c19-44ef-85c6-29e00edf66cf; Unit Price=3780.4799999993; ERP=714.57825491; BenefitType=Charge; Anper=CE; MD=Apricot; Product=CE | V21: 9 | W21: 714.57886 | X21: 628.82886 | Y21: -85.75 | Z21: 714.57886 | AA21: 0.13636461
A22: June | B22: Microsoft CSP Azure Plan | C22: Divisi Inovasi | D22: divisiinovasi.onmicrosoft.com | E22: a4cdaa2e-caa7-440f-b849-928a3ceb7e31 | F22: AzureCSP_DivisiInovasi | G22: 1141685 | H22: Rtn Pref: MGN | I22: Bandwidth | J22: Rtn Preference: MGN | K22: Standard Data Transfer Out | L22: 46174 | M22: 46203 | N22: 2.3375997 | O22: 1 GB | P22: IDR | Q22: mc_rg-anper_apricot_southeastasia | R22: aks-monitoring-44423715-vmss | S22: southeastasia | T22: { "Organization Name": "PT Nawa Darsana Teknologi", "Publisher": "Microsoft", "Publisher Customer ID": "346fa229-7c19-44ef-85c6-29e00edf66cf", "Unit Price": "1855.9473910116", "ERP": "5021.16426121", "BenefitType": "Charge", "aks-managed-consolidated-additional-properties": "744593b0-495d-11f1-ad6b-a26c3881ebea", "aks-managed-creationSource": "vmssclient-aks-monitoring-44423715-vmss", "aks-managed-enable-imds-restriction": "False", "aks-managed-kubeletIdentityClientID": "c9e56520-a8a3-452c-b5ca-cb3192dafd24", "aks-managed-operationID": "7a36d094-d16e-4088-b1a9-83b67397ae99", "aks-managed-orchestrator": "Kubernetes:1.33.5", "aks-managed-poolName": "monitoring", "aks-managed-resourceNameSuffix": "14784282.0", "aks-managed-ssh-access": "LocalUser", "compute.aks.billing": "linux", "purpose": "monitoring" } | U22: Organization Name=PT Nawa Darsana Teknologi; Publisher=Microsoft; Publisher Customer ID=346fa229-7c19-44ef-85c6-29e00edf66cf; Unit Price=1855.9473910116; ERP=5021.16426121; BenefitType=Charge; aks-managed-consolidated-additional-properties=744593b0-495d-11f1-ad6b-a26c3881ebea; aks-managed-creationSource=vmssclient-aks-monitoring-44423715-vmss; aks-managed-enable-imds-restriction=False; aks-managed-kubeletIdentityClientID=c9e56520-a8a3-452c-b5ca-cb3192dafd24; aks-managed-operationID=7a36d094-d16e-4088-b1a9-83b67397ae99; aks-managed-orchestrator=Kubernetes:1.33.5; aks-managed-poolName=monitoring; aks-managed-resourceNameSuffix=14784282.0; aks-managed-ssh-access=LocalUser; compute.aks.billing=linux; purpose=monitoring | V22: 17 | W22: 4930.0722 | X22: 4338.4622 | Y22: -591.61 | Z22: 4930.0722 | AA22: 0.13636399
A23: June | B23: Microsoft CSP Azure Plan | C23: Divisi Inovasi | D23: divisiinovasi.onmicrosoft.com | E23: a4cdaa2e-caa7-440f-b849-928a3ceb7e31 | F23: AzureCSP_DivisiInovasi | G23: 1141685 | H23: Rtn Pref: MGN | I23: Bandwidth | J23: Rtn Preference: MGN | K23: Standard Data Transfer Out | L23: 46174 | M23: 46203 | N23: 0.33164177 | O23: 1 GB | P23: IDR | Q23: mc_rg-anper_apricot_southeastasia | R23: aks-usereph2-32489559-vmss | S23: southeastasia | T23: { "Organization Name": "PT Nawa Darsana Teknologi", "Publisher": "Microsoft", "Publisher Customer ID": "346fa229-7c19-44ef-85c6-29e00edf66cf", "Unit Price": "1874.6866190307", "ERP": "712.36652733", "BenefitType": "Charge", "aks-managed-consolidated-additional-properties": "74465425-495d-11f1-ad6b-a26c3881ebea", "aks-managed-creationSource": "vmssclient-aks-usereph2-32489559-vmss", "aks-managed-enable-imds-restriction": "False", "aks-managed-kubeletIdentityClientID": "c9e56520-a8a3-452c-b5ca-cb3192dafd24", "aks-managed-operationID": "7a36d094-d16e-4088-b1a9-83b67397ae99", "aks-managed-orchestrator": "Kubernetes:1.33.5", "aks-managed-poolName": "usereph2", "aks-managed-resourceNameSuffix": "14784282.0", "aks-managed-ssh-access": "LocalUser", "compute.aks.billing": "linux" } | U23: Organization Name=PT Nawa Darsana Teknologi; Publisher=Microsoft; Publisher Customer ID=346fa229-7c19-44ef-85c6-29e00edf66cf; Unit Price=1874.6866190307; ERP=712.36652733; BenefitType=Charge; aks-managed-consolidated-additional-properties=74465425-495d-11f1-ad6b-a26c3881ebea; aks-managed-creationSource=vmssclient-aks-usereph2-32489559-vmss; aks-managed-enable-imds-restriction=False; aks-managed-kubeletIdentityClientID=c9e56520-a8a3-452c-b5ca-cb3192dafd24; aks-managed-operationID=7a36d094-d16e-4088-b1a9-83b67397ae99; aks-managed-orchestrator=Kubernetes:1.33.5; aks-managed-poolName=usereph2; aks-managed-resourceNameSuffix=14784282.0; aks-managed-ssh-access=LocalUser; compute.aks.billing=linux | V23: 16 | W23: 706.50439 | X23: 621.72439 | Y23: -84.78 | Z23: 706.50439 | AA23: 0.13636267
A24: June | B24: Microsoft CSP Azure Plan | C24: Divisi Inovasi | D24: divisiinovasi.onmicrosoft.com | E24: a4cdaa2e-caa7-440f-b849-928a3ceb7e31 | F24: AzureCSP_DivisiInovasi | G24: 1141685 | H24: Azure DNS | I24: Azure DNS | J24: Azure DNS | K24: Private Zone | L24: 46174 | M24: 46203 | N24: 0.96774194 | O24: 1 | P24: IDR | Q24: rg-anper | R24: privatelink.database.windows.net | S24: global | T24: { "Organization Name": "PT Nawa Darsana Teknologi", "Publisher": "Microsoft", "Publisher Customer ID": "346fa229-7c19-44ef-85c6-29e00edf66cf", "Unit Price": "2450.3111111099", "ERP": "8661.29032183", "BenefitType": "Charge", "Anper": "CE" } | U24: Organization Name=PT Nawa Darsana Teknologi; Publisher=Microsoft; Publisher Customer ID=346fa229-7c19-44ef-85c6-29e00edf66cf; Unit Price=2450.3111111099; ERP=8661.29032183; BenefitType=Charge; Anper=CE | V24: 7 | W24: 2694.6188 | X24: 2371.2688 | Y24: -323.35 | Z24: 2694.6188 | AA24: 0.1363616
A25: June | B25: Microsoft CSP Azure Plan | C25: Divisi Inovasi | D25: divisiinovasi.onmicrosoft.com | E25: a4cdaa2e-caa7-440f-b849-928a3ceb7e31 | F25: AzureCSP_DivisiInovasi | G25: 1141685 | H25: Virtual Network Private Link | I25: Virtual Network | J25: Virtual Network Private Link | K25: Standard Private Endpoint | L25: 46174 | M25: 46203 | N25: 720 | O25: 1 Hour | P25: IDR | Q25: rg-anper | R25: azaleahub-to-aks-salvia-private-endpoint | S25: southeastasia | T25: { "Organization Name": "PT Nawa Darsana Teknologi", "Publisher": "Microsoft", "Publisher Customer ID": "346fa229-7c19-44ef-85c6-29e00edf66cf", "Unit Price": "157.52", "ERP": "128880.0", "BenefitType": "Charge", "Anper": "Anper", "CE": "CDC" } | U25: Organization Name=PT Nawa Darsana Teknologi; Publisher=Microsoft; Publisher Customer ID=346fa229-7c19-44ef-85c6-29e00edf66cf; Unit Price=157.52; ERP=128880.0; BenefitType=Charge; Anper=Anper; CE=CDC | V25: 8 | W25: 128880 | X25: 113414.4 | Y25: -15465.6 | Z25: 128880 | AA25: 0.13636364
A26: June | B26: Microsoft CSP Azure Plan | C26: Divisi Inovasi | D26: divisiinovasi.onmicrosoft.com | E26: a4cdaa2e-caa7-440f-b849-928a3ceb7e31 | F26: AzureCSP_DivisiInovasi | G26: 1141685 | H26: Virtual Network Private Link | I26: Virtual Network | J26: Virtual Network Private Link | K26: Standard Private Endpoint | L26: 46174 | M26: 46203 | N26: 720 | O26: 1 Hour | P26: IDR | Q26: rg-anper | R26: sql-anper-to-aks-salvia-private-endpoint | S26: southeastasia | T26: { "Organization Name": "PT Nawa Darsana Teknologi", "Publisher": "Microsoft", "Publisher Customer ID": "346fa229-7c19-44ef-85c6-29e00edf66cf", "Unit Price": "157.52", "ERP": "128880.0", "BenefitType": "Charge", "Anper": "Anper" } | U26: Organization Name=PT Nawa Darsana Teknologi; Publisher=Microsoft; Publisher Customer ID=346fa229-7c19-44ef-85c6-29e00edf66cf; Unit Price=157.52; ERP=128880.0; BenefitType=Charge; Anper=Anper | V26: 7 | W26: 128880 | X26: 113414.4 | Y26: -15465.6 | Z26: 128880 | AA26: 0.13636364
A27: June | B27: Microsoft CSP Azure Plan | C27: Divisi Inovasi | D27: divisiinovasi.onmicrosoft.com | E27: a4cdaa2e-caa7-440f-b849-928a3ceb7e31 | F27: AzureCSP_DivisiInovasi | G27: 1141685 | H27: Virtual Network Private Link | I27: Virtual Network | J27: Virtual Network Private Link | K27: Standard Private Endpoint | L27: 46174 | M27: 46203 | N27: 720 | O27: 1 Hour | P27: IDR | Q27: rg-anper | R27: vpn-access-to-sql-anper | S27: southeastasia | T27: { "Organization Name": "PT Nawa Darsana Teknologi", "Publisher": "Microsoft", "Publisher Customer ID": "346fa229-7c19-44ef-85c6-29e00edf66cf", "Unit Price": "157.52", "ERP": "128880.0", "BenefitType": "Charge", "Anper": "CE" } | U27: Organization Name=PT Nawa Darsana Teknologi; Publisher=Microsoft; Publisher Customer ID=346fa229-7c19-44ef-85c6-29e00edf66cf; Unit Price=157.52; ERP=128880.0; BenefitType=Charge; Anper=CE | V27: 7 | W27: 128880 | X27: 113414.4 | Y27: -15465.6 | Z27: 128880 | AA27: 0.13636364
A28: June | B28: Microsoft CSP Azure Plan | C28: Divisi Inovasi | D28: divisiinovasi.onmicrosoft.com | E28: a4cdaa2e-caa7-440f-b849-928a3ceb7e31 | F28: AzureCSP_DivisiInovasi | G28: 1141685 | H28: VM RI | I28: Virtual Machines | J28: Virtual Machines RI | K28: Standard | L28: 46174 | M28: 46203 | N28: 25.919699 | O28: 1 Hour | P28: IDR | Q28: MC_RG-ANPER_APRICOT_SOUTHEASTASIA | R28: aks-usereph2-32489559-vmss | S28: southeastasia | T28: { "Organization Name": "PT Nawa Darsana Teknologi", "Publisher": "Microsoft", "Publisher Customer ID": "346fa229-7c19-44ef-85c6-29e00edf66cf", "Unit Price": "0.0", "ERP": "0.0", "BenefitType": "Charge", "aks-managed-consolidated-additional-properties": "74465425-495d-11f1-ad6b-a26c3881ebea", "aks-managed-creationSource": "vmssclient-aks-usereph2-32489559-vmss", "aks-managed-enable-imds-restriction": "False", "aks-managed-kubeletIdentityClientID": "c9e56520-a8a3-452c-b5ca-cb3192dafd24", "aks-managed-operationID": "7a36d094-d16e-4088-b1a9-83b67397ae99", "aks-managed-orchestrator": "Kubernetes:1.33.5", "aks-managed-poolName": "usereph2", "aks-managed-resourceNameSuffix": "14784282.0", "aks-managed-ssh-access": "LocalUser", "compute.aks.billing": "linux" } | U28: Organization Name=PT Nawa Darsana Teknologi; Publisher=Microsoft; Publisher Customer ID=346fa229-7c19-44ef-85c6-29e00edf66cf; Unit Price=0.0; ERP=0.0; BenefitType=Charge; aks-managed-consolidated-additional-properties=74465425-495d-11f1-ad6b-a26c3881ebea; aks-managed-creationSource=vmssclient-aks-usereph2-32489559-vmss; aks-managed-enable-imds-restriction=False; aks-managed-kubeletIdentityClientID=c9e56520-a8a3-452c-b5ca-cb3192dafd24; aks-managed-operationID=7a36d094-d16e-4088-b1a9-83b67397ae99; aks-managed-orchestrator=Kubernetes:1.33.5; aks-managed-poolName=usereph2; aks-managed-resourceNameSuffix=14784282.0; aks-managed-ssh-access=LocalUser; compute.aks.billing=linux | V28: 16 | W28: 0 | X28: 0 | Y28: 0 | Z28: 0
A29: June | B29: Microsoft CSP Azure Plan | C29: Divisi Inovasi | D29: divisiinovasi.onmicrosoft.com | E29: a4cdaa2e-caa7-440f-b849-928a3ceb7e31 | F29: AzureCSP_DivisiInovasi | G29: 1141685 | H29: VM RI | I29: Virtual Machines | J29: Virtual Machines RI | K29: Standard | L29: 46174 | M29: 46203 | N29: 231.99937 | O29: 1 Hour | P29: IDR | Q29: MC_RG-ANPER_APRICOT_SOUTHEASTASIA | R29: aks-usereph2-32489559-vmss | S29: southeastasia | T29: { "Organization Name": "PT Nawa Darsana Teknologi", "Publisher": "Microsoft", "Publisher Customer ID": "346fa229-7c19-44ef-85c6-29e00edf66cf", "Unit Price": "0.0", "ERP": "0.0", "BenefitType": "Charge", "aks-managed-consolidated-additional-properties": "74465425-495d-11f1-ad6b-a26c3881ebea", "aks-managed-creationSource": "vmssclient-aks-usereph2-32489559-vmss", "aks-managed-enable-imds-restriction": "False", "aks-managed-kubeletIdentityClientID": "c9e56520-a8a3-452c-b5ca-cb3192dafd24", "aks-managed-operationID": "7a36d094-d16e-4088-b1a9-83b67397ae99", "aks-managed-orchestrator": "Kubernetes:1.33.5", "aks-managed-poolName": "usereph2", "aks-managed-resourceNameSuffix": "14784282.0", "aks-managed-ssh-access": "LocalUser", "compute.aks.billing": "linux" } | U29: Organization Name=PT Nawa Darsana Teknologi; Publisher=Microsoft; Publisher Customer ID=346fa229-7c19-44ef-85c6-29e00edf66cf; Unit Price=0.0; ERP=0.0; BenefitType=Charge; aks-managed-consolidated-additional-properties=74465425-495d-11f1-ad6b-a26c3881ebea; aks-managed-creationSource=vmssclient-aks-usereph2-32489559-vmss; aks-managed-enable-imds-restriction=False; aks-managed-kubeletIdentityClientID=c9e56520-a8a3-452c-b5ca-cb3192dafd24; aks-managed-operationID=7a36d094-d16e-4088-b1a9-83b67397ae99; aks-managed-orchestrator=Kubernetes:1.33.5; aks-managed-poolName=usereph2; aks-managed-resourceNameSuffix=14784282.0; aks-managed-ssh-access=LocalUser; compute.aks.billing=linux | V29: 16 | W29: 0 | X29: 0 | Y29: 0 | Z29: 0
A30: June | B30: Microsoft CSP Azure Plan | C30: Divisi Inovasi | D30: divisiinovasi.onmicrosoft.com | E30: a4cdaa2e-caa7-440f-b849-928a3ceb7e31 | F30: AzureCSP_DivisiInovasi | G30: 1141685 | H30: Bd Inter-Rgn | I30: Bandwidth | J30: Bandwidth Inter-Region | K30: Inter Continent Data Transfer Out - ASIA To Any | L30: 46174 | M30: 46203 | N30: 2.0574184 | O30: 1 GB | P30: IDR | Q30: mc_rg-anper_apricot_southeastasia | R30: aks-usereph2-32489559-vmss | S30: southeastasia | T30: { "Organization Name": "PT Nawa Darsana Teknologi", "Publisher": "Microsoft", "Publisher Customer ID": "346fa229-7c19-44ef-85c6-29e00edf66cf", "Unit Price": "1216.4071829961", "ERP": "2946.22315954", "BenefitType": "Charge", "aks-managed-consolidated-additional-properties": "74465425-495d-11f1-ad6b-a26c3881ebea", "aks-managed-creationSource": "vmssclient-aks-usereph2-32489559-vmss", "aks-managed-enable-imds-restriction": "False", "aks-managed-kubeletIdentityClientID": "c9e56520-a8a3-452c-b5ca-cb3192dafd24", "aks-managed-operationID": "7a36d094-d16e-4088-b1a9-83b67397ae99", "aks-managed-orchestrator": "Kubernetes:1.33.5", "aks-managed-poolName": "usereph2", "aks-managed-resourceNameSuffix": "14784282.0", "aks-managed-ssh-access": "LocalUser", "compute.aks.billing": "linux" } | U30: Organization Name=PT Nawa Darsana Teknologi; Publisher=Microsoft; Publisher Customer ID=346fa229-7c19-44ef-85c6-29e00edf66cf; Unit Price=1216.4071829961; ERP=2946.22315954; BenefitType=Charge; aks-managed-consolidated-additional-properties=74465425-495d-11f1-ad6b-a26c3881ebea; aks-managed-creationSource=vmssclient-aks-usereph2-32489559-vmss; aks-managed-enable-imds-restriction=False; aks-managed-kubeletIdentityClientID=c9e56520-a8a3-452c-b5ca-cb3192dafd24; aks-managed-operationID=7a36d094-d16e-4088-b1a9-83b67397ae99; aks-managed-orchestrator=Kubernetes:1.33.5; aks-managed-poolName=usereph2; aks-managed-resourceNameSuffix=14784282.0; aks-managed-ssh-access=LocalUser; compute.aks.billing=linux | V30: 16 | W30: 2843.9285 | X30: 2502.6585 | Y30: -341.27 | Z30: 2843.9285 | AA30: 0.13636299
A31: June | B31: Microsoft CSP Azure Plan | C31: Divisi Inovasi | D31: divisiinovasi.onmicrosoft.com | E31: a4cdaa2e-caa7-440f-b849-928a3ceb7e31 | F31: AzureCSP_DivisiInovasi | G31: 1141685 | H31: Virtual Network Peering | I31: Virtual Network | J31: Virtual Network Peering | K31: Intra-Region Ingress | L31: 46174 | M31: 46203 | N31: 1.0353796 | O31: 1 GB | P31: IDR | Q31: mc_rg-anper_apricot_southeastasia | R31: aks-usereph2-32489559-vmss | S31: southeastasia | T31: { "Organization Name": "PT Nawa Darsana Teknologi", "Publisher": "Microsoft", "Publisher Customer ID": "346fa229-7c19-44ef-85c6-29e00edf66cf", "Unit Price": "157.5199999971", "ERP": "185.33295556", "BenefitType": "Charge", "aks-managed-consolidated-additional-properties": "74465425-495d-11f1-ad6b-a26c3881ebea", "aks-managed-creationSource": "vmssclient-aks-usereph2-32489559-vmss", "aks-managed-enable-imds-restriction": "False", "aks-managed-kubeletIdentityClientID": "c9e56520-a8a3-452c-b5ca-cb3192dafd24", "aks-managed-operationID": "7a36d094-d16e-4088-b1a9-83b67397ae99", "aks-managed-orchestrator": "Kubernetes:1.33.5", "aks-managed-poolName": "usereph2", "aks-managed-resourceNameSuffix": "14784282.0", "aks-managed-ssh-access": "LocalUser", "compute.aks.billing": "linux" } | U31: Organization Name=PT Nawa Darsana Teknologi; Publisher=Microsoft; Publisher Customer ID=346fa229-7c19-44ef-85c6-29e00edf66cf; Unit Price=157.5199999971; ERP=185.33295556; BenefitType=Charge; aks-managed-consolidated-additional-properties=74465425-495d-11f1-ad6b-a26c3881ebea; aks-managed-creationSource=vmssclient-aks-usereph2-32489559-vmss; aks-managed-enable-imds-restriction=False; aks-managed-kubeletIdentityClientID=c9e56520-a8a3-452c-b5ca-cb3192dafd24; aks-managed-operationID=7a36d094-d16e-4088-b1a9-83b67397ae99; aks-managed-orchestrator=Kubernetes:1.33.5; aks-managed-poolName=usereph2; aks-managed-resourceNameSuffix=14784282.0; aks-managed-ssh-access=LocalUser; compute.aks.billing=linux | V31: 16 | W31: 185.333 | X31: 163.093 | Y31: -22.24 | Z31: 185.333 | AA31: 0.13636391
A32: June | B32: Microsoft CSP Azure Plan | C32: Divisi Inovasi | D32: divisiinovasi.onmicrosoft.com | E32: a4cdaa2e-caa7-440f-b849-928a3ceb7e31 | F32: AzureCSP_DivisiInovasi | G32: 1141685 | H32: Bd Inter-Rgn | I32: Bandwidth | J32: Bandwidth Inter-Region | K32: Intra Continent Data Transfer Out | L32: 46174 | M32: 46203 | N32: 4.9221726 | O32: 1 GB | P32: IDR | Q32: mc_rg-anper_apricot_southeastasia | R32: aks-usereph2-32489559-vmss | S32: southeastasia | T32: { "Organization Name": "PT Nawa Darsana Teknologi", "Publisher": "Microsoft", "Publisher Customer ID": "346fa229-7c19-44ef-85c6-29e00edf66cf", "Unit Price": "1260.1599999994", "ERP": "7048.55117573", "BenefitType": "Charge", "aks-managed-consolidated-additional-properties": "74465425-495d-11f1-ad6b-a26c3881ebea", "aks-managed-creationSource": "vmssclient-aks-usereph2-32489559-vmss", "aks-managed-enable-imds-restriction": "False", "aks-managed-kubeletIdentityClientID": "c9e56520-a8a3-452c-b5ca-cb3192dafd24", "aks-managed-operationID": "7a36d094-d16e-4088-b1a9-83b67397ae99", "aks-managed-orchestrator": "Kubernetes:1.33.5", "aks-managed-poolName": "usereph2", "aks-managed-resourceNameSuffix": "14784282.0", "aks-managed-ssh-access": "LocalUser", "compute.aks.billing": "linux" } | U32: Organization Name=PT Nawa Darsana Teknologi; Publisher=Microsoft; Publisher Customer ID=346fa229-7c19-44ef-85c6-29e00edf66cf; Unit Price=1260.1599999994; ERP=7048.55117573; BenefitType=Charge; aks-managed-consolidated-additional-properties=74465425-495d-11f1-ad6b-a26c3881ebea; aks-managed-creationSource=vmssclient-aks-usereph2-32489559-vmss; aks-managed-enable-imds-restriction=False; aks-managed-kubeletIdentityClientID=c9e56520-a8a3-452c-b5ca-cb3192dafd24; aks-managed-operationID=7a36d094-d16e-4088-b1a9-83b67397ae99; aks-managed-orchestrator=Kubernetes:1.33.5; aks-managed-poolName=usereph2; aks-managed-resourceNameSuffix=14784282.0; aks-managed-ssh-access=LocalUser; compute.aks.billing=linux | V32: 16 | W32: 7048.555 | X32: 6202.725 | Y32: -845.83 | Z32: 7048.555 | AA32: 0.13636426
A33: June | B33: Microsoft CSP Azure Plan | C33: Divisi Inovasi | D33: divisiinovasi.onmicrosoft.com | E33: a4cdaa2e-caa7-440f-b849-928a3ceb7e31 | F33: AzureCSP_DivisiInovasi | G33: 1141685 | H33: Logic Apps | I33: Logic Apps | J33: Logic Apps | K33: Consumption Data Retention | L33: 46174 | M33: 46203 | N33: 0.046663639 | O33: 1 GB/Month | P33: IDR | Q33: RG-ANPER | R33: CURL-API-ANPER | S33: indonesiacentral | T33: { "Organization Name": "PT Nawa Darsana Teknologi", "Publisher": "Microsoft", "Publisher Customer ID": "346fa229-7c19-44ef-85c6-29e00edf66cf", "Unit Price": "2211.5807999223", "ERP": "117.27319071", "BenefitType": "Charge" } | U33: Organization Name=PT Nawa Darsana Teknologi; Publisher=Microsoft; Publisher Customer ID=346fa229-7c19-44ef-85c6-29e00edf66cf; Unit Price=2211.5807999223; ERP=117.27319071; BenefitType=Charge | V33: 6 | W33: 117.27041 | X33: 103.20041 | Y33: -14.07 | Z33: 117.27041 | AA33: 0.13633667
A34: June | B34: Microsoft CSP Azure Plan | C34: Divisi Inovasi | D34: divisiinovasi.onmicrosoft.com | E34: a4cdaa2e-caa7-440f-b849-928a3ceb7e31 | F34: AzureCSP_DivisiInovasi | G34: 1141685 | H34: Virtual Network Private Link | I34: Virtual Network | J34: Virtual Network Private Link | K34: Standard Data Processed - Egress | L34: 46174 | M34: 46203 | N34: 4.6731e-05 | O34: 1 GB | P34: IDR | Q34: mc_rg-anper_apricot_southeastasia | R34: aks-usereph2-32489559-vmss | S34: southeastasia | T34: { "Organization Name": "PT Nawa Darsana Teknologi", "Publisher": "Microsoft", "Publisher Customer ID": "346fa229-7c19-44ef-85c6-29e00edf66cf", "Unit Price": "157.519996421", "ERP": "0.00836467", "BenefitType": "Charge", "aks-managed-consolidated-additional-properties": "74465425-495d-11f1-ad6b-a26c3881ebea", "aks-managed-creationSource": "vmssclient-aks-usereph2-32489559-vmss", "aks-managed-enable-imds-restriction": "False", "aks-managed-kubeletIdentityClientID": "c9e56520-a8a3-452c-b5ca-cb3192dafd24", "aks-managed-operationID": "7a36d094-d16e-4088-b1a9-83b67397ae99", "aks-managed-orchestrator": "Kubernetes:1.33.5", "aks-managed-poolName": "usereph2", "aks-managed-resourceNameSuffix": "14784282.0", "aks-managed-ssh-access": "LocalUser", "compute.aks.billing": "linux" } | U34: Organization Name=PT Nawa Darsana Teknologi; Publisher=Microsoft; Publisher Customer ID=346fa229-7c19-44ef-85c6-29e00edf66cf; Unit Price=157.519996421; ERP=0.00836467; BenefitType=Charge; aks-managed-consolidated-additional-properties=74465425-495d-11f1-ad6b-a26c3881ebea; aks-managed-creationSource=vmssclient-aks-usereph2-32489559-vmss; aks-managed-enable-imds-restriction=False; aks-managed-kubeletIdentityClientID=c9e56520-a8a3-452c-b5ca-cb3192dafd24; aks-managed-operationID=7a36d094-d16e-4088-b1a9-83b67397ae99; aks-managed-orchestrator=Kubernetes:1.33.5; aks-managed-poolName=usereph2; aks-managed-resourceNameSuffix=14784282.0; aks-managed-ssh-access=LocalUser; compute.aks.billing=linux | V34: 16 | W34: 0.0073610627 | X34: 0.0073610627 | Y34: 0 | Z34: 0.0073610627 | AA34: 0
A35: June | B35: Microsoft CSP Azure Plan | C35: Divisi Inovasi | D35: divisiinovasi.onmicrosoft.com | E35: a4cdaa2e-caa7-440f-b849-928a3ceb7e31 | F35: AzureCSP_DivisiInovasi | G35: 1141685 | H35: Virtual Network Private Link | I35: Virtual Network | J35: Virtual Network Private Link | K35: Standard Data Processed - Ingress | L35: 46174 | M35: 46203 | N35: 0.04001391 | O35: 1 GB | P35: IDR | Q35: rg-anper | R35: vpn-access-to-sql-anper | S35: southeastasia | T35: { "Organization Name": "PT Nawa Darsana Teknologi", "Publisher": "Microsoft", "Publisher Customer ID": "346fa229-7c19-44ef-85c6-29e00edf66cf", "Unit Price": "157.5199999604", "ERP": "7.16248989", "BenefitType": "Charge", "Anper": "CE" } | U35: Organization Name=PT Nawa Darsana Teknologi; Publisher=Microsoft; Publisher Customer ID=346fa229-7c19-44ef-85c6-29e00edf66cf; Unit Price=157.5199999604; ERP=7.16248989; BenefitType=Charge; Anper=CE | V35: 7 | W35: 7.1629911 | X35: 6.3029911 | Y35: -0.86 | Z35: 7.1629911 | AA35: 0.13644316
A36: June | B36: Microsoft CSP Azure Plan | C36: Divisi Inovasi | D36: divisiinovasi.onmicrosoft.com | E36: a4cdaa2e-caa7-440f-b849-928a3ceb7e31 | F36: AzureCSP_DivisiInovasi | G36: 1141685 | H36: SQL RI | I36: SQL Database | J36: SQL Database Compute Reservation | K36: Usage | L36: 46174 | M36: 46203 | N36: 192 | O36: 1 Hour | P36: IDR | Q36: RG-ANPER | R36: apitalawu | S36: southeastasia | T36: { "Organization Name": "PT Nawa Darsana Teknologi", "Publisher": "Microsoft", "Publisher Customer ID": "346fa229-7c19-44ef-85c6-29e00edf66cf", "Unit Price": "0.0", "ERP": "0.0", "BenefitType": "Charge", "Anper": "CE", "MD": "Apricot", "Product": "CE" } | U36: Organization Name=PT Nawa Darsana Teknologi; Publisher=Microsoft; Publisher Customer ID=346fa229-7c19-44ef-85c6-29e00edf66cf; Unit Price=0.0; ERP=0.0; BenefitType=Charge; Anper=CE; MD=Apricot; Product=CE | V36: 9 | W36: 0 | X36: 0 | Y36: 0 | Z36: 0
A37: June | B37: Microsoft CSP Azure Plan | C37: Divisi Inovasi | D37: divisiinovasi.onmicrosoft.com | E37: a4cdaa2e-caa7-440f-b849-928a3ceb7e31 | F37: AzureCSP_DivisiInovasi | G37: 1141685 | H37: Logic Apps | I37: Logic Apps | J37: Logic Apps | K37: Consumption Standard Connector Actions | L37: 46174 | M37: 46203 | N37: 6602 | O37: 1 | P37: IDR | Q37: RG-ANPER | R37: CURL-API-ANPER | S37: indonesiacentral | T37: { "Organization Name": "PT Nawa Darsana Teknologi", "Publisher": "Microsoft", "Publisher Customer ID": "346fa229-7c19-44ef-85c6-29e00edf66cf", "Unit Price": "2.299792", "ERP": "17253.6668", "BenefitType": "Charge" } | U37: Organization Name=PT Nawa Darsana Teknologi; Publisher=Microsoft; Publisher Customer ID=346fa229-7c19-44ef-85c6-29e00edf66cf; Unit Price=2.299792; ERP=17253.6668; BenefitType=Charge | V37: 6 | W37: 17253.667 | X37: 15183.227 | Y37: -2070.44 | Z37: 17253.667 | AA37: 0.13636364
A38: June | B38: Microsoft CSP Azure Plan | C38: Divisi Inovasi | D38: divisiinovasi.onmicrosoft.com | E38: a4cdaa2e-caa7-440f-b849-928a3ceb7e31 | F38: AzureCSP_DivisiInovasi | G38: 1141685 | H38: Virtual Network Private Link | I38: Virtual Network | J38: Virtual Network Private Link | K38: Standard Private Endpoint | L38: 46174 | M38: 46203 | N38: 720 | O38: 1 Hour | P38: IDR | Q38: rg-anper | R38: aks-yellow-to-database-apitalawu | S38: southeastasia | T38: { "Organization Name": "PT Nawa Darsana Teknologi", "Publisher": "Microsoft", "Publisher Customer ID": "346fa229-7c19-44ef-85c6-29e00edf66cf", "Unit Price": "157.52", "ERP": "128880.0", "BenefitType": "Charge", "San Marino": "San Marino" } | U38: Organization Name=PT Nawa Darsana Teknologi; Publisher=Microsoft; Publisher Customer ID=346fa229-7c19-44ef-85c6-29e00edf66cf; Unit Price=157.52; ERP=128880.0; BenefitType=Charge; San Marino=San Marino | V38: 7 | W38: 128880 | X38: 113414.4 | Y38: -15465.6 | Z38: 128880 | AA38: 0.13636364
A39: June | B39: Microsoft CSP Azure Plan | C39: Divisi Inovasi | D39: divisiinovasi.onmicrosoft.com | E39: a4cdaa2e-caa7-440f-b849-928a3ceb7e31 | F39: AzureCSP_DivisiInovasi | G39: 1141685 | H39: VM RI | I39: Virtual Machines | J39: Virtual Machines RI | K39: Standard | L39: 46174 | M39: 46203 | N39: 58.601777 | O39: 1 Hour | P39: IDR | Q39: MC_RG-ANPER_APRICOT_SOUTHEASTASIA | R39: aks-usereph2-32489559-vmss | S39: southeastasia | T39: { "Organization Name": "PT Nawa Darsana Teknologi", "Publisher": "Microsoft", "Publisher Customer ID": "346fa229-7c19-44ef-85c6-29e00edf66cf", "Unit Price": "0.0", "ERP": "0.0", "BenefitType": "Charge", "aks-managed-consolidated-additional-properties": "74465425-495d-11f1-ad6b-a26c3881ebea", "aks-managed-creationSource": "vmssclient-aks-usereph2-32489559-vmss", "aks-managed-enable-imds-restriction": "False", "aks-managed-kubeletIdentityClientID": "c9e56520-a8a3-452c-b5ca-cb3192dafd24", "aks-managed-operationID": "7a36d094-d16e-4088-b1a9-83b67397ae99", "aks-managed-orchestrator": "Kubernetes:1.33.5", "aks-managed-poolName": "usereph2", "aks-managed-resourceNameSuffix": "14784282.0", "aks-managed-ssh-access": "LocalUser", "compute.aks.billing": "linux" } | U39: Organization Name=PT Nawa Darsana Teknologi; Publisher=Microsoft; Publisher Customer ID=346fa229-7c19-44ef-85c6-29e00edf66cf; Unit Price=0.0; ERP=0.0; BenefitType=Charge; aks-managed-consolidated-additional-properties=74465425-495d-11f1-ad6b-a26c3881ebea; aks-managed-creationSource=vmssclient-aks-usereph2-32489559-vmss; aks-managed-enable-imds-restriction=False; aks-managed-kubeletIdentityClientID=c9e56520-a8a3-452c-b5ca-cb3192dafd24; aks-managed-operationID=7a36d094-d16e-4088-b1a9-83b67397ae99; aks-managed-orchestrator=Kubernetes:1.33.5; aks-managed-poolName=usereph2; aks-managed-resourceNameSuffix=14784282.0; aks-managed-ssh-access=LocalUser; compute.aks.billing=linux | V39: 16 | W39: 0 | X39: 0 | Y39: 0 | Z39: 0
A40: June | B40: Microsoft CSP Azure Plan | C40: Divisi Inovasi | D40: divisiinovasi.onmicrosoft.com | E40: a4cdaa2e-caa7-440f-b849-928a3ceb7e31 | F40: AzureCSP_DivisiInovasi | G40: 1141685 | H40: VM RI | I40: Virtual Machines | J40: Virtual Machines RI | K40: Standard | L40: 46174 | M40: 46203 | N40: 719.50046 | O40: 1 Hour | P40: IDR | Q40: MC_RG-ANPER_APRICOT_SOUTHEASTASIA | R40: aks-systemeph-11882456-vmss | S40: southeastasia | T40: { "Organization Name": "PT Nawa Darsana Teknologi", "Publisher": "Microsoft", "Publisher Customer ID": "346fa229-7c19-44ef-85c6-29e00edf66cf", "Unit Price": "0.0", "ERP": "0.0", "BenefitType": "Charge", "aks-managed-consolidated-additional-properties": "7445f662-495d-11f1-ad6b-a26c3881ebea", "aks-managed-creationSource": "vmssclient-aks-systemeph-11882456-vmss", "aks-managed-enable-imds-restriction": "False", "aks-managed-kubeletIdentityClientID": "c9e56520-a8a3-452c-b5ca-cb3192dafd24", "aks-managed-operationID": "7a36d094-d16e-4088-b1a9-83b67397ae99", "aks-managed-orchestrator": "Kubernetes:1.33.5", "aks-managed-poolName": "systemeph", "aks-managed-resourceNameSuffix": "14784282.0", "aks-managed-ssh-access": "LocalUser", "compute.aks.billing": "linux" } | U40: Organization Name=PT Nawa Darsana Teknologi; Publisher=Microsoft; Publisher Customer ID=346fa229-7c19-44ef-85c6-29e00edf66cf; Unit Price=0.0; ERP=0.0; BenefitType=Charge; aks-managed-consolidated-additional-properties=7445f662-495d-11f1-ad6b-a26c3881ebea; aks-managed-creationSource=vmssclient-aks-systemeph-11882456-vmss; aks-managed-enable-imds-restriction=False; aks-managed-kubeletIdentityClientID=c9e56520-a8a3-452c-b5ca-cb3192dafd24; aks-managed-operationID=7a36d094-d16e-4088-b1a9-83b67397ae99; aks-managed-orchestrator=Kubernetes:1.33.5; aks-managed-poolName=systemeph; aks-managed-resourceNameSuffix=14784282.0; aks-managed-ssh-access=LocalUser; compute.aks.billing=linux | V40: 16 | W40: 0 | X40: 0 | Y40: 0 | Z40: 0
A41: June | B41: Microsoft CSP Azure Plan | C41: Divisi Inovasi | D41: divisiinovasi.onmicrosoft.com | E41: a4cdaa2e-caa7-440f-b849-928a3ceb7e31 | F41: AzureCSP_DivisiInovasi | G41: 1141685 | H41: VM RI | I41: Virtual Machines | J41: Virtual Machines RI | K41: Standard | L41: 46174 | M41: 46203 | N41: 45.118013 | O41: 1 Hour | P41: IDR | Q41: MC_RG-ANPER_APRICOT_SOUTHEASTASIA | R41: aks-usereph2-32489559-vmss | S41: southeastasia | T41: { "Organization Name": "PT Nawa Darsana Teknologi", "Publisher": "Microsoft", "Publisher Customer ID": "346fa229-7c19-44ef-85c6-29e00edf66cf", "Unit Price": "0.0", "ERP": "0.0", "BenefitType": "Charge", "aks-managed-consolidated-additional-properties": "74465425-495d-11f1-ad6b-a26c3881ebea", "aks-managed-creationSource": "vmssclient-aks-usereph2-32489559-vmss", "aks-managed-enable-imds-restriction": "False", "aks-managed-kubeletIdentityClientID": "c9e56520-a8a3-452c-b5ca-cb3192dafd24", "aks-managed-operationID": "7a36d094-d16e-4088-b1a9-83b67397ae99", "aks-managed-orchestrator": "Kubernetes:1.33.5", "aks-managed-poolName": "usereph2", "aks-managed-resourceNameSuffix": "14784282.0", "aks-managed-ssh-access": "LocalUser", "compute.aks.billing": "linux" } | U41: Organization Name=PT Nawa Darsana Teknologi; Publisher=Microsoft; Publisher Customer ID=346fa229-7c19-44ef-85c6-29e00edf66cf; Unit Price=0.0; ERP=0.0; BenefitType=Charge; aks-managed-consolidated-additional-properties=74465425-495d-11f1-ad6b-a26c3881ebea; aks-managed-creationSource=vmssclient-aks-usereph2-32489559-vmss; aks-managed-enable-imds-restriction=False; aks-managed-kubeletIdentityClientID=c9e56520-a8a3-452c-b5ca-cb3192dafd24; aks-managed-operationID=7a36d094-d16e-4088-b1a9-83b67397ae99; aks-managed-orchestrator=Kubernetes:1.33.5; aks-managed-poolName=usereph2; aks-managed-resourceNameSuffix=14784282.0; aks-managed-ssh-access=LocalUser; compute.aks.billing=linux | V41: 16 | W41: 0 | X41: 0 | Y41: 0 | Z41: 0
A42: June | B42: Microsoft CSP Azure Plan | C42: Divisi Inovasi | D42: divisiinovasi.onmicrosoft.com | E42: a4cdaa2e-caa7-440f-b849-928a3ceb7e31 | F42: AzureCSP_DivisiInovasi | G42: 1141685 | H42: VM RI | I42: Virtual Machines | J42: Virtual Machines RI | K42: Standard | L42: 46174 | M42: 46203 | N42: 0.200003 | O42: 1 Hour | P42: IDR | Q42: MC_RG-ANPER_APRICOT_SOUTHEASTASIA | R42: aks-usereph2-32489559-vmss | S42: southeastasia | T42: { "Organization Name": "PT Nawa Darsana Teknologi", "Publisher": "Microsoft", "Publisher Customer ID": "346fa229-7c19-44ef-85c6-29e00edf66cf", "Unit Price": "0.0", "ERP": "0.0", "BenefitType": "Charge", "aks-managed-consolidated-additional-properties": "74465425-495d-11f1-ad6b-a26c3881ebea", "aks-managed-creationSource": "vmssclient-aks-usereph2-32489559-vmss", "aks-managed-enable-imds-restriction": "False", "aks-managed-kubeletIdentityClientID": "c9e56520-a8a3-452c-b5ca-cb3192dafd24", "aks-managed-operationID": "7a36d094-d16e-4088-b1a9-83b67397ae99", "aks-managed-orchestrator": "Kubernetes:1.33.5", "aks-managed-poolName": "usereph2", "aks-managed-resourceNameSuffix": "14784282.0", "aks-managed-ssh-access": "LocalUser", "compute.aks.billing": "linux" } | U42: Organization Name=PT Nawa Darsana Teknologi; Publisher=Microsoft; Publisher Customer ID=346fa229-7c19-44ef-85c6-29e00edf66cf; Unit Price=0.0; ERP=0.0; BenefitType=Charge; aks-managed-consolidated-additional-properties=74465425-495d-11f1-ad6b-a26c3881ebea; aks-managed-creationSource=vmssclient-aks-usereph2-32489559-vmss; aks-managed-enable-imds-restriction=False; aks-managed-kubeletIdentityClientID=c9e56520-a8a3-452c-b5ca-cb3192dafd24; aks-managed-operationID=7a36d094-d16e-4088-b1a9-83b67397ae99; aks-managed-orchestrator=Kubernetes:1.33.5; aks-managed-poolName=usereph2; aks-managed-resourceNameSuffix=14784282.0; aks-managed-ssh-access=LocalUser; compute.aks.billing=linux | V42: 16 | W42: 0 | X42: 0 | Y42: 0 | Z42: 0
A43: June | B43: Microsoft CSP Azure Plan | C43: Divisi Inovasi | D43: divisiinovasi.onmicrosoft.com | E43: a4cdaa2e-caa7-440f-b849-928a3ceb7e31 | F43: AzureCSP_DivisiInovasi | G43: 1141685 | H43: VM RI | I43: Virtual Machines | J43: Virtual Machines RI | K43: Standard | L43: 46174 | M43: 46203 | N43: 314.13035 | O43: 1 Hour | P43: IDR | Q43: MC_RG-ANPER_APRICOT_SOUTHEASTASIA | R43: aks-usereph2-32489559-vmss | S43: southeastasia | T43: { "Organization Name": "PT Nawa Darsana Teknologi", "Publisher": "Microsoft", "Publisher Customer ID": "346fa229-7c19-44ef-85c6-29e00edf66cf", "Unit Price": "0.0", "ERP": "0.0", "BenefitType": "Charge", "aks-managed-consolidated-additional-properties": "74465425-495d-11f1-ad6b-a26c3881ebea", "aks-managed-creationSource": "vmssclient-aks-usereph2-32489559-vmss", "aks-managed-enable-imds-restriction": "False", "aks-managed-kubeletIdentityClientID": "c9e56520-a8a3-452c-b5ca-cb3192dafd24", "aks-managed-operationID": "7a36d094-d16e-4088-b1a9-83b67397ae99", "aks-managed-orchestrator": "Kubernetes:1.33.5", "aks-managed-poolName": "usereph2", "aks-managed-resourceNameSuffix": "14784282.0", "aks-managed-ssh-access": "LocalUser", "compute.aks.billing": "linux" } | U43: Organization Name=PT Nawa Darsana Teknologi; Publisher=Microsoft; Publisher Customer ID=346fa229-7c19-44ef-85c6-29e00edf66cf; Unit Price=0.0; ERP=0.0; BenefitType=Charge; aks-managed-consolidated-additional-properties=74465425-495d-11f1-ad6b-a26c3881ebea; aks-managed-creationSource=vmssclient-aks-usereph2-32489559-vmss; aks-managed-enable-imds-restriction=False; aks-managed-kubeletIdentityClientID=c9e56520-a8a3-452c-b5ca-cb3192dafd24; aks-managed-operationID=7a36d094-d16e-4088-b1a9-83b67397ae99; aks-managed-orchestrator=Kubernetes:1.33.5; aks-managed-poolName=usereph2; aks-managed-resourceNameSuffix=14784282.0; aks-managed-ssh-access=LocalUser; compute.aks.billing=linux | V43: 16 | W43: 0 | X43: 0 | Y43: 0 | Z43: 0
A44: June | B44: Microsoft CSP Azure Plan | C44: Divisi Inovasi | D44: divisiinovasi.onmicrosoft.com | E44: a4cdaa2e-caa7-440f-b849-928a3ceb7e31 | F44: AzureCSP_DivisiInovasi | G44: 1141685 | H44: VM RI | I44: Virtual Machines | J44: Virtual Machines RI | K44: Standard | L44: 46174 | M44: 46203 | N44: 81.816481 | O44: 1 Hour | P44: IDR | Q44: MC_RG-ANPER_APRICOT_SOUTHEASTASIA | R44: aks-usereph2-32489559-vmss | S44: southeastasia | T44: { "Organization Name": "PT Nawa Darsana Teknologi", "Publisher": "Microsoft", "Publisher Customer ID": "346fa229-7c19-44ef-85c6-29e00edf66cf", "Unit Price": "0.0", "ERP": "0.0", "BenefitType": "Charge", "aks-managed-consolidated-additional-properties": "74465425-495d-11f1-ad6b-a26c3881ebea", "aks-managed-creationSource": "vmssclient-aks-usereph2-32489559-vmss", "aks-managed-enable-imds-restriction": "False", "aks-managed-kubeletIdentityClientID": "c9e56520-a8a3-452c-b5ca-cb3192dafd24", "aks-managed-operationID": "7a36d094-d16e-4088-b1a9-83b67397ae99", "aks-managed-orchestrator": "Kubernetes:1.33.5", "aks-managed-poolName": "usereph2", "aks-managed-resourceNameSuffix": "14784282.0", "aks-managed-ssh-access": "LocalUser", "compute.aks.billing": "linux" } | U44: Organization Name=PT Nawa Darsana Teknologi; Publisher=Microsoft; Publisher Customer ID=346fa229-7c19-44ef-85c6-29e00edf66cf; Unit Price=0.0; ERP=0.0; BenefitType=Charge; aks-managed-consolidated-additional-properties=74465425-495d-11f1-ad6b-a26c3881ebea; aks-managed-creationSource=vmssclient-aks-usereph2-32489559-vmss; aks-managed-enable-imds-restriction=False; aks-managed-kubeletIdentityClientID=c9e56520-a8a3-452c-b5ca-cb3192dafd24; aks-managed-operationID=7a36d094-d16e-4088-b1a9-83b67397ae99; aks-managed-orchestrator=Kubernetes:1.33.5; aks-managed-poolName=usereph2; aks-managed-resourceNameSuffix=14784282.0; aks-managed-ssh-access=LocalUser; compute.aks.billing=linux | V44: 16 | W44: 0 | X44: 0 | Y44: 0 | Z44: 0
A45: June | B45: Microsoft CSP Azure Plan | C45: Divisi Inovasi | D45: divisiinovasi.onmicrosoft.com | E45: a4cdaa2e-caa7-440f-b849-928a3ceb7e31 | F45: AzureCSP_DivisiInovasi | G45: 1141685 | H45: VM RI | I45: Virtual Machines | J45: Virtual Machines RI | K45: Standard | L45: 46174 | M45: 46203 | N45: 1.200015 | O45: 1 Hour | P45: IDR | Q45: MC_RG-ANPER_APRICOT_SOUTHEASTASIA | R45: aks-usereph2-32489559-vmss | S45: southeastasia | T45: { "Organization Name": "PT Nawa Darsana Teknologi", "Publisher": "Microsoft", "Publisher Customer ID": "346fa229-7c19-44ef-85c6-29e00edf66cf", "Unit Price": "0.0", "ERP": "0.0", "BenefitType": "Charge", "aks-managed-consolidated-additional-properties": "74465425-495d-11f1-ad6b-a26c3881ebea", "aks-managed-creationSource": "vmssclient-aks-usereph2-32489559-vmss", "aks-managed-enable-imds-restriction": "False", "aks-managed-kubeletIdentityClientID": "c9e56520-a8a3-452c-b5ca-cb3192dafd24", "aks-managed-operationID": "7a36d094-d16e-4088-b1a9-83b67397ae99", "aks-managed-orchestrator": "Kubernetes:1.33.5", "aks-managed-poolName": "usereph2", "aks-managed-resourceNameSuffix": "14784282.0", "aks-managed-ssh-access": "LocalUser", "compute.aks.billing": "linux" } | U45: Organization Name=PT Nawa Darsana Teknologi; Publisher=Microsoft; Publisher Customer ID=346fa229-7c19-44ef-85c6-29e00edf66cf; Unit Price=0.0; ERP=0.0; BenefitType=Charge; aks-managed-consolidated-additional-properties=74465425-495d-11f1-ad6b-a26c3881ebea; aks-managed-creationSource=vmssclient-aks-usereph2-32489559-vmss; aks-managed-enable-imds-restriction=False; aks-managed-kubeletIdentityClientID=c9e56520-a8a3-452c-b5ca-cb3192dafd24; aks-managed-operationID=7a36d094-d16e-4088-b1a9-83b67397ae99; aks-managed-orchestrator=Kubernetes:1.33.5; aks-managed-poolName=usereph2; aks-managed-resourceNameSuffix=14784282.0; aks-managed-ssh-access=LocalUser; compute.aks.billing=linux | V45: 16 | W45: 0 | X45: 0 | Y45: 0 | Z45: 0
A46: June | B46: Microsoft CSP Azure Plan | C46: Divisi Inovasi | D46: divisiinovasi.onmicrosoft.com | E46: a4cdaa2e-caa7-440f-b849-928a3ceb7e31 | F46: AzureCSP_DivisiInovasi | G46: 1141685 | H46: Rtn Pref: MGN | I46: Bandwidth | J46: Rtn Preference: MGN | K46: Standard Data Transfer Out | L46: 46174 | M46: 46203 | N46: 0.27757626 | O46: 1 GB | P46: IDR | Q46: mc_rg-anper_apricot_southeastasia | R46: aks-usereph2-32489559-vmss | S46: southeastasia | T46: { "Organization Name": "PT Nawa Darsana Teknologi", "Publisher": "Microsoft", "Publisher Customer ID": "346fa229-7c19-44ef-85c6-29e00edf66cf", "Unit Price": "1885.0294563873", "ERP": "596.2338029", "BenefitType": "Charge", "aks-managed-consolidated-additional-properties": "74465425-495d-11f1-ad6b-a26c3881ebea", "aks-managed-creationSource": "vmssclient-aks-usereph2-32489559-vmss", "aks-managed-enable-imds-restriction": "False", "aks-managed-kubeletIdentityClientID": "c9e56520-a8a3-452c-b5ca-cb3192dafd24", "aks-managed-operationID": "7a36d094-d16e-4088-b1a9-83b67397ae99", "aks-managed-orchestrator": "Kubernetes:1.33.5", "aks-managed-poolName": "usereph2", "aks-managed-resourceNameSuffix": "14784282.0", "aks-managed-ssh-access": "LocalUser", "compute.aks.billing": "linux" } | U46: Organization Name=PT Nawa Darsana Teknologi; Publisher=Microsoft; Publisher Customer ID=346fa229-7c19-44ef-85c6-29e00edf66cf; Unit Price=1885.0294563873; ERP=596.2338029; BenefitType=Charge; aks-managed-consolidated-additional-properties=74465425-495d-11f1-ad6b-a26c3881ebea; aks-managed-creationSource=vmssclient-aks-usereph2-32489559-vmss; aks-managed-enable-imds-restriction=False; aks-managed-kubeletIdentityClientID=c9e56520-a8a3-452c-b5ca-cb3192dafd24; aks-managed-operationID=7a36d094-d16e-4088-b1a9-83b67397ae99; aks-managed-orchestrator=Kubernetes:1.33.5; aks-managed-poolName=usereph2; aks-managed-resourceNameSuffix=14784282.0; aks-managed-ssh-access=LocalUser; compute.aks.billing=linux | V46: 16 | W46: 594.58942 | X46: 523.23942 | Y46: -71.35 | Z46: 594.58942 | AA46: 0.13636205
A47: June | B47: Microsoft CSP Azure Plan | C47: Divisi Inovasi | D47: divisiinovasi.onmicrosoft.com | E47: a4cdaa2e-caa7-440f-b849-928a3ceb7e31 | F47: AzureCSP_DivisiInovasi | G47: 1141685 | H47: Bd Inter-Rgn | I47: Bandwidth | J47: Bandwidth Inter-Region | K47: Intra Continent Data Transfer Out | L47: 46174 | M47: 46203 | N47: 5.5785726 | O47: 1 GB | P47: IDR | Q47: mc_rg-anper_apricot_southeastasia | R47: aks-usereph2-32489559-vmss | S47: southeastasia | T47: { "Organization Name": "PT Nawa Darsana Teknologi", "Publisher": "Microsoft", "Publisher Customer ID": "346fa229-7c19-44ef-85c6-29e00edf66cf", "Unit Price": "1260.1599999995", "ERP": "7988.51601332", "BenefitType": "Charge", "aks-managed-consolidated-additional-properties": "74465425-495d-11f1-ad6b-a26c3881ebea", "aks-managed-creationSource": "vmssclient-aks-usereph2-32489559-vmss", "aks-managed-enable-imds-restriction": "False", "aks-managed-kubeletIdentityClientID": "c9e56520-a8a3-452c-b5ca-cb3192dafd24", "aks-managed-operationID": "7a36d094-d16e-4088-b1a9-83b67397ae99", "aks-managed-orchestrator": "Kubernetes:1.33.5", "aks-managed-poolName": "usereph2", "aks-managed-resourceNameSuffix": "14784282.0", "aks-managed-ssh-access": "LocalUser", "compute.aks.billing": "linux" } | U47: Organization Name=PT Nawa Darsana Teknologi; Publisher=Microsoft; Publisher Customer ID=346fa229-7c19-44ef-85c6-29e00edf66cf; Unit Price=1260.1599999995; ERP=7988.51601332; BenefitType=Charge; aks-managed-consolidated-additional-properties=74465425-495d-11f1-ad6b-a26c3881ebea; aks-managed-creationSource=vmssclient-aks-usereph2-32489559-vmss; aks-managed-enable-imds-restriction=False; aks-managed-kubeletIdentityClientID=c9e56520-a8a3-452c-b5ca-cb3192dafd24; aks-managed-operationID=7a36d094-d16e-4088-b1a9-83b67397ae99; aks-managed-orchestrator=Kubernetes:1.33.5; aks-managed-poolName=usereph2; aks-managed-resourceNameSuffix=14784282.0; aks-managed-ssh-access=LocalUser; compute.aks.billing=linux | V47: 16 | W47: 7988.5141 | X47: 7029.8941 | Y47: -958.62 | Z47: 7988.5141 | AA47: 0.13636336
A48: June | B48: Microsoft CSP Azure Plan | C48: Divisi Inovasi | D48: divisiinovasi.onmicrosoft.com | E48: a4cdaa2e-caa7-440f-b849-928a3ceb7e31 | F48: AzureCSP_DivisiInovasi | G48: 1141685 | H48: Premium SSD Managed Disks | I48: Storage | J48: Premium SSD Managed Disks | K48: P10 LRS Disk | L48: 46174 | M48: 46203 | N48: 1.00008 | O48: 1/Month | P48: IDR | Q48: MC_RG-ANPER_APRICOT_SOUTHEASTASIA | R48: aks-monitoring-44423aks-monitoring-444237OS__1_6548f722396c4eea9c6f99e6adeb4ae4 | S48: southeastasia | T48: { "Organization Name": "PT Nawa Darsana Teknologi", "Publisher": "Microsoft", "Publisher Customer ID": "346fa229-7c19-44ef-85c6-29e00edf66cf", "Unit Price": "310471.9199999999", "ERP": "352837.22472", "BenefitType": "Charge", "aks-managed-consolidated-additional-properties": "744593b0-495d-11f1-ad6b-a26c3881ebea", "aks-managed-creationSource": "vmssclient-aks-monitoring-44423715-vmss", "aks-managed-enable-imds-restriction": "False", "aks-managed-kubeletIdentityClientID": "c9e56520-a8a3-452c-b5ca-cb3192dafd24", "aks-managed-operationID": "7a36d094-d16e-4088-b1a9-83b67397ae99", "aks-managed-orchestrator": "Kubernetes:1.33.5", "aks-managed-poolName": "monitoring", "aks-managed-resourceNameSuffix": "14784282.0", "aks-managed-ssh-access": "LocalUser", "compute.aks.billing": "linux", "purpose": "monitoring" } | U48: Organization Name=PT Nawa Darsana Teknologi; Publisher=Microsoft; Publisher Customer ID=346fa229-7c19-44ef-85c6-29e00edf66cf; Unit Price=310471.9199999999; ERP=352837.22472; BenefitType=Charge; aks-managed-consolidated-additional-properties=744593b0-495d-11f1-ad6b-a26c3881ebea; aks-managed-creationSource=vmssclient-aks-monitoring-44423715-vmss; aks-managed-enable-imds-restriction=False; aks-managed-kubeletIdentityClientID=c9e56520-a8a3-452c-b5ca-cb3192dafd24; aks-managed-operationID=7a36d094-d16e-4088-b1a9-83b67397ae99; aks-managed-orchestrator=Kubernetes:1.33.5; aks-managed-poolName=monitoring; aks-managed-resourceNameSuffix=14784282.0; aks-managed-ssh-access=LocalUser; compute.aks.billing=linux; purpose=monitoring | V48: 17 | W48: 352837.23 | X48: 310496.76 | Y48: -42340.47 | Z48: 352837.23 | AA48: 0.13636365
A49: June | B49: Microsoft CSP Azure Plan | C49: Divisi Inovasi | D49: divisiinovasi.onmicrosoft.com | E49: a4cdaa2e-caa7-440f-b849-928a3ceb7e31 | F49: AzureCSP_DivisiInovasi | G49: 1141685 | H49: Virtual Network Private Link | I49: Virtual Network | J49: Virtual Network Private Link | K49: Standard Data Processed - Egress | L49: 46174 | M49: 46203 | N49: 24.946074 | O49: 1 GB | P49: IDR | Q49: mc_rg-anper_apricot_southeastasia | R49: aks-usereph2-32489559-vmss | S49: southeastasia | T49: { "Organization Name": "PT Nawa Darsana Teknologi", "Publisher": "Microsoft", "Publisher Customer ID": "346fa229-7c19-44ef-85c6-29e00edf66cf", "Unit Price": "157.5199999999", "ERP": "4465.34717977", "BenefitType": "Charge", "aks-managed-consolidated-additional-properties": "74465425-495d-11f1-ad6b-a26c3881ebea", "aks-managed-creationSource": "vmssclient-aks-usereph2-32489559-vmss", "aks-managed-enable-imds-restriction": "False", "aks-managed-kubeletIdentityClientID": "c9e56520-a8a3-452c-b5ca-cb3192dafd24", "aks-managed-operationID": "7a36d094-d16e-4088-b1a9-83b67397ae99", "aks-managed-orchestrator": "Kubernetes:1.33.5", "aks-managed-poolName": "usereph2", "aks-managed-resourceNameSuffix": "14784282.0", "aks-managed-ssh-access": "LocalUser", "compute.aks.billing": "linux" } | U49: Organization Name=PT Nawa Darsana Teknologi; Publisher=Microsoft; Publisher Customer ID=346fa229-7c19-44ef-85c6-29e00edf66cf; Unit Price=157.5199999999; ERP=4465.34717977; BenefitType=Charge; aks-managed-consolidated-additional-properties=74465425-495d-11f1-ad6b-a26c3881ebea; aks-managed-creationSource=vmssclient-aks-usereph2-32489559-vmss; aks-managed-enable-imds-restriction=False; aks-managed-kubeletIdentityClientID=c9e56520-a8a3-452c-b5ca-cb3192dafd24; aks-managed-operationID=7a36d094-d16e-4088-b1a9-83b67397ae99; aks-managed-orchestrator=Kubernetes:1.33.5; aks-managed-poolName=usereph2; aks-managed-resourceNameSuffix=14784282.0; aks-managed-ssh-access=LocalUser; compute.aks.billing=linux | V49: 16 | W49: 4465.3455 | X49: 3929.5055 | Y49: -535.84 | Z49: 4465.3455 | AA49: 0.13636321
A50: June | B50: Microsoft CSP Azure Plan | C50: Divisi Inovasi | D50: divisiinovasi.onmicrosoft.com | E50: a4cdaa2e-caa7-440f-b849-928a3ceb7e31 | F50: AzureCSP_DivisiInovasi | G50: 1141685 | H50: SQL RI | I50: SQL Database | J50: SQL Database Compute Reservation | K50: Usage | L50: 46174 | M50: 46203 | N50: 66 | O50: 1 Hour | P50: IDR | Q50: RG-ANPER | R50: apitalawu | S50: southeastasia | T50: { "Organization Name": "PT Nawa Darsana Teknologi", "Publisher": "Microsoft", "Publisher Customer ID": "346fa229-7c19-44ef-85c6-29e00edf66cf", "Unit Price": "0.0", "ERP": "0.0", "BenefitType": "Charge", "Anper": "CE", "MD": "Apricot", "Product": "CE" } | U50: Organization Name=PT Nawa Darsana Teknologi; Publisher=Microsoft; Publisher Customer ID=346fa229-7c19-44ef-85c6-29e00edf66cf; Unit Price=0.0; ERP=0.0; BenefitType=Charge; Anper=CE; MD=Apricot; Product=CE | V50: 9 | W50: 0 | X50: 0 | Y50: 0 | Z50: 0
A51: June | B51: Microsoft CSP Azure Plan | C51: Divisi Inovasi | D51: divisiinovasi.onmicrosoft.com | E51: a4cdaa2e-caa7-440f-b849-928a3ceb7e31 | F51: AzureCSP_DivisiInovasi | G51: 1141685 | H51: SQL RI | I51: SQL Database | J51: SQL Database Compute Reservation | K51: Usage | L51: 46174 | M51: 46203 | N51: 24 | O51: 1 Hour | P51: IDR | Q51: RG-ANPER | R51: apitalawu | S51: southeastasia | T51: { "Organization Name": "PT Nawa Darsana Teknologi", "Publisher": "Microsoft", "Publisher Customer ID": "346fa229-7c19-44ef-85c6-29e00edf66cf", "Unit Price": "0.0", "ERP": "0.0", "BenefitType": "Charge", "Anper": "CE", "MD": "Apricot", "Product": "CE" } | U51: Organization Name=PT Nawa Darsana Teknologi; Publisher=Microsoft; Publisher Customer ID=346fa229-7c19-44ef-85c6-29e00edf66cf; Unit Price=0.0; ERP=0.0; BenefitType=Charge; Anper=CE; MD=Apricot; Product=CE | V51: 9 | W51: 0 | X51: 0 | Y51: 0 | Z51: 0
A52: June | B52: Microsoft CSP Azure Plan | C52: Divisi Inovasi | D52: divisiinovasi.onmicrosoft.com | E52: a4cdaa2e-caa7-440f-b849-928a3ceb7e31 | F52: AzureCSP_DivisiInovasi | G52: 1141685 | H52: SQL DB Single/Elastic Pool GP-SQL Licen | I52: SQL Database | J52: SQL Database Single/Elastic Pool General Purpose - SQL License | K52: vCore | L52: 46174 | M52: 46203 | N52: 626 | O52: 1 Hour | P52: IDR | Q52: RG-ANPER | R52: apitalawu | S52: southeastasia | T52: { "Organization Name": "PT Nawa Darsana Teknologi", "Publisher": "Microsoft", "Publisher Customer ID": "346fa229-7c19-44ef-85c6-29e00edf66cf", "Unit Price": "1574.664432", "ERP": "1120159.0164", "BenefitType": "Charge", "Anper": "CE", "MD": "Apricot", "Product": "CE" } | U52: Organization Name=PT Nawa Darsana Teknologi; Publisher=Microsoft; Publisher Customer ID=346fa229-7c19-44ef-85c6-29e00edf66cf; Unit Price=1574.664432; ERP=1120159.0164; BenefitType=Charge; Anper=CE; MD=Apricot; Product=CE | V52: 9 | W52: 1120159 | X52: 985739.93 | Y52: -134419.08 | Z52: 1120159 | AA52: 0.13636363
A53: June | B53: Microsoft CSP Azure Plan | C53: Divisi Inovasi | D53: divisiinovasi.onmicrosoft.com | E53: a4cdaa2e-caa7-440f-b849-928a3ceb7e31 | F53: AzureCSP_DivisiInovasi | G53: 1141685 | H53: Virtual Network Peering | I53: Virtual Network | J53: Virtual Network Peering | K53: Intra-Region Ingress | L53: 46174 | M53: 46203 | N53: 0.78563666 | O53: 1 GB | P53: IDR | Q53: mc_rg-anper_apricot_southeastasia | R53: aks-usereph2-32489559-vmss | S53: southeastasia | T53: { "Organization Name": "PT Nawa Darsana Teknologi", "Publisher": "Microsoft", "Publisher Customer ID": "346fa229-7c19-44ef-85c6-29e00edf66cf", "Unit Price": "157.5199999964", "ERP": "140.62896214", "BenefitType": "Charge", "aks-managed-consolidated-additional-properties": "74465425-495d-11f1-ad6b-a26c3881ebea", "aks-managed-creationSource": "vmssclient-aks-usereph2-32489559-vmss", "aks-managed-enable-imds-restriction": "False", "aks-managed-kubeletIdentityClientID": "c9e56520-a8a3-452c-b5ca-cb3192dafd24", "aks-managed-operationID": "7a36d094-d16e-4088-b1a9-83b67397ae99", "aks-managed-orchestrator": "Kubernetes:1.33.5", "aks-managed-poolName": "usereph2", "aks-managed-resourceNameSuffix": "14784282.0", "aks-managed-ssh-access": "LocalUser", "compute.aks.billing": "linux" } | U53: Organization Name=PT Nawa Darsana Teknologi; Publisher=Microsoft; Publisher Customer ID=346fa229-7c19-44ef-85c6-29e00edf66cf; Unit Price=157.5199999964; ERP=140.62896214; BenefitType=Charge; aks-managed-consolidated-additional-properties=74465425-495d-11f1-ad6b-a26c3881ebea; aks-managed-creationSource=vmssclient-aks-usereph2-32489559-vmss; aks-managed-enable-imds-restriction=False; aks-managed-kubeletIdentityClientID=c9e56520-a8a3-452c-b5ca-cb3192dafd24; aks-managed-operationID=7a36d094-d16e-4088-b1a9-83b67397ae99; aks-managed-orchestrator=Kubernetes:1.33.5; aks-managed-poolName=usereph2; aks-managed-resourceNameSuffix=14784282.0; aks-managed-ssh-access=LocalUser; compute.aks.billing=linux | V53: 16 | W53: 140.63349 | X53: 123.75349 | Y53: -16.88 | Z53: 140.63349 | AA53: 0.1364002
A54: June | B54: Microsoft CSP Azure Plan | C54: Divisi Inovasi | D54: divisiinovasi.onmicrosoft.com | E54: a4cdaa2e-caa7-440f-b849-928a3ceb7e31 | F54: AzureCSP_DivisiInovasi | G54: 1141685 | H54: VM RI | I54: Virtual Machines | J54: Virtual Machines RI | K54: Standard | L54: 46174 | M54: 46203 | N54: 347.44448 | O54: 1 Hour | P54: IDR | Q54: MC_RG-ANPER_APRICOT_SOUTHEASTASIA | R54: aks-usereph2-32489559-vmss | S54: southeastasia | T54: { "Organization Name": "PT Nawa Darsana Teknologi", "Publisher": "Microsoft", "Publisher Customer ID": "346fa229-7c19-44ef-85c6-29e00edf66cf", "Unit Price": "0.0", "ERP": "0.0", "BenefitType": "Charge", "aks-managed-consolidated-additional-properties": "74465425-495d-11f1-ad6b-a26c3881ebea", "aks-managed-creationSource": "vmssclient-aks-usereph2-32489559-vmss", "aks-managed-enable-imds-restriction": "False", "aks-managed-kubeletIdentityClientID": "c9e56520-a8a3-452c-b5ca-cb3192dafd24", "aks-managed-operationID": "7a36d094-d16e-4088-b1a9-83b67397ae99", "aks-managed-orchestrator": "Kubernetes:1.33.5", "aks-managed-poolName": "usereph2", "aks-managed-resourceNameSuffix": "14784282.0", "aks-managed-ssh-access": "LocalUser", "compute.aks.billing": "linux" } | U54: Organization Name=PT Nawa Darsana Teknologi; Publisher=Microsoft; Publisher Customer ID=346fa229-7c19-44ef-85c6-29e00edf66cf; Unit Price=0.0; ERP=0.0; BenefitType=Charge; aks-managed-consolidated-additional-properties=74465425-495d-11f1-ad6b-a26c3881ebea; aks-managed-creationSource=vmssclient-aks-usereph2-32489559-vmss; aks-managed-enable-imds-restriction=False; aks-managed-kubeletIdentityClientID=c9e56520-a8a3-452c-b5ca-cb3192dafd24; aks-managed-operationID=7a36d094-d16e-4088-b1a9-83b67397ae99; aks-managed-orchestrator=Kubernetes:1.33.5; aks-managed-poolName=usereph2; aks-managed-resourceNameSuffix=14784282.0; aks-managed-ssh-access=LocalUser; compute.aks.billing=linux | V54: 16 | W54: 0 | X54: 0 | Y54: 0 | Z54: 0
A55: June | B55: Microsoft CSP Azure Plan | C55: Divisi Inovasi | D55: divisiinovasi.onmicrosoft.com | E55: a4cdaa2e-caa7-440f-b849-928a3ceb7e31 | F55: AzureCSP_DivisiInovasi | G55: 1141685 | H55: Virtual Network Private Link | I55: Virtual Network | J55: Virtual Network Private Link | K55: Standard Data Processed - Egress | L55: 46174 | M55: 46203 | N55: 0.003866191 | O55: 1 GB | P55: IDR | Q55: rg-anper | R55: vpn-access-to-sql-anper | S55: southeastasia | T55: { "Organization Name": "PT Nawa Darsana Teknologi", "Publisher": "Microsoft", "Publisher Customer ID": "346fa229-7c19-44ef-85c6-29e00edf66cf", "Unit Price": "157.5199996269", "ERP": "0.69204801", "BenefitType": "Charge", "Anper": "CE" } | U55: Organization Name=PT Nawa Darsana Teknologi; Publisher=Microsoft; Publisher Customer ID=346fa229-7c19-44ef-85c6-29e00edf66cf; Unit Price=157.5199996269; ERP=0.69204801; BenefitType=Charge; Anper=CE | V55: 7 | W55: 0.68900241 | X55: 0.60900241 | Y55: -0.08 | Z55: 0.68900241 | AA55: 0.13136237
A56: June | B56: Microsoft CSP Azure Plan | C56: Divisi Inovasi | D56: divisiinovasi.onmicrosoft.com | E56: a4cdaa2e-caa7-440f-b849-928a3ceb7e31 | F56: AzureCSP_DivisiInovasi | G56: 1141685 | H56: Virtual Network Private Link | I56: Virtual Network | J56: Virtual Network Private Link | K56: Standard Data Processed - Egress | L56: 46174 | M56: 46203 | N56: 0.0003977641 | O56: 1 GB | P56: IDR | Q56: rg-anper | R56: vpn-access-to-sql-anper | S56: southeastasia | T56: { "Organization Name": "PT Nawa Darsana Teknologi", "Publisher": "Microsoft", "Publisher Customer ID": "346fa229-7c19-44ef-85c6-29e00edf66cf", "Unit Price": "157.5199993576", "ERP": "0.07119904", "BenefitType": "Charge", "Anper": "CE" } | U56: Organization Name=PT Nawa Darsana Teknologi; Publisher=Microsoft; Publisher Customer ID=346fa229-7c19-44ef-85c6-29e00edf66cf; Unit Price=157.5199993576; ERP=0.07119904; BenefitType=Charge; Anper=CE | V56: 7 | W56: 0.072655808 | X56: 0.062655808 | Y56: -0.01 | Z56: 0.072655808 | AA56: 0.15960212
A57: June | B57: Microsoft CSP Azure Plan | C57: Divisi Inovasi | D57: divisiinovasi.onmicrosoft.com | E57: a4cdaa2e-caa7-440f-b849-928a3ceb7e31 | F57: AzureCSP_DivisiInovasi | G57: 1141685 | H57: VM RI | I57: Virtual Machines | J57: Virtual Machines RI | K57: Standard | L57: 46174 | M57: 46203 | N57: 1.116821 | O57: 1 Hour | P57: IDR | Q57: MC_RG-ANPER_APRICOT_SOUTHEASTASIA | R57: aks-usereph2-32489559-vmss | S57: southeastasia | T57: { "Organization Name": "PT Nawa Darsana Teknologi", "Publisher": "Microsoft", "Publisher Customer ID": "346fa229-7c19-44ef-85c6-29e00edf66cf", "Unit Price": "0.0", "ERP": "0.0", "BenefitType": "Charge", "aks-managed-consolidated-additional-properties": "74465425-495d-11f1-ad6b-a26c3881ebea", "aks-managed-creationSource": "vmssclient-aks-usereph2-32489559-vmss", "aks-managed-enable-imds-restriction": "False", "aks-managed-kubeletIdentityClientID": "c9e56520-a8a3-452c-b5ca-cb3192dafd24", "aks-managed-operationID": "7a36d094-d16e-4088-b1a9-83b67397ae99", "aks-managed-orchestrator": "Kubernetes:1.33.5", "aks-managed-poolName": "usereph2", "aks-managed-resourceNameSuffix": "14784282.0", "aks-managed-ssh-access": "LocalUser", "compute.aks.billing": "linux" } | U57: Organization Name=PT Nawa Darsana Teknologi; Publisher=Microsoft; Publisher Customer ID=346fa229-7c19-44ef-85c6-29e00edf66cf; Unit Price=0.0; ERP=0.0; BenefitType=Charge; aks-managed-consolidated-additional-properties=74465425-495d-11f1-ad6b-a26c3881ebea; aks-managed-creationSource=vmssclient-aks-usereph2-32489559-vmss; aks-managed-enable-imds-restriction=False; aks-managed-kubeletIdentityClientID=c9e56520-a8a3-452c-b5ca-cb3192dafd24; aks-managed-operationID=7a36d094-d16e-4088-b1a9-83b67397ae99; aks-managed-orchestrator=Kubernetes:1.33.5; aks-managed-poolName=usereph2; aks-managed-resourceNameSuffix=14784282.0; aks-managed-ssh-access=LocalUser; compute.aks.billing=linux | V57: 16 | W57: 0 | X57: 0 | Y57: 0 | Z57: 0
A58: June | B58: Microsoft CSP Azure Plan | C58: Divisi Inovasi | D58: divisiinovasi.onmicrosoft.com | E58: a4cdaa2e-caa7-440f-b849-928a3ceb7e31 | F58: AzureCSP_DivisiInovasi | G58: 1141685 | H58: Virtual Network Private Link | I58: Virtual Network | J58: Virtual Network Private Link | K58: Standard Data Processed - Ingress | L58: 46174 | M58: 46203 | N58: 0.0043732692 | O58: 1 GB | P58: IDR | Q58: rg-anper | R58: vpn-access-to-sql-anper | S58: southeastasia | T58: { "Organization Name": "PT Nawa Darsana Teknologi", "Publisher": "Microsoft", "Publisher Customer ID": "346fa229-7c19-44ef-85c6-29e00edf66cf", "Unit Price": "157.5199999458", "ERP": "0.78281354", "BenefitType": "Charge", "Anper": "CE" } | U58: Organization Name=PT Nawa Darsana Teknologi; Publisher=Microsoft; Publisher Customer ID=346fa229-7c19-44ef-85c6-29e00edf66cf; Unit Price=157.5199999458; ERP=0.78281354; BenefitType=Charge; Anper=CE | V58: 7 | W58: 0.77887736 | X58: 0.68887736 | Y58: -0.09 | Z58: 0.77887736 | AA58: 0.13064735
A59: June | B59: Microsoft CSP Azure Plan | C59: Divisi Inovasi | D59: divisiinovasi.onmicrosoft.com | E59: a4cdaa2e-caa7-440f-b849-928a3ceb7e31 | F59: AzureCSP_DivisiInovasi | G59: 1141685 | H59: Azure Kubernetes Service | I59: Azure Kubernetes Service | J59: Azure Kubernetes Service | K59: Standard Uptime SLA | L59: 46174 | M59: 46203 | N59: 720.08858 | O59: 1 Hour | P59: IDR | Q59: RG-ANPER | R59: Apricot | S59: southeastasia | T59: { "Organization Name": "PT Nawa Darsana Teknologi", "Publisher": "Microsoft", "Publisher Customer ID": "346fa229-7c19-44ef-85c6-29e00edf66cf", "Unit Price": "1575.2", "ERP": "1288958.56058786", "BenefitType": "Charge", "Anper": "CE", "Environment": "Production", "MD": "Anper", "Product": "CE" } | U59: Organization Name=PT Nawa Darsana Teknologi; Publisher=Microsoft; Publisher Customer ID=346fa229-7c19-44ef-85c6-29e00edf66cf; Unit Price=1575.2; ERP=1288958.56058786; BenefitType=Charge; Anper=CE; Environment=Production; MD=Anper; Product=CE | V59: 10 | W59: 1288958.6 | X59: 1134283.5 | Y59: -154675.03 | Z59: 1288958.6 | AA59: 0.13636364
A60: June | B60: Microsoft CSP Azure Plan | C60: Divisi Inovasi | D60: divisiinovasi.onmicrosoft.com | E60: a4cdaa2e-caa7-440f-b849-928a3ceb7e31 | F60: AzureCSP_DivisiInovasi | G60: 1141685 | H60: SQL DB Single/Elastic Pool GP-SQL Licen | I60: SQL Database | J60: SQL Database Single/Elastic Pool General Purpose - SQL License | K60: vCore | L60: 46174 | M60: 46203 | N60: 1628 | O60: 1 Hour | P60: IDR | Q60: RG-ANPER | R60: apitalawu | S60: southeastasia | T60: { "Organization Name": "PT Nawa Darsana Teknologi", "Publisher": "Microsoft", "Publisher Customer ID": "346fa229-7c19-44ef-85c6-29e00edf66cf", "Unit Price": "1574.664432", "ERP": "2913129.1992", "BenefitType": "Charge", "Anper": "CE", "MD": "Apricot", "Product": "CE" } | U60: Organization Name=PT Nawa Darsana Teknologi; Publisher=Microsoft; Publisher Customer ID=346fa229-7c19-44ef-85c6-29e00edf66cf; Unit Price=1574.664432; ERP=2913129.1992; BenefitType=Charge; Anper=CE; MD=Apricot; Product=CE | V60: 9 | W60: 2913129.2 | X60: 2563553.7 | Y60: -349575.5 | Z60: 2913129.2 | AA60: 0.13636363
A61: June | B61: Microsoft CSP Azure Plan | C61: Divisi Inovasi | D61: divisiinovasi.onmicrosoft.com | E61: a4cdaa2e-caa7-440f-b849-928a3ceb7e31 | F61: AzureCSP_DivisiInovasi | G61: 1141685 | H61: Logic Apps | I61: Logic Apps | J61: Logic Apps | K61: Consumption Built-in Actions | L61: 46174 | M61: 46203 | N61: 1527 | O61: 1 | P61: IDR | Q61: RG-ANPER | R61: CURL-API-ANPER | S61: indonesiacentral | T61: { "Organization Name": "PT Nawa Darsana Teknologi", "Publisher": "Microsoft", "Publisher Customer ID": "346fa229-7c19-44ef-85c6-29e00edf66cf", "Unit Price": "0.3682584466", "ERP": "792.6657", "BenefitType": "Charge" } | U61: Organization Name=PT Nawa Darsana Teknologi; Publisher=Microsoft; Publisher Customer ID=346fa229-7c19-44ef-85c6-29e00edf66cf; Unit Price=0.3682584466; ERP=792.6657; BenefitType=Charge | V61: 6 | W61: 639.01065 | X61: 562.33065 | Y61: -76.68 | Z61: 639.01065 | AA61: 0.13636105
A62: June | B62: Microsoft CSP Azure Plan | C62: Divisi Inovasi | D62: divisiinovasi.onmicrosoft.com | E62: a4cdaa2e-caa7-440f-b849-928a3ceb7e31 | F62: AzureCSP_DivisiInovasi | G62: 1141685 | H62: Bd Inter-Rgn | I62: Bandwidth | J62: Bandwidth Inter-Region | K62: Intra Continent Data Transfer Out | L62: 46174 | M62: 46203 | N62: 0.46858571 | O62: 1 GB | P62: IDR | Q62: mc_rg-anper_apricot_southeastasia | R62: aks-systemeph-11882456-vmss | S62: southeastasia | T62: { "Organization Name": "PT Nawa Darsana Teknologi", "Publisher": "Microsoft", "Publisher Customer ID": "346fa229-7c19-44ef-85c6-29e00edf66cf", "Unit Price": "1260.1599999939", "ERP": "671.01473672", "BenefitType": "Charge", "aks-managed-consolidated-additional-properties": "7445f662-495d-11f1-ad6b-a26c3881ebea", "aks-managed-creationSource": "vmssclient-aks-systemeph-11882456-vmss", "aks-managed-enable-imds-restriction": "False", "aks-managed-kubeletIdentityClientID": "c9e56520-a8a3-452c-b5ca-cb3192dafd24", "aks-managed-operationID": "7a36d094-d16e-4088-b1a9-83b67397ae99", "aks-managed-orchestrator": "Kubernetes:1.33.5", "aks-managed-poolName": "systemeph", "aks-managed-resourceNameSuffix": "14784282.0", "aks-managed-ssh-access": "LocalUser", "compute.aks.billing": "linux" } | U62: Organization Name=PT Nawa Darsana Teknologi; Publisher=Microsoft; Publisher Customer ID=346fa229-7c19-44ef-85c6-29e00edf66cf; Unit Price=1260.1599999939; ERP=671.01473672; BenefitType=Charge; aks-managed-consolidated-additional-properties=7445f662-495d-11f1-ad6b-a26c3881ebea; aks-managed-creationSource=vmssclient-aks-systemeph-11882456-vmss; aks-managed-enable-imds-restriction=False; aks-managed-kubeletIdentityClientID=c9e56520-a8a3-452c-b5ca-cb3192dafd24; aks-managed-operationID=7a36d094-d16e-4088-b1a9-83b67397ae99; aks-managed-orchestrator=Kubernetes:1.33.5; aks-managed-poolName=systemeph; aks-managed-resourceNameSuffix=14784282.0; aks-managed-ssh-access=LocalUser; compute.aks.billing=linux | V62: 16 | W62: 671.01297 | X62: 590.49297 | Y62: -80.52 | Z62: 671.01297 | AA62: 0.13636064
A63: June | B63: Microsoft CSP Azure Plan | C63: Divisi Inovasi | D63: divisiinovasi.onmicrosoft.com | E63: a4cdaa2e-caa7-440f-b849-928a3ceb7e31 | F63: AzureCSP_DivisiInovasi | G63: 1141685 | H63: SQL RI | I63: SQL Database | J63: SQL Database Compute Reservation | K63: Usage | L63: 46174 | M63: 46203 | N63: 4 | O63: 1 Hour | P63: IDR | Q63: RG-ANPER | R63: apitalawu | S63: southeastasia | T63: { "Organization Name": "PT Nawa Darsana Teknologi", "Publisher": "Microsoft", "Publisher Customer ID": "346fa229-7c19-44ef-85c6-29e00edf66cf", "Unit Price": "0.0", "ERP": "0.0", "BenefitType": "Charge", "Anper": "CE", "MD": "Apricot", "Product": "CE" } | U63: Organization Name=PT Nawa Darsana Teknologi; Publisher=Microsoft; Publisher Customer ID=346fa229-7c19-44ef-85c6-29e00edf66cf; Unit Price=0.0; ERP=0.0; BenefitType=Charge; Anper=CE; MD=Apricot; Product=CE | V63: 9 | W63: 0 | X63: 0 | Y63: 0 | Z63: 0
A64: June | B64: Microsoft CSP Azure Plan | C64: Divisi Inovasi | D64: divisiinovasi.onmicrosoft.com | E64: a4cdaa2e-caa7-440f-b849-928a3ceb7e31 | F64: AzureCSP_DivisiInovasi | G64: 1141685 | H64: VM RI | I64: Virtual Machines | J64: Virtual Machines RI | K64: Standard | L64: 46174 | M64: 46203 | N64: 374.94772 | O64: 1 Hour | P64: IDR | Q64: MC_RG-ANPER_APRICOT_SOUTHEASTASIA | R64: aks-usereph2-32489559-vmss | S64: southeastasia | T64: { "Organization Name": "PT Nawa Darsana Teknologi", "Publisher": "Microsoft", "Publisher Customer ID": "346fa229-7c19-44ef-85c6-29e00edf66cf", "Unit Price": "0.0", "ERP": "0.0", "BenefitType": "Charge", "aks-managed-consolidated-additional-properties": "74465425-495d-11f1-ad6b-a26c3881ebea", "aks-managed-creationSource": "vmssclient-aks-usereph2-32489559-vmss", "aks-managed-enable-imds-restriction": "False", "aks-managed-kubeletIdentityClientID": "c9e56520-a8a3-452c-b5ca-cb3192dafd24", "aks-managed-operationID": "7a36d094-d16e-4088-b1a9-83b67397ae99", "aks-managed-orchestrator": "Kubernetes:1.33.5", "aks-managed-poolName": "usereph2", "aks-managed-resourceNameSuffix": "14784282.0", "aks-managed-ssh-access": "LocalUser", "compute.aks.billing": "linux" } | U64: Organization Name=PT Nawa Darsana Teknologi; Publisher=Microsoft; Publisher Customer ID=346fa229-7c19-44ef-85c6-29e00edf66cf; Unit Price=0.0; ERP=0.0; BenefitType=Charge; aks-managed-consolidated-additional-properties=74465425-495d-11f1-ad6b-a26c3881ebea; aks-managed-creationSource=vmssclient-aks-usereph2-32489559-vmss; aks-managed-enable-imds-restriction=False; aks-managed-kubeletIdentityClientID=c9e56520-a8a3-452c-b5ca-cb3192dafd24; aks-managed-operationID=7a36d094-d16e-4088-b1a9-83b67397ae99; aks-managed-orchestrator=Kubernetes:1.33.5; aks-managed-poolName=usereph2; aks-managed-resourceNameSuffix=14784282.0; aks-managed-ssh-access=LocalUser; compute.aks.billing=linux | V64: 16 | W64: 0 | X64: 0 | Y64: 0 | Z64: 0
A65: June | B65: Microsoft CSP Azure Plan | C65: Divisi Inovasi | D65: divisiinovasi.onmicrosoft.com | E65: a4cdaa2e-caa7-440f-b849-928a3ceb7e31 | F65: AzureCSP_DivisiInovasi | G65: 1141685 | H65: Load Balancer | I65: Load Balancer | J65: Load Balancer | K65: Standard Data Processed | L65: 46174 | M65: 46203 | N65: 27.282779 | O65: 1 GB | P65: IDR | Q65: mc_rg-anper_apricot_southeastasia | R65: kubernetes-internal | S65: southeastasia | T65: { "Organization Name": "PT Nawa Darsana Teknologi", "Publisher": "Microsoft", "Publisher Customer ID": "346fa229-7c19-44ef-85c6-29e00edf66cf", "Unit Price": "78.7599999999", "ERP": "2441.80875451", "BenefitType": "Charge", "aks-managed-cluster-name": "apricot", "aks-managed-cluster-rg": "rg-anper", "Anper": "CE", "Environment": "Production", "MD": "Anper", "Product": "CE" } | U65: Organization Name=PT Nawa Darsana Teknologi; Publisher=Microsoft; Publisher Customer ID=346fa229-7c19-44ef-85c6-29e00edf66cf; Unit Price=78.7599999999; ERP=2441.80875451; BenefitType=Charge; aks-managed-cluster-name=apricot; aks-managed-cluster-rg=rg-anper; Anper=CE; Environment=Production; MD=Anper; Product=CE | V65: 12 | W65: 2441.8117 | X65: 2148.7917 | Y65: -293.02 | Z65: 2441.8117 | AA65: 0.13636501
A66: June | B66: Microsoft CSP Azure Plan | C66: Divisi Inovasi | D66: divisiinovasi.onmicrosoft.com | E66: a4cdaa2e-caa7-440f-b849-928a3ceb7e31 | F66: AzureCSP_DivisiInovasi | G66: 1141685 | H66: SQL RI | I66: SQL Database | J66: SQL Database Compute Reservation | K66: Usage | L66: 46174 | M66: 46203 | N66: 190 | O66: 1 Hour | P66: IDR | Q66: RG-ANPER | R66: apitalawu | S66: southeastasia | T66: { "Organization Name": "PT Nawa Darsana Teknologi", "Publisher": "Microsoft", "Publisher Customer ID": "346fa229-7c19-44ef-85c6-29e00edf66cf", "Unit Price": "0.0", "ERP": "0.0", "BenefitType": "Charge", "Anper": "CE", "MD": "Apricot", "Product": "CE" } | U66: Organization Name=PT Nawa Darsana Teknologi; Publisher=Microsoft; Publisher Customer ID=346fa229-7c19-44ef-85c6-29e00edf66cf; Unit Price=0.0; ERP=0.0; BenefitType=Charge; Anper=CE; MD=Apricot; Product=CE | V66: 9 | W66: 0 | X66: 0 | Y66: 0 | Z66: 0
A67: June | B67: Microsoft CSP Azure Plan | C67: Divisi Inovasi | D67: divisiinovasi.onmicrosoft.com | E67: a4cdaa2e-caa7-440f-b849-928a3ceb7e31 | F67: AzureCSP_DivisiInovasi | G67: 1141685 | H67: SQL RI | I67: SQL Database | J67: SQL Database Compute Reservation | K67: Usage | L67: 46174 | M67: 46203 | N67: 216 | O67: 1 Hour | P67: IDR | Q67: RG-ANPER | R67: apitalawu | S67: southeastasia | T67: { "Organization Name": "PT Nawa Darsana Teknologi", "Publisher": "Microsoft", "Publisher Customer ID": "346fa229-7c19-44ef-85c6-29e00edf66cf", "Unit Price": "0.0", "ERP": "0.0", "BenefitType": "Charge", "Anper": "CE", "MD": "Apricot", "Product": "CE" } | U67: Organization Name=PT Nawa Darsana Teknologi; Publisher=Microsoft; Publisher Customer ID=346fa229-7c19-44ef-85c6-29e00edf66cf; Unit Price=0.0; ERP=0.0; BenefitType=Charge; Anper=CE; MD=Apricot; Product=CE | V67: 9 | W67: 0 | X67: 0 | Y67: 0 | Z67: 0
A68: June | B68: Microsoft CSP Azure Plan | C68: Divisi Inovasi | D68: divisiinovasi.onmicrosoft.com | E68: a4cdaa2e-caa7-440f-b849-928a3ceb7e31 | F68: AzureCSP_DivisiInovasi | G68: 1141685 | H68: Azure DNS | I68: Azure DNS | J68: Azure DNS | K68: Private Queries | L68: 46174 | M68: 46203 | N68: 0.090983 | O68: 1M | P68: IDR | Q68: rg-anper | R68: privatelink.database.windows.net | S68: global | T68: { "Organization Name": "PT Nawa Darsana Teknologi", "Publisher": "Microsoft", "Publisher Customer ID": "346fa229-7c19-44ef-85c6-29e00edf66cf", "Unit Price": "6300.7999999389", "ERP": "651.43827821", "BenefitType": "Charge", "Anper": "CE" } | U68: Organization Name=PT Nawa Darsana Teknologi; Publisher=Microsoft; Publisher Customer ID=346fa229-7c19-44ef-85c6-29e00edf66cf; Unit Price=6300.7999999389; ERP=651.43827821; BenefitType=Charge; Anper=CE | V68: 7 | W68: 651.43569 | X68: 573.26569 | Y68: -78.17 | Z68: 651.43569 | AA68: 0.13635911
A69: June | B69: Microsoft CSP Azure Plan | C69: Divisi Inovasi | D69: divisiinovasi.onmicrosoft.com | E69: a4cdaa2e-caa7-440f-b849-928a3ceb7e31 | F69: AzureCSP_DivisiInovasi | G69: 1141685 | H69: Azure DNS | I69: Azure DNS | J69: Azure DNS | K69: Private Zone | L69: 46174 | M69: 46203 | N69: 0.96774194 | O69: 1 | P69: IDR | Q69: rg-anper | R69: privatelink.blob.core.windows.net | S69: global | T69: { "Organization Name": "PT Nawa Darsana Teknologi", "Publisher": "Microsoft", "Publisher Customer ID": "346fa229-7c19-44ef-85c6-29e00edf66cf", "Unit Price": "2450.3111111099", "ERP": "8661.29032183", "BenefitType": "Charge" } | U69: Organization Name=PT Nawa Darsana Teknologi; Publisher=Microsoft; Publisher Customer ID=346fa229-7c19-44ef-85c6-29e00edf66cf; Unit Price=2450.3111111099; ERP=8661.29032183; BenefitType=Charge | V69: 6 | W69: 2694.6188 | X69: 2371.2688 | Y69: -323.35 | Z69: 2694.6188 | AA69: 0.1363616
A70: June | B70: Microsoft CSP Azure Plan | C70: Divisi Inovasi | D70: divisiinovasi.onmicrosoft.com | E70: a4cdaa2e-caa7-440f-b849-928a3ceb7e31 | F70: AzureCSP_DivisiInovasi | G70: 1141685 | H70: Rtn Pref: MGN | I70: Bandwidth | J70: Rtn Preference: MGN | K70: Standard Data Transfer Out | L70: 46174 | M70: 46203 | N70: 0.49055241 | O70: 1 GB | P70: IDR | Q70: mc_rg-anper_apricot_southeastasia | R70: aks-systemeph-11882456-vmss | S70: southeastasia | T70: { "Organization Name": "PT Nawa Darsana Teknologi", "Publisher": "Microsoft", "Publisher Customer ID": "346fa229-7c19-44ef-85c6-29e00edf66cf", "Unit Price": "1887.2903555324", "ERP": "1053.70656952", "BenefitType": "Charge", "aks-managed-consolidated-additional-properties": "7445f662-495d-11f1-ad6b-a26c3881ebea", "aks-managed-creationSource": "vmssclient-aks-systemeph-11882456-vmss", "aks-managed-enable-imds-restriction": "False", "aks-managed-kubeletIdentityClientID": "c9e56520-a8a3-452c-b5ca-cb3192dafd24", "aks-managed-operationID": "7a36d094-d16e-4088-b1a9-83b67397ae99", "aks-managed-orchestrator": "Kubernetes:1.33.5", "aks-managed-poolName": "systemeph", "aks-managed-resourceNameSuffix": "14784282.0", "aks-managed-ssh-access": "LocalUser", "compute.aks.billing": "linux" } | U70: Organization Name=PT Nawa Darsana Teknologi; Publisher=Microsoft; Publisher Customer ID=346fa229-7c19-44ef-85c6-29e00edf66cf; Unit Price=1887.2903555324; ERP=1053.70656952; BenefitType=Charge; aks-managed-consolidated-additional-properties=7445f662-495d-11f1-ad6b-a26c3881ebea; aks-managed-creationSource=vmssclient-aks-systemeph-11882456-vmss; aks-managed-enable-imds-restriction=False; aks-managed-kubeletIdentityClientID=c9e56520-a8a3-452c-b5ca-cb3192dafd24; aks-managed-operationID=7a36d094-d16e-4088-b1a9-83b67397ae99; aks-managed-orchestrator=Kubernetes:1.33.5; aks-managed-poolName=systemeph; aks-managed-resourceNameSuffix=14784282.0; aks-managed-ssh-access=LocalUser; compute.aks.billing=linux | V70: 16 | W70: 1052.0648 | X70: 925.81483 | Y70: -126.25 | Z70: 1052.0648 | AA70: 0.13636636
A71: June | B71: Microsoft CSP Azure Plan | C71: Divisi Inovasi | D71: divisiinovasi.onmicrosoft.com | E71: a4cdaa2e-caa7-440f-b849-928a3ceb7e31 | F71: AzureCSP_DivisiInovasi | G71: 1141685 | H71: Load Balancer | I71: Load Balancer | J71: Load Balancer | K71: Standard Data Processed | L71: 46174 | M71: 46203 | N71: 2529.4013 | O71: 1 GB | P71: IDR | Q71: mc_rg-anper_apricot_southeastasia | R71: kubernetes | S71: southeastasia | T71: { "Organization Name": "PT Nawa Darsana Teknologi", "Publisher": "Microsoft", "Publisher Customer ID": "346fa229-7c19-44ef-85c6-29e00edf66cf", "Unit Price": "78.76", "ERP": "226381.41928918", "BenefitType": "Charge", "aks-managed-cluster-name": "Apricot", "aks-managed-cluster-rg": "rg-anper", "Anper": "CE", "Environment": "Production", "MD": "Anper", "Product": "CE" } | U71: Organization Name=PT Nawa Darsana Teknologi; Publisher=Microsoft; Publisher Customer ID=346fa229-7c19-44ef-85c6-29e00edf66cf; Unit Price=78.76; ERP=226381.41928918; BenefitType=Charge; aks-managed-cluster-name=Apricot; aks-managed-cluster-rg=rg-anper; Anper=CE; Environment=Production; MD=Anper; Product=CE | V71: 12 | W71: 226381.42 | X71: 199215.65 | Y71: -27165.77 | Z71: 226381.42 | AA71: 0.13636363
A72: June | B72: Microsoft CSP Azure Plan | C72: Divisi Inovasi | D72: divisiinovasi.onmicrosoft.com | E72: a4cdaa2e-caa7-440f-b849-928a3ceb7e31 | F72: AzureCSP_DivisiInovasi | G72: 1141685 | H72: Rtn Pref: MGN | I72: Bandwidth | J72: Rtn Preference: MGN | K72: Standard Data Transfer Out | L72: 46174 | M72: 46203 | N72: 1.22562e-05 | O72: 1 GB | P72: IDR | Q72: mc_rg-anper_apricot_southeastasia | R72: aks-usereph2-32489559-vmss | S72: southeastasia | T72: { "Organization Name": "PT Nawa Darsana Teknologi", "Publisher": "Microsoft", "Publisher Customer ID": "346fa229-7c19-44ef-85c6-29e00edf66cf", "Unit Price": "1890.2399873626", "ERP": "0.02632553", "BenefitType": "Charge", "aks-managed-consolidated-additional-properties": "74465425-495d-11f1-ad6b-a26c3881ebea", "aks-managed-creationSource": "vmssclient-aks-usereph2-32489559-vmss", "aks-managed-enable-imds-restriction": "False", "aks-managed-kubeletIdentityClientID": "c9e56520-a8a3-452c-b5ca-cb3192dafd24", "aks-managed-operationID": "7a36d094-d16e-4088-b1a9-83b67397ae99", "aks-managed-orchestrator": "Kubernetes:1.33.5", "aks-managed-poolName": "usereph2", "aks-managed-resourceNameSuffix": "14784282.0", "aks-managed-ssh-access": "LocalUser", "compute.aks.billing": "linux" } | U72: Organization Name=PT Nawa Darsana Teknologi; Publisher=Microsoft; Publisher Customer ID=346fa229-7c19-44ef-85c6-29e00edf66cf; Unit Price=1890.2399873626; ERP=0.02632553; BenefitType=Charge; aks-managed-consolidated-additional-properties=74465425-495d-11f1-ad6b-a26c3881ebea; aks-managed-creationSource=vmssclient-aks-usereph2-32489559-vmss; aks-managed-enable-imds-restriction=False; aks-managed-kubeletIdentityClientID=c9e56520-a8a3-452c-b5ca-cb3192dafd24; aks-managed-operationID=7a36d094-d16e-4088-b1a9-83b67397ae99; aks-managed-orchestrator=Kubernetes:1.33.5; aks-managed-poolName=usereph2; aks-managed-resourceNameSuffix=14784282.0; aks-managed-ssh-access=LocalUser; compute.aks.billing=linux | V72: 16 | W72: 0.023167169 | X72: 0.023167169 | Y72: 0 | Z72: 0.023167169 | AA72: 0
A73: June | B73: Microsoft CSP Azure Plan | C73: Divisi Inovasi | D73: divisiinovasi.onmicrosoft.com | E73: a4cdaa2e-caa7-440f-b849-928a3ceb7e31 | F73: AzureCSP_DivisiInovasi | G73: 1141685 | H73: Virtual Network Peering | I73: Virtual Network | J73: Virtual Network Peering | K73: Intra-Region Egress | L73: 46174 | M73: 46203 | N73: 3.9116e-06 | O73: 1 GB | P73: IDR | Q73: mc_rg-anper_apricot_southeastasia | R73: aks-monitoring-44423715-vmss | S73: southeastasia | T73: { "Organization Name": "PT Nawa Darsana Teknologi", "Publisher": "Microsoft", "Publisher Customer ID": "346fa229-7c19-44ef-85c6-29e00edf66cf", "Unit Price": "157.5199246054", "ERP": "0.00069989", "BenefitType": "Charge", "aks-managed-consolidated-additional-properties": "744593b0-495d-11f1-ad6b-a26c3881ebea", "aks-managed-creationSource": "vmssclient-aks-monitoring-44423715-vmss", "aks-managed-enable-imds-restriction": "False", "aks-managed-kubeletIdentityClientID": "c9e56520-a8a3-452c-b5ca-cb3192dafd24", "aks-managed-operationID": "7a36d094-d16e-4088-b1a9-83b67397ae99", "aks-managed-orchestrator": "Kubernetes:1.33.5", "aks-managed-poolName": "monitoring", "aks-managed-resourceNameSuffix": "14784282.0", "aks-managed-ssh-access": "LocalUser", "compute.aks.billing": "linux", "purpose": "monitoring" } | U73: Organization Name=PT Nawa Darsana Teknologi; Publisher=Microsoft; Publisher Customer ID=346fa229-7c19-44ef-85c6-29e00edf66cf; Unit Price=157.5199246054; ERP=0.00069989; BenefitType=Charge; aks-managed-consolidated-additional-properties=744593b0-495d-11f1-ad6b-a26c3881ebea; aks-managed-creationSource=vmssclient-aks-monitoring-44423715-vmss; aks-managed-enable-imds-restriction=False; aks-managed-kubeletIdentityClientID=c9e56520-a8a3-452c-b5ca-cb3192dafd24; aks-managed-operationID=7a36d094-d16e-4088-b1a9-83b67397ae99; aks-managed-orchestrator=Kubernetes:1.33.5; aks-managed-poolName=monitoring; aks-managed-resourceNameSuffix=14784282.0; aks-managed-ssh-access=LocalUser; compute.aks.billing=linux; purpose=monitoring | V73: 17 | W73: 0.0006161478 | X73: 0.0006161478 | Y73: 0 | Z73: 0.0006161478 | AA73: 0
A74: June | B74: Microsoft CSP Azure Plan | C74: Divisi Inovasi | D74: divisiinovasi.onmicrosoft.com | E74: a4cdaa2e-caa7-440f-b849-928a3ceb7e31 | F74: AzureCSP_DivisiInovasi | G74: 1141685 | H74: Rtn Pref: MGN | I74: Bandwidth | J74: Rtn Preference: MGN | K74: Standard Data Transfer Out | L74: 46174 | M74: 46203 | N74: 0.26830346 | O74: 1 GB | P74: IDR | Q74: mc_rg-anper_apricot_southeastasia | R74: aks-usereph2-32489559-vmss | S74: southeastasia | T74: { "Organization Name": "PT Nawa Darsana Teknologi", "Publisher": "Microsoft", "Publisher Customer ID": "346fa229-7c19-44ef-85c6-29e00edf66cf", "Unit Price": "1884.0458639196", "ERP": "576.31583208", "BenefitType": "Charge", "aks-managed-consolidated-additional-properties": "74465425-495d-11f1-ad6b-a26c3881ebea", "aks-managed-creationSource": "vmssclient-aks-usereph2-32489559-vmss", "aks-managed-enable-imds-restriction": "False", "aks-managed-kubeletIdentityClientID": "c9e56520-a8a3-452c-b5ca-cb3192dafd24", "aks-managed-operationID": "7a36d094-d16e-4088-b1a9-83b67397ae99", "aks-managed-orchestrator": "Kubernetes:1.33.5", "aks-managed-poolName": "usereph2", "aks-managed-resourceNameSuffix": "14784282.0", "aks-managed-ssh-access": "LocalUser", "compute.aks.billing": "linux" } | U74: Organization Name=PT Nawa Darsana Teknologi; Publisher=Microsoft; Publisher Customer ID=346fa229-7c19-44ef-85c6-29e00edf66cf; Unit Price=1884.0458639196; ERP=576.31583208; BenefitType=Charge; aks-managed-consolidated-additional-properties=74465425-495d-11f1-ad6b-a26c3881ebea; aks-managed-creationSource=vmssclient-aks-usereph2-32489559-vmss; aks-managed-enable-imds-restriction=False; aks-managed-kubeletIdentityClientID=c9e56520-a8a3-452c-b5ca-cb3192dafd24; aks-managed-operationID=7a36d094-d16e-4088-b1a9-83b67397ae99; aks-managed-orchestrator=Kubernetes:1.33.5; aks-managed-poolName=usereph2; aks-managed-resourceNameSuffix=14784282.0; aks-managed-ssh-access=LocalUser; compute.aks.billing=linux | V74: 16 | W74: 574.42602 | X74: 505.49602 | Y74: -68.93 | Z74: 574.42602 | AA74: 0.13636111
A75: June | B75: Microsoft CSP Azure Plan | C75: Divisi Inovasi | D75: divisiinovasi.onmicrosoft.com | E75: a4cdaa2e-caa7-440f-b849-928a3ceb7e31 | F75: AzureCSP_DivisiInovasi | G75: 1141685 | H75: Azure DNS | I75: Azure DNS | J75: Azure DNS | K75: Private Queries | L75: 46174 | M75: 46203 | N75: 0.356782 | O75: 1M | P75: IDR | Q75: rg-anper | R75: privatelink.redis.cache.windows.net | S75: global | T75: { "Organization Name": "PT Nawa Darsana Teknologi", "Publisher": "Microsoft", "Publisher Customer ID": "346fa229-7c19-44ef-85c6-29e00edf66cf", "Unit Price": "6300.8", "ERP": "2554.55912", "BenefitType": "Charge", "Billing": "Anper" } | U75: Organization Name=PT Nawa Darsana Teknologi; Publisher=Microsoft; Publisher Customer ID=346fa229-7c19-44ef-85c6-29e00edf66cf; Unit Price=6300.8; ERP=2554.55912; BenefitType=Charge; Billing=Anper | V75: 7 | W75: 2554.562 | X75: 2248.012 | Y75: -306.55 | Z75: 2554.562 | AA75: 0.13636493
A76: June | B76: Microsoft CSP Azure Plan | C76: Divisi Inovasi | D76: divisiinovasi.onmicrosoft.com | E76: a4cdaa2e-caa7-440f-b849-928a3ceb7e31 | F76: AzureCSP_DivisiInovasi | G76: 1141685 | H76: Azure DNS | I76: Azure DNS | J76: Azure DNS | K76: Private Zone | L76: 46174 | M76: 46203 | N76: 0.96774194 | O76: 1 | P76: IDR | Q76: rg-anper | R76: privatelink.redis.cache.windows.net | S76: global | T76: { "Organization Name": "PT Nawa Darsana Teknologi", "Publisher": "Microsoft", "Publisher Customer ID": "346fa229-7c19-44ef-85c6-29e00edf66cf", "Unit Price": "2450.3111111099", "ERP": "8661.29032183", "BenefitType": "Charge", "Billing": "Anper" } | U76: Organization Name=PT Nawa Darsana Teknologi; Publisher=Microsoft; Publisher Customer ID=346fa229-7c19-44ef-85c6-29e00edf66cf; Unit Price=2450.3111111099; ERP=8661.29032183; BenefitType=Charge; Billing=Anper | V76: 7 | W76: 2694.6188 | X76: 2371.2688 | Y76: -323.35 | Z76: 2694.6188 | AA76: 0.1363616
A77: June | B77: Microsoft CSP Azure Plan | C77: Divisi Inovasi | D77: divisiinovasi.onmicrosoft.com | E77: a4cdaa2e-caa7-440f-b849-928a3ceb7e31 | F77: AzureCSP_DivisiInovasi | G77: 1141685 | H77: Azure DNS | I77: Azure DNS | J77: Azure DNS | K77: Private Zone | L77: 46174 | M77: 46203 | N77: 0.96774194 | O77: 1 | P77: IDR | Q77: rg-anper | R77: privatelink.postgres.database.azure.com | S77: global | T77: { "Organization Name": "PT Nawa Darsana Teknologi", "Publisher": "Microsoft", "Publisher Customer ID": "346fa229-7c19-44ef-85c6-29e00edf66cf", "Unit Price": "2450.3111111099", "ERP": "8661.29032183", "BenefitType": "Charge", "Billing": "Anper" } | U77: Organization Name=PT Nawa Darsana Teknologi; Publisher=Microsoft; Publisher Customer ID=346fa229-7c19-44ef-85c6-29e00edf66cf; Unit Price=2450.3111111099; ERP=8661.29032183; BenefitType=Charge; Billing=Anper | V77: 7 | W77: 2694.6188 | X77: 2371.2688 | Y77: -323.35 | Z77: 2694.6188 | AA77: 0.1363616
A78: June | B78: Microsoft CSP Azure Plan | C78: Divisi Inovasi | D78: divisiinovasi.onmicrosoft.com | E78: a4cdaa2e-caa7-440f-b849-928a3ceb7e31 | F78: AzureCSP_DivisiInovasi | G78: 1141685 | H78: Load Balancer | I78: Load Balancer | J78: Load Balancer | K78: Standard Included LB Rules and Outbound Rules | L78: 46174 | M78: 46203 | N78: 720 | O78: 1 Hour | P78: IDR | Q78: mc_rg-anper_apricot_southeastasia | R78: kubernetes-internal | S78: southeastasia | T78: { "Organization Name": "PT Nawa Darsana Teknologi", "Publisher": "Microsoft", "Publisher Customer ID": "346fa229-7c19-44ef-85c6-29e00edf66cf", "Unit Price": "393.8", "ERP": "322200.0", "BenefitType": "Charge", "aks-managed-cluster-name": "apricot", "aks-managed-cluster-rg": "rg-anper", "Anper": "CE", "Environment": "Production", "MD": "Anper", "Product": "CE" } | U78: Organization Name=PT Nawa Darsana Teknologi; Publisher=Microsoft; Publisher Customer ID=346fa229-7c19-44ef-85c6-29e00edf66cf; Unit Price=393.8; ERP=322200.0; BenefitType=Charge; aks-managed-cluster-name=apricot; aks-managed-cluster-rg=rg-anper; Anper=CE; Environment=Production; MD=Anper; Product=CE | V78: 12 | W78: 322200 | X78: 283536 | Y78: -38664 | Z78: 322200 | AA78: 0.13636364
A79: June | B79: Microsoft CSP Azure Plan | C79: Divisi Inovasi | D79: divisiinovasi.onmicrosoft.com | E79: a4cdaa2e-caa7-440f-b849-928a3ceb7e31 | F79: AzureCSP_DivisiInovasi | G79: 1141685 | H79: Azure DNS | I79: Azure DNS | J79: Azure DNS | K79: Private Queries | L79: 46174 | M79: 46203 | N79: 0.512594 | O79: 1M | P79: IDR | Q79: rg-anper | R79: privatelink.postgres.database.azure.com | S79: global | T79: { "Organization Name": "PT Nawa Darsana Teknologi", "Publisher": "Microsoft", "Publisher Customer ID": "346fa229-7c19-44ef-85c6-29e00edf66cf", "Unit Price": "6300.8", "ERP": "3670.17304", "BenefitType": "Charge", "Billing": "Anper" } | U79: Organization Name=PT Nawa Darsana Teknologi; Publisher=Microsoft; Publisher Customer ID=346fa229-7c19-44ef-85c6-29e00edf66cf; Unit Price=6300.8; ERP=3670.17304; BenefitType=Charge; Billing=Anper | V79: 7 | W79: 3670.1723 | X79: 3229.7523 | Y79: -440.42 | Z79: 3670.1723 | AA79: 0.1363634
... A91: June | B91: Microsoft CSP Azure Plan | C91: Divisi Inovasi | D91: divisiinovasi.onmicrosoft.com | E91: a4cdaa2e-caa7-440f-b849-928a3ceb7e31 | F91: AzureCSP_DivisiInovasi | G91: 1141685 | H91: SQL DB Single/Elastic Pool Gen Pur-Storage | I91: SQL Database | J91: SQL Database Single/Elastic Pool General Purpose - Storage | K91: General Purpose Data Stored | L91: 46174 | M91: 46203 | N91: 41.6 | O91: 1 GB/Month | P91: IDR | Q91: RG-ANPER | R91: apitalawu | S91: southeastasia | T91: { "Organization Name": "PT Nawa Darsana Teknologi", "Publisher": "Microsoft", "Publisher Customer ID": "346fa229-7c19-44ef-85c6-29e00edf66cf", "Unit Price": "2173.776", "ERP": "102760.31999821", "BenefitType": "Charge", "Anper": "CE", "MD": "Apricot", "Product": "CE" } | U91: Organization Name=PT Nawa Darsana Teknologi; Publisher=Microsoft; Publisher Customer ID=346fa229-7c19-44ef-85c6-29e00edf66cf; Unit Price=2173.776; ERP=102760.31999821; BenefitType=Charge; Anper=CE; MD=Apricot; Product=CE | V91: 9 | W91: 102760.32 | X91: 90429.082 | Y91: -12331.24 | Z91: 102760.32 | AA91: 0.13636365
A92: June | B92: Microsoft CSP Azure Plan | C92: Divisi Inovasi | D92: divisiinovasi.onmicrosoft.com | E92: a4cdaa2e-caa7-440f-b849-928a3ceb7e31 | F92: AzureCSP_DivisiInovasi | G92: 1141685 | H92: SQL RI | I92: SQL Database | J92: SQL Database Compute Reservation | K92: Usage | L92: 46174 | M92: 46203 | N92: 76 | O92: 1 Hour | P92: IDR | Q92: RG-ANPER | R92: apitalawu | S92: southeastasia | T92: { "Organization Name": "PT Nawa Darsana Teknologi", "Publisher": "Microsoft", "Publisher Customer ID": "346fa229-7c19-44ef-85c6-29e00edf66cf", "Unit Price": "0.0", "ERP": "0.0", "BenefitType": "Charge", "Anper": "CE", "MD": "Apricot", "Product": "CE" } | U92: Organization Name=PT Nawa Darsana Teknologi; Publisher=Microsoft; Publisher Customer ID=346fa229-7c19-44ef-85c6-29e00edf66cf; Unit Price=0.0; ERP=0.0; BenefitType=Charge; Anper=CE; MD=Apricot; Product=CE | V92: 9 | W92: 0 | X92: 0 | Y92: 0 | Z92: 0
A93: June | B93: Microsoft CSP Azure Plan | C93: Divisi Inovasi | D93: divisiinovasi.onmicrosoft.com | E93: a4cdaa2e-caa7-440f-b849-928a3ceb7e31 | F93: AzureCSP_DivisiInovasi | G93: 1141685 | H93: IP Address | I93: Virtual Network | J93: IP Addresses | K93: Standard IPv4 Static Public IP | L93: 46174 | M93: 46203 | N93: 720 | O93: 1 Hour | P93: IDR | Q93: mc_rg-anper_apricot_southeastasia | R93: dd6dedbd-728e-4c1c-96f6-c8fb26d338b4 | S93: southeastasia | T93: { "Organization Name": "PT Nawa Darsana Teknologi", "Publisher": "Microsoft", "Publisher Customer ID": "346fa229-7c19-44ef-85c6-29e00edf66cf", "Unit Price": "78.76", "ERP": "64440.0", "BenefitType": "Charge", "aks-managed-cluster-name": "Apricot", "aks-managed-cluster-rg": "RG-ANPER", "aks-managed-type": "aks-slb-managed-outbound-ip", "Anper": "CE", "Environment": "Production", "MD": "Anper", "Product": "CE" } | U93: Organization Name=PT Nawa Darsana Teknologi; Publisher=Microsoft; Publisher Customer ID=346fa229-7c19-44ef-85c6-29e00edf66cf; Unit Price=78.76; ERP=64440.0; BenefitType=Charge; aks-managed-cluster-name=Apricot; aks-managed-cluster-rg=RG-ANPER; aks-managed-type=aks-slb-managed-outbound-ip; Anper=CE; Environment=Production; MD=Anper; Product=CE | V93: 13 | W93: 64440 | X93: 56707.2 | Y93: -7732.8 | Z93: 64440 | AA93: 0.13636364
A94: June | B94: Microsoft CSP Azure Plan | C94: Divisi Inovasi | D94: divisiinovasi.onmicrosoft.com | E94: a4cdaa2e-caa7-440f-b849-928a3ceb7e31 | F94: AzureCSP_DivisiInovasi | G94: 1141685 | H94: Event Hubs | I94: Event Hubs | J94: Event Hubs | K94: Standard Ingress Events | L94: 46174 | M94: 46203 | N94: 0.74015 | O94: 1M | P94: IDR | Q94: RG-ANPER | R94: azaleahub | S94: southeastasia | T94: { "Organization Name": "PT Nawa Darsana Teknologi", "Publisher": "Microsoft", "Publisher Customer ID": "346fa229-7c19-44ef-85c6-29e00edf66cf", "Unit Price": "441.056", "ERP": "370.96318", "BenefitType": "Charge", "Anper": "Anper", "CE": "CDC" } | U94: Organization Name=PT Nawa Darsana Teknologi; Publisher=Microsoft; Publisher Customer ID=346fa229-7c19-44ef-85c6-29e00edf66cf; Unit Price=441.056; ERP=370.96318; BenefitType=Charge; Anper=Anper; CE=CDC | V94: 8 | W94: 370.9676 | X94: 326.4476 | Y94: -44.52 | Z94: 370.9676 | AA94: 0.13637717
A95: June | B95: Microsoft CSP Azure Plan | C95: Divisi Inovasi | D95: divisiinovasi.onmicrosoft.com | E95: a4cdaa2e-caa7-440f-b849-928a3ceb7e31 | F95: AzureCSP_DivisiInovasi | G95: 1141685 | H95: VM RI | I95: Virtual Machines | J95: Virtual Machines RI | K95: Standard | L95: 46174 | M95: 46203 | N95: 719.81683 | O95: 1 Hour | P95: IDR | Q95: MC_RG-ANPER_APRICOT_SOUTHEASTASIA | R95: aks-monitoring-44423715-vmss | S95: southeastasia | T95: { "Organization Name": "PT Nawa Darsana Teknologi", "Publisher": "Microsoft", "Publisher Customer ID": "346fa229-7c19-44ef-85c6-29e00edf66cf", "Unit Price": "0.0", "ERP": "0.0", "BenefitType": "Charge", "aks-managed-consolidated-additional-properties": "744593b0-495d-11f1-ad6b-a26c3881ebea", "aks-managed-creationSource": "vmssclient-aks-monitoring-44423715-vmss", "aks-managed-enable-imds-restriction": "False", "aks-managed-kubeletIdentityClientID": "c9e56520-a8a3-452c-b5ca-cb3192dafd24", "aks-managed-operationID": "7a36d094-d16e-4088-b1a9-83b67397ae99", "aks-managed-orchestrator": "Kubernetes:1.33.5", "aks-managed-poolName": "monitoring", "aks-managed-resourceNameSuffix": "14784282.0", "aks-managed-ssh-access": "LocalUser", "compute.aks.billing": "linux", "purpose": "monitoring" } | U95: Organization Name=PT Nawa Darsana Teknologi; Publisher=Microsoft; Publisher Customer ID=346fa229-7c19-44ef-85c6-29e00edf66cf; Unit Price=0.0; ERP=0.0; BenefitType=Charge; aks-managed-consolidated-additional-properties=744593b0-495d-11f1-ad6b-a26c3881ebea; aks-managed-creationSource=vmssclient-aks-monitoring-44423715-vmss; aks-managed-enable-imds-restriction=False; aks-managed-kubeletIdentityClientID=c9e56520-a8a3-452c-b5ca-cb3192dafd24; aks-managed-operationID=7a36d094-d16e-4088-b1a9-83b67397ae99; aks-managed-orchestrator=Kubernetes:1.33.5; aks-managed-poolName=monitoring; aks-managed-resourceNameSuffix=14784282.0; aks-managed-ssh-access=LocalUser; compute.aks.billing=linux; purpose=monitoring | V95: 17 | W95: 0 | X95: 0 | Y95: 0 | Z95: 0
A96: June | B96: Microsoft CSP Azure Plan | C96: Divisi Inovasi | D96: divisiinovasi.onmicrosoft.com | E96: a4cdaa2e-caa7-440f-b849-928a3ceb7e31 | F96: AzureCSP_DivisiInovasi | G96: 1141685 | H96: VM RI | I96: Virtual Machines | J96: Virtual Machines RI | K96: Standard | L96: 46174 | M96: 46203 | N96: 0.116821 | O96: 1 Hour | P96: IDR | Q96: MC_RG-ANPER_APRICOT_SOUTHEASTASIA | R96: aks-usereph2-32489559-vmss | S96: southeastasia | T96: { "Organization Name": "PT Nawa Darsana Teknologi", "Publisher": "Microsoft", "Publisher Customer ID": "346fa229-7c19-44ef-85c6-29e00edf66cf", "Unit Price": "0.0", "ERP": "0.0", "BenefitType": "Charge", "aks-managed-consolidated-additional-properties": "74465425-495d-11f1-ad6b-a26c3881ebea", "aks-managed-creationSource": "vmssclient-aks-usereph2-32489559-vmss", "aks-managed-enable-imds-restriction": "False", "aks-managed-kubeletIdentityClientID": "c9e56520-a8a3-452c-b5ca-cb3192dafd24", "aks-managed-operationID": "7a36d094-d16e-4088-b1a9-83b67397ae99", "aks-managed-orchestrator": "Kubernetes:1.33.5", "aks-managed-poolName": "usereph2", "aks-managed-resourceNameSuffix": "14784282.0", "aks-managed-ssh-access": "LocalUser", "compute.aks.billing": "linux" } | U96: Organization Name=PT Nawa Darsana Teknologi; Publisher=Microsoft; Publisher Customer ID=346fa229-7c19-44ef-85c6-29e00edf66cf; Unit Price=0.0; ERP=0.0; BenefitType=Charge; aks-managed-consolidated-additional-properties=74465425-495d-11f1-ad6b-a26c3881ebea; aks-managed-creationSource=vmssclient-aks-usereph2-32489559-vmss; aks-managed-enable-imds-restriction=False; aks-managed-kubeletIdentityClientID=c9e56520-a8a3-452c-b5ca-cb3192dafd24; aks-managed-operationID=7a36d094-d16e-4088-b1a9-83b67397ae99; aks-managed-orchestrator=Kubernetes:1.33.5; aks-managed-poolName=usereph2; aks-managed-resourceNameSuffix=14784282.0; aks-managed-ssh-access=LocalUser; compute.aks.billing=linux | V96: 16 | W96: 0 | X96: 0 | Y96: 0 | Z96: 0
A97: June | B97: Microsoft CSP Azure Plan | C97: Divisi Inovasi | D97: divisiinovasi.onmicrosoft.com | E97: a4cdaa2e-caa7-440f-b849-928a3ceb7e31 | F97: AzureCSP_DivisiInovasi | G97: 1141685 | H97: VM RI | I97: Virtual Machines | J97: Virtual Machines RI | K97: Standard | L97: 46174 | M97: 46203 | N97: 54.399197 | O97: 1 Hour | P97: IDR | Q97: MC_RG-ANPER_APRICOT_SOUTHEASTASIA | R97: aks-usereph2-32489559-vmss | S97: southeastasia | T97: { "Organization Name": "PT Nawa Darsana Teknologi", "Publisher": "Microsoft", "Publisher Customer ID": "346fa229-7c19-44ef-85c6-29e00edf66cf", "Unit Price": "0.0", "ERP": "0.0", "BenefitType": "Charge", "aks-managed-consolidated-additional-properties": "74465425-495d-11f1-ad6b-a26c3881ebea", "aks-managed-creationSource": "vmssclient-aks-usereph2-32489559-vmss", "aks-managed-enable-imds-restriction": "False", "aks-managed-kubeletIdentityClientID": "c9e56520-a8a3-452c-b5ca-cb3192dafd24", "aks-managed-operationID": "7a36d094-d16e-4088-b1a9-83b67397ae99", "aks-managed-orchestrator": "Kubernetes:1.33.5", "aks-managed-poolName": "usereph2", "aks-managed-resourceNameSuffix": "14784282.0", "aks-managed-ssh-access": "LocalUser", "compute.aks.billing": "linux" } | U97: Organization Name=PT Nawa Darsana Teknologi; Publisher=Microsoft; Publisher Customer ID=346fa229-7c19-44ef-85c6-29e00edf66cf; Unit Price=0.0; ERP=0.0; BenefitType=Charge; aks-managed-consolidated-additional-properties=74465425-495d-11f1-ad6b-a26c3881ebea; aks-managed-creationSource=vmssclient-aks-usereph2-32489559-vmss; aks-managed-enable-imds-restriction=False; aks-managed-kubeletIdentityClientID=c9e56520-a8a3-452c-b5ca-cb3192dafd24; aks-managed-operationID=7a36d094-d16e-4088-b1a9-83b67397ae99; aks-managed-orchestrator=Kubernetes:1.33.5; aks-managed-poolName=usereph2; aks-managed-resourceNameSuffix=14784282.0; aks-managed-ssh-access=LocalUser; compute.aks.billing=linux | V97: 16 | W97: 0 | X97: 0 | Y97: 0 | Z97: 0
A98: June | B98: Microsoft CSP Azure Plan | C98: Divisi Inovasi | D98: divisiinovasi.onmicrosoft.com | E98: a4cdaa2e-caa7-440f-b849-928a3ceb7e31 | F98: AzureCSP_DivisiInovasi | G98: 1141685 | H98: Bd Inter-Rgn | I98: Bandwidth | J98: Bandwidth Inter-Region | K98: Intra Continent Data Transfer Out | L98: 46174 | M98: 46203 | N98: 0.002757336 | O98: 1 GB | P98: IDR | Q98: mc_rg-anper_apricot_southeastasia | R98: aks-monitoring-44423715-vmss | S98: southeastasia | T98: { "Organization Name": "PT Nawa Darsana Teknologi", "Publisher": "Microsoft", "Publisher Customer ID": "346fa229-7c19-44ef-85c6-29e00edf66cf", "Unit Price": "1260.1599991579", "ERP": "3.94850372", "BenefitType": "Charge", "aks-managed-consolidated-additional-properties": "744593b0-495d-11f1-ad6b-a26c3881ebea", "aks-managed-creationSource": "vmssclient-aks-monitoring-44423715-vmss", "aks-managed-enable-imds-restriction": "False", "aks-managed-kubeletIdentityClientID": "c9e56520-a8a3-452c-b5ca-cb3192dafd24", "aks-managed-operationID": "7a36d094-d16e-4088-b1a9-83b67397ae99", "aks-managed-orchestrator": "Kubernetes:1.33.5", "aks-managed-poolName": "monitoring", "aks-managed-resourceNameSuffix": "14784282.0", "aks-managed-ssh-access": "LocalUser", "compute.aks.billing": "linux", "purpose": "monitoring" } | U98: Organization Name=PT Nawa Darsana Teknologi; Publisher=Microsoft; Publisher Customer ID=346fa229-7c19-44ef-85c6-29e00edf66cf; Unit Price=1260.1599991579; ERP=3.94850372; BenefitType=Charge; aks-managed-consolidated-additional-properties=744593b0-495d-11f1-ad6b-a26c3881ebea; aks-managed-creationSource=vmssclient-aks-monitoring-44423715-vmss; aks-managed-enable-imds-restriction=False; aks-managed-kubeletIdentityClientID=c9e56520-a8a3-452c-b5ca-cb3192dafd24; aks-managed-operationID=7a36d094-d16e-4088-b1a9-83b67397ae99; aks-managed-orchestrator=Kubernetes:1.33.5; aks-managed-poolName=monitoring; aks-managed-resourceNameSuffix=14784282.0; aks-managed-ssh-access=LocalUser; compute.aks.billing=linux; purpose=monitoring | V98: 17 | W98: 3.9446845 | X98: 3.4746845 | Y98: -0.47 | Z98: 3.9446845 | AA98: 0.13526408
A99: June | B99: Microsoft CSP Azure Plan | C99: Divisi Inovasi | D99: divisiinovasi.onmicrosoft.com | E99: a4cdaa2e-caa7-440f-b849-928a3ceb7e31 | F99: AzureCSP_DivisiInovasi | G99: 1141685 | H99: Bd Inter-Rgn | I99: Bandwidth | J99: Bandwidth Inter-Region | K99: Intra Continent Data Transfer Out | L99: 46174 | M99: 46203 | N99: 5.09966 | O99: 1 GB | P99: IDR | Q99: mc_rg-anper_apricot_southeastasia | R99: aks-usereph2-32489559-vmss | S99: southeastasia | T99: { "Organization Name": "PT Nawa Darsana Teknologi", "Publisher": "Microsoft", "Publisher Customer ID": "346fa229-7c19-44ef-85c6-29e00edf66cf", "Unit Price": "1260.1599999995", "ERP": "7302.71313611", "BenefitType": "Charge", "aks-managed-consolidated-additional-properties": "74465425-495d-11f1-ad6b-a26c3881ebea", "aks-managed-creationSource": "vmssclient-aks-usereph2-32489559-vmss", "aks-managed-enable-imds-restriction": "False", "aks-managed-kubeletIdentityClientID": "c9e56520-a8a3-452c-b5ca-cb3192dafd24", "aks-managed-operationID": "7a36d094-d16e-4088-b1a9-83b67397ae99", "aks-managed-orchestrator": "Kubernetes:1.33.5", "aks-managed-poolName": "usereph2", "aks-managed-resourceNameSuffix": "14784282.0", "aks-managed-ssh-access": "LocalUser", "compute.aks.billing": "linux" } | U99: Organization Name=PT Nawa Darsana Teknologi; Publisher=Microsoft; Publisher Customer ID=346fa229-7c19-44ef-85c6-29e00edf66cf; Unit Price=1260.1599999995; ERP=7302.71313611; BenefitType=Charge; aks-managed-consolidated-additional-properties=74465425-495d-11f1-ad6b-a26c3881ebea; aks-managed-creationSource=vmssclient-aks-usereph2-32489559-vmss; aks-managed-enable-imds-restriction=False; aks-managed-kubeletIdentityClientID=c9e56520-a8a3-452c-b5ca-cb3192dafd24; aks-managed-operationID=7a36d094-d16e-4088-b1a9-83b67397ae99; aks-managed-orchestrator=Kubernetes:1.33.5; aks-managed-poolName=usereph2; aks-managed-resourceNameSuffix=14784282.0; aks-managed-ssh-access=LocalUser; compute.aks.billing=linux | V99: 16 | W99: 7302.7176 | X99: 6426.3876 | Y99: -876.33 | Z99: 7302.7176 | AA99: 0.13636432
A100: June | B100: Microsoft CSP Azure Plan | C100: Divisi Inovasi | D100: divisiinovasi.onmicrosoft.com | E100: a4cdaa2e-caa7-440f-b849-928a3ceb7e31 | F100: AzureCSP_DivisiInovasi | G100: 1141685 | H100: Bd Inter-Rgn | I100: Bandwidth | J100: Bandwidth Inter-Region | K100: Intra Continent Data Transfer Out | L100: 46174 | M100: 46203 | N100: 3.1153e-06 | O100: 1 GB | P100: IDR | Q100: mc_rg-anper_apricot_southeastasia | R100: aks-usereph2-32489559-vmss | S100: southeastasia | T100: { "Organization Name": "PT Nawa Darsana Teknologi", "Publisher": "Microsoft", "Publisher Customer ID": "346fa229-7c19-44ef-85c6-29e00edf66cf", "Unit Price": "1260.1599832125", "ERP": "0.00446068", "BenefitType": "Charge", "aks-managed-consolidated-additional-properties": "74465425-495d-11f1-ad6b-a26c3881ebea", "aks-managed-creationSource": "vmssclient-aks-usereph2-32489559-vmss", "aks-managed-enable-imds-restriction": "False", "aks-managed-kubeletIdentityClientID": "c9e56520-a8a3-452c-b5ca-cb3192dafd24", "aks-managed-operationID": "7a36d094-d16e-4088-b1a9-83b67397ae99", "aks-managed-orchestrator": "Kubernetes:1.33.5", "aks-managed-poolName": "usereph2", "aks-managed-resourceNameSuffix": "14784282.0", "aks-managed-ssh-access": "LocalUser", "compute.aks.billing": "linux" } | U100: Organization Name=PT Nawa Darsana Teknologi; Publisher=Microsoft; Publisher Customer ID=346fa229-7c19-44ef-85c6-29e00edf66cf; Unit Price=1260.1599832125; ERP=0.00446068; BenefitType=Charge; aks-managed-consolidated-additional-properties=74465425-495d-11f1-ad6b-a26c3881ebea; aks-managed-creationSource=vmssclient-aks-usereph2-32489559-vmss; aks-managed-enable-imds-restriction=False; aks-managed-kubeletIdentityClientID=c9e56520-a8a3-452c-b5ca-cb3192dafd24; aks-managed-operationID=7a36d094-d16e-4088-b1a9-83b67397ae99; aks-managed-orchestrator=Kubernetes:1.33.5; aks-managed-poolName=usereph2; aks-managed-resourceNameSuffix=14784282.0; aks-managed-ssh-access=LocalUser; compute.aks.billing=linux | V100: 16 | W100: 0.0039257436 | X100: 0.0039257436 | Y100: 0 | Z100: 0.0039257436 | AA100: 0
A101: June | B101: Microsoft CSP Azure Plan | C101: Divisi Inovasi | D101: divisiinovasi.onmicrosoft.com | E101: a4cdaa2e-caa7-440f-b849-928a3ceb7e31 | F101: AzureCSP_DivisiInovasi | G101: 1141685 | H101: Virtual Network Private Link | I101: Virtual Network | J101: Virtual Network Private Link | K101: Standard Data Processed - Ingress | L101: 46174 | M101: 46203 | N101: 0.0003151791 | O101: 1 GB | P101: IDR | Q101: mc_rg-anper_apricot_southeastasia | R101: aks-usereph2-32489559-vmss | S101: southeastasia | T101: { "Organization Name": "PT Nawa Darsana Teknologi", "Publisher": "Microsoft", "Publisher Customer ID": "346fa229-7c19-44ef-85c6-29e00edf66cf", "Unit Price": "157.5199997234", "ERP": "0.05641543", "BenefitType": "Charge", "aks-managed-consolidated-additional-properties": "74465425-495d-11f1-ad6b-a26c3881ebea", "aks-managed-creationSource": "vmssclient-aks-usereph2-32489559-vmss", "aks-managed-enable-imds-restriction": "False", "aks-managed-kubeletIdentityClientID": "c9e56520-a8a3-452c-b5ca-cb3192dafd24", "aks-managed-operationID": "7a36d094-d16e-4088-b1a9-83b67397ae99", "aks-managed-orchestrator": "Kubernetes:1.33.5", "aks-managed-poolName": "usereph2", "aks-managed-resourceNameSuffix": "14784282.0", "aks-managed-ssh-access": "LocalUser", "compute.aks.billing": "linux" } | U101: Organization Name=PT Nawa Darsana Teknologi; Publisher=Microsoft; Publisher Customer ID=346fa229-7c19-44ef-85c6-29e00edf66cf; Unit Price=157.5199997234; ERP=0.05641543; BenefitType=Charge; aks-managed-consolidated-additional-properties=74465425-495d-11f1-ad6b-a26c3881ebea; aks-managed-creationSource=vmssclient-aks-usereph2-32489559-vmss; aks-managed-enable-imds-restriction=False; aks-managed-kubeletIdentityClientID=c9e56520-a8a3-452c-b5ca-cb3192dafd24; aks-managed-operationID=7a36d094-d16e-4088-b1a9-83b67397ae99; aks-managed-orchestrator=Kubernetes:1.33.5; aks-managed-poolName=usereph2; aks-managed-resourceNameSuffix=14784282.0; aks-managed-ssh-access=LocalUser; compute.aks.billing=linux | V101: 16 | W101: 0.059647014 | X101: 0.049647014 | Y101: -0.01 | Z101: 0.059647014 | AA101: 0.20142198
A102: June | B102: Microsoft CSP Azure Plan | C102: Divisi Inovasi | D102: divisiinovasi.onmicrosoft.com | E102: a4cdaa2e-caa7-440f-b849-928a3ceb7e31 | F102: AzureCSP_DivisiInovasi | G102: 1141685 | H102: VM RI | I102: Virtual Machines | J102: Virtual Machines RI | K102: Standard | L102: 46174 | M102: 46203 | N102: 46.183891 | O102: 1 Hour | P102: IDR | Q102: MC_RG-ANPER_APRICOT_SOUTHEASTASIA | R102: aks-usereph2-32489559-vmss | S102: southeastasia | T102: { "Organization Name": "PT Nawa Darsana Teknologi", "Publisher": "Microsoft", "Publisher Customer ID": "346fa229-7c19-44ef-85c6-29e00edf66cf", "Unit Price": "0.0", "ERP": "0.0", "BenefitType": "Charge", "aks-managed-consolidated-additional-properties": "74465425-495d-11f1-ad6b-a26c3881ebea", "aks-managed-creationSource": "vmssclient-aks-usereph2-32489559-vmss", "aks-managed-enable-imds-restriction": "False", "aks-managed-kubeletIdentityClientID": "c9e56520-a8a3-452c-b5ca-cb3192dafd24", "aks-managed-operationID": "7a36d094-d16e-4088-b1a9-83b67397ae99", "aks-managed-orchestrator": "Kubernetes:1.33.5", "aks-managed-poolName": "usereph2", "aks-managed-resourceNameSuffix": "14784282.0", "aks-managed-ssh-access": "LocalUser", "compute.aks.billing": "linux" } | U102: Organization Name=PT Nawa Darsana Teknologi; Publisher=Microsoft; Publisher Customer ID=346fa229-7c19-44ef-85c6-29e00edf66cf; Unit Price=0.0; ERP=0.0; BenefitType=Charge; aks-managed-consolidated-additional-properties=74465425-495d-11f1-ad6b-a26c3881ebea; aks-managed-creationSource=vmssclient-aks-usereph2-32489559-vmss; aks-managed-enable-imds-restriction=False; aks-managed-kubeletIdentityClientID=c9e56520-a8a3-452c-b5ca-cb3192dafd24; aks-managed-operationID=7a36d094-d16e-4088-b1a9-83b67397ae99; aks-managed-orchestrator=Kubernetes:1.33.5; aks-managed-poolName=usereph2; aks-managed-resourceNameSuffix=14784282.0; aks-managed-ssh-access=LocalUser; compute.aks.billing=linux | V102: 16 | W102: 0 | X102: 0 | Y102: 0 | Z102: 0
A103: June | B103: Microsoft CSP Azure Plan | C103: Divisi Inovasi | D103: divisiinovasi.onmicrosoft.com | E103: a4cdaa2e-caa7-440f-b849-928a3ceb7e31 | F103: AzureCSP_DivisiInovasi | G103: 1141685 | H103: VM RI | I103: Virtual Machines | J103: Virtual Machines RI | K103: Standard | L103: 46174 | M103: 46203 | N103: 61.8545 | O103: 1 Hour | P103: IDR | Q103: MC_RG-ANPER_APRICOT_SOUTHEASTASIA | R103: aks-usereph2-32489559-vmss | S103: southeastasia | T103: { "Organization Name": "PT Nawa Darsana Teknologi", "Publisher": "Microsoft", "Publisher Customer ID": "346fa229-7c19-44ef-85c6-29e00edf66cf", "Unit Price": "0.0", "ERP": "0.0", "BenefitType": "Charge", "aks-managed-consolidated-additional-properties": "74465425-495d-11f1-ad6b-a26c3881ebea", "aks-managed-creationSource": "vmssclient-aks-usereph2-32489559-vmss", "aks-managed-enable-imds-restriction": "False", "aks-managed-kubeletIdentityClientID": "c9e56520-a8a3-452c-b5ca-cb3192dafd24", "aks-managed-operationID": "7a36d094-d16e-4088-b1a9-83b67397ae99", "aks-managed-orchestrator": "Kubernetes:1.33.5", "aks-managed-poolName": "usereph2", "aks-managed-resourceNameSuffix": "14784282.0", "aks-managed-ssh-access": "LocalUser", "compute.aks.billing": "linux" } | U103: Organization Name=PT Nawa Darsana Teknologi; Publisher=Microsoft; Publisher Customer ID=346fa229-7c19-44ef-85c6-29e00edf66cf; Unit Price=0.0; ERP=0.0; BenefitType=Charge; aks-managed-consolidated-additional-properties=74465425-495d-11f1-ad6b-a26c3881ebea; aks-managed-creationSource=vmssclient-aks-usereph2-32489559-vmss; aks-managed-enable-imds-restriction=False; aks-managed-kubeletIdentityClientID=c9e56520-a8a3-452c-b5ca-cb3192dafd24; aks-managed-operationID=7a36d094-d16e-4088-b1a9-83b67397ae99; aks-managed-orchestrator=Kubernetes:1.33.5; aks-managed-poolName=usereph2; aks-managed-resourceNameSuffix=14784282.0; aks-managed-ssh-access=LocalUser; compute.aks.billing=linux | V103: 16 | W103: 0 | X103: 0 | Y103: 0 | Z103: 0
A104: June | B104: Microsoft CSP Azure Plan | C104: Divisi Inovasi | D104: divisiinovasi.onmicrosoft.com | E104: a4cdaa2e-caa7-440f-b849-928a3ceb7e31 | F104: AzureCSP_DivisiInovasi | G104: 1141685 | H104: VM RI | I104: Virtual Machines | J104: Virtual Machines RI | K104: Standard | L104: 46174 | M104: 46203 | N104: 217.44958 | O104: 1 Hour | P104: IDR | Q104: MC_RG-ANPER_APRICOT_SOUTHEASTASIA | R104: aks-usereph2-32489559-vmss | S104: southeastasia | T104: { "Organization Name": "PT Nawa Darsana Teknologi", "Publisher": "Microsoft", "Publisher Customer ID": "346fa229-7c19-44ef-85c6-29e00edf66cf", "Unit Price": "0.0", "ERP": "0.0", "BenefitType": "Charge", "aks-managed-consolidated-additional-properties": "74465425-495d-11f1-ad6b-a26c3881ebea", "aks-managed-creationSource": "vmssclient-aks-usereph2-32489559-vmss", "aks-managed-enable-imds-restriction": "False", "aks-managed-kubeletIdentityClientID": "c9e56520-a8a3-452c-b5ca-cb3192dafd24", "aks-managed-operationID": "7a36d094-d16e-4088-b1a9-83b67397ae99", "aks-managed-orchestrator": "Kubernetes:1.33.5", "aks-managed-poolName": "usereph2", "aks-managed-resourceNameSuffix": "14784282.0", "aks-managed-ssh-access": "LocalUser", "compute.aks.billing": "linux" } | U104: Organization Name=PT Nawa Darsana Teknologi; Publisher=Microsoft; Publisher Customer ID=346fa229-7c19-44ef-85c6-29e00edf66cf; Unit Price=0.0; ERP=0.0; BenefitType=Charge; aks-managed-consolidated-additional-properties=74465425-495d-11f1-ad6b-a26c3881ebea; aks-managed-creationSource=vmssclient-aks-usereph2-32489559-vmss; aks-managed-enable-imds-restriction=False; aks-managed-kubeletIdentityClientID=c9e56520-a8a3-452c-b5ca-cb3192dafd24; aks-managed-operationID=7a36d094-d16e-4088-b1a9-83b67397ae99; aks-managed-orchestrator=Kubernetes:1.33.5; aks-managed-poolName=usereph2; aks-managed-resourceNameSuffix=14784282.0; aks-managed-ssh-access=LocalUser; compute.aks.billing=linux | V104: 16 | W104: 0 | X104: 0 | Y104: 0 | Z104: 0
A105: June | B105: Microsoft CSP Azure Plan | C105: Divisi Inovasi | D105: divisiinovasi.onmicrosoft.com | E105: a4cdaa2e-caa7-440f-b849-928a3ceb7e31 | F105: AzureCSP_DivisiInovasi | G105: 1141685 | H105: VM RI | I105: Virtual Machines | J105: Virtual Machines RI | K105: Standard | L105: 46174 | M105: 46203 | N105: 201.04854 | O105: 1 Hour | P105: IDR | Q105: MC_RG-ANPER_APRICOT_SOUTHEASTASIA | R105: aks-usereph2-32489559-vmss | S105: southeastasia | T105: { "Organization Name": "PT Nawa Darsana Teknologi", "Publisher": "Microsoft", "Publisher Customer ID": "346fa229-7c19-44ef-85c6-29e00edf66cf", "Unit Price": "0.0", "ERP": "0.0", "BenefitType": "Charge", "aks-managed-consolidated-additional-properties": "74465425-495d-11f1-ad6b-a26c3881ebea", "aks-managed-creationSource": "vmssclient-aks-usereph2-32489559-vmss", "aks-managed-enable-imds-restriction": "False", "aks-managed-kubeletIdentityClientID": "c9e56520-a8a3-452c-b5ca-cb3192dafd24", "aks-managed-operationID": "7a36d094-d16e-4088-b1a9-83b67397ae99", "aks-managed-orchestrator": "Kubernetes:1.33.5", "aks-managed-poolName": "usereph2", "aks-managed-resourceNameSuffix": "14784282.0", "aks-managed-ssh-access": "LocalUser", "compute.aks.billing": "linux" } | U105: Organization Name=PT Nawa Darsana Teknologi; Publisher=Microsoft; Publisher Customer ID=346fa229-7c19-44ef-85c6-29e00edf66cf; Unit Price=0.0; ERP=0.0; BenefitType=Charge; aks-managed-consolidated-additional-properties=74465425-495d-11f1-ad6b-a26c3881ebea; aks-managed-creationSource=vmssclient-aks-usereph2-32489559-vmss; aks-managed-enable-imds-restriction=False; aks-managed-kubeletIdentityClientID=c9e56520-a8a3-452c-b5ca-cb3192dafd24; aks-managed-operationID=7a36d094-d16e-4088-b1a9-83b67397ae99; aks-managed-orchestrator=Kubernetes:1.33.5; aks-managed-poolName=usereph2; aks-managed-resourceNameSuffix=14784282.0; aks-managed-ssh-access=LocalUser; compute.aks.billing=linux | V105: 16 | W105: 0 | X105: 0 | Y105: 0 | Z105: 0
A106: June | B106: Microsoft CSP Azure Plan | C106: Divisi Inovasi | D106: divisiinovasi.onmicrosoft.com | E106: a4cdaa2e-caa7-440f-b849-928a3ceb7e31 | F106: AzureCSP_DivisiInovasi | G106: 1141685 | H106: IP Address | I106: Virtual Network | J106: IP Addresses | K106: Standard IPv4 Static Public IP | L106: 46174 | M106: 46203 | N106: 720 | O106: 1 Hour | P106: IDR | Q106: mc_rg-anper_apricot_southeastasia | R106: kubernetes-aa852ca54f7f1444585b7ccc1edd5a66 | S106: southeastasia | T106: { "Organization Name": "PT Nawa Darsana Teknologi", "Publisher": "Microsoft", "Publisher Customer ID": "346fa229-7c19-44ef-85c6-29e00edf66cf", "Unit Price": "78.76", "ERP": "64440.0", "BenefitType": "Charge", "aks-managed-cluster-name": "apricot", "aks-managed-cluster-rg": "rg-anper", "Anper": "CE", "Environment": "Production", "k8s-azure-cluster-name": "kubernetes", "k8s-azure-service": "portainer/portainer-agent", "MD": "Anper", "Product": "CE" } | U106: Organization Name=PT Nawa Darsana Teknologi; Publisher=Microsoft; Publisher Customer ID=346fa229-7c19-44ef-85c6-29e00edf66cf; Unit Price=78.76; ERP=64440.0; BenefitType=Charge; aks-managed-cluster-name=apricot; aks-managed-cluster-rg=rg-anper; Anper=CE; Environment=Production; k8s-azure-cluster-name=kubernetes; k8s-azure-service=portainer/portainer-agent; MD=Anper; Product=CE | V106: 14 | W106: 64440 | X106: 56707.2 | Y106: -7732.8 | Z106: 64440 | AA106: 0.13636364
A107: June | B107: Microsoft CSP Azure Plan | C107: Divisi Inovasi | D107: divisiinovasi.onmicrosoft.com | E107: a4cdaa2e-caa7-440f-b849-928a3ceb7e31 | F107: AzureCSP_DivisiInovasi | G107: 1141685 | H107: Virtual Network Private Link | I107: Virtual Network | J107: Virtual Network Private Link | K107: Standard Private Endpoint | L107: 46174 | M107: 46203 | N107: 720 | O107: 1 Hour | P107: IDR | Q107: rg-anper | R107: redis-apricot-private-endpoint | S107: southeastasia | T107: { "Organization Name": "PT Nawa Darsana Teknologi", "Publisher": "Microsoft", "Publisher Customer ID": "346fa229-7c19-44ef-85c6-29e00edf66cf", "Unit Price": "157.52", "ERP": "128880.0", "BenefitType": "Charge", "Billing": "Anper" } | U107: Organization Name=PT Nawa Darsana Teknologi; Publisher=Microsoft; Publisher Customer ID=346fa229-7c19-44ef-85c6-29e00edf66cf; Unit Price=157.52; ERP=128880.0; BenefitType=Charge; Billing=Anper | V107: 7 | W107: 128880 | X107: 113414.4 | Y107: -15465.6 | Z107: 128880 | AA107: 0.13636364
A108: June | B108: Microsoft CSP Azure Plan | C108: Divisi Inovasi | D108: divisiinovasi.onmicrosoft.com | E108: a4cdaa2e-caa7-440f-b849-928a3ceb7e31 | F108: AzureCSP_DivisiInovasi | G108: 1141685 | H108: Event Hubs | I108: Event Hubs | J108: Event Hubs | K108: Standard Throughput Unit | L108: 46174 | M108: 46203 | N108: 720 | O108: 1 Hour | P108: IDR | Q108: RG-ANPER | R108: azaleahub | S108: southeastasia | T108: { "Organization Name": "PT Nawa Darsana Teknologi", "Publisher": "Microsoft", "Publisher Customer ID": "346fa229-7c19-44ef-85c6-29e00edf66cf", "Unit Price": "472.56", "ERP": "386640.0", "BenefitType": "Charge", "Anper": "Anper", "CE": "CDC" } | U108: Organization Name=PT Nawa Darsana Teknologi; Publisher=Microsoft; Publisher Customer ID=346fa229-7c19-44ef-85c6-29e00edf66cf; Unit Price=472.56; ERP=386640.0; BenefitType=Charge; Anper=Anper; CE=CDC | V108: 8 | W108: 386640 | X108: 340243.2 | Y108: -46396.8 | Z108: 386640 | AA108: 0.13636364
A109: June | B109: Microsoft CSP Azure Plan | C109: Divisi Inovasi | D109: divisiinovasi.onmicrosoft.com | E109: a4cdaa2e-caa7-440f-b849-928a3ceb7e31 | F109: AzureCSP_DivisiInovasi | G109: 1141685 | H109: Virtual Network Private Link | I109: Virtual Network | J109: Virtual Network Private Link | K109: Standard Data Processed - Egress | L109: 46174 | M109: 46203 | N109: 27.166529 | O109: 1 GB | P109: IDR | Q109: mc_rg-anper_apricot_southeastasia | R109: aks-usereph2-32489559-vmss | S109: southeastasia | T109: { "Organization Name": "PT Nawa Darsana Teknologi", "Publisher": "Microsoft", "Publisher Customer ID": "346fa229-7c19-44ef-85c6-29e00edf66cf", "Unit Price": "157.5199999999", "ERP": "4862.80863551", "BenefitType": "Charge", "aks-managed-consolidated-additional-properties": "74465425-495d-11f1-ad6b-a26c3881ebea", "aks-managed-creationSource": "vmssclient-aks-usereph2-32489559-vmss", "aks-managed-enable-imds-restriction": "False", "aks-managed-kubeletIdentityClientID": "c9e56520-a8a3-452c-b5ca-cb3192dafd24", "aks-managed-operationID": "7a36d094-d16e-4088-b1a9-83b67397ae99", "aks-managed-orchestrator": "Kubernetes:1.33.5", "aks-managed-poolName": "usereph2", "aks-managed-resourceNameSuffix": "14784282.0", "aks-managed-ssh-access": "LocalUser", "compute.aks.billing": "linux" } | U109: Organization Name=PT Nawa Darsana Teknologi; Publisher=Microsoft; Publisher Customer ID=346fa229-7c19-44ef-85c6-29e00edf66cf; Unit Price=157.5199999999; ERP=4862.80863551; BenefitType=Charge; aks-managed-consolidated-additional-properties=74465425-495d-11f1-ad6b-a26c3881ebea; aks-managed-creationSource=vmssclient-aks-usereph2-32489559-vmss; aks-managed-enable-imds-restriction=False; aks-managed-kubeletIdentityClientID=c9e56520-a8a3-452c-b5ca-cb3192dafd24; aks-managed-operationID=7a36d094-d16e-4088-b1a9-83b67397ae99; aks-managed-orchestrator=Kubernetes:1.33.5; aks-managed-poolName=usereph2; aks-managed-resourceNameSuffix=14784282.0; aks-managed-ssh-access=LocalUser; compute.aks.billing=linux | V109: 16 | W109: 4862.8116 | X109: 4279.2716 | Y109: -583.54 | Z109: 4862.8116 | AA109: 0.13636433
A110: June | B110: Microsoft CSP Azure Plan | C110: Divisi Inovasi | D110: divisiinovasi.onmicrosoft.com | E110: a4cdaa2e-caa7-440f-b849-928a3ceb7e31 | F110: AzureCSP_DivisiInovasi | G110: 1141685 | H110: Premium SSD Managed Disks | I110: Storage | J110: Premium SSD Managed Disks | K110: P6 LRS Disk | L110: 46174 | M110: 46203 | N110: 1.00008 | O110: 1/Month | P110: IDR | Q110: MC_RG-ANPER_APRICOT_SOUTHEASTASIA | R110: pvc-d716a12b-e6ae-4948-ab1d-1effc80c2890 | S110: southeastasia | T110: { "Organization Name": "PT Nawa Darsana Teknologi", "Publisher": "Microsoft", "Publisher Customer ID": "346fa229-7c19-44ef-85c6-29e00edf66cf", "Unit Price": "160780.664", "ERP": "182719.916424", "BenefitType": "Charge", "k8s-azure-created-by": "kubernetes-azure-dd", "kubernetes.io-created-for-pvc-name": "prometheus-prometheus-kube-prometheus-prometheus-db-prometheus-prometheus-kube-prometheus-prometheus-0", "kubernetes.io-created-for-pvc-namespace": "monitoring", "kubernetes.io-created-for-pv-name": "pvc-d716a12b-e6ae-4948-ab1d-1effc80c2890" } | U110: Organization Name=PT Nawa Darsana Teknologi; Publisher=Microsoft; Publisher Customer ID=346fa229-7c19-44ef-85c6-29e00edf66cf; Unit Price=160780.664; ERP=182719.916424; BenefitType=Charge; k8s-azure-created-by=kubernetes-azure-dd; kubernetes.io-created-for-pvc-name=prometheus-prometheus-kube-prometheus-prometheus-db-prometheus-prometheus-kube-prometheus-prometheus-0; kubernetes.io-created-for-pvc-namespace=monitoring; kubernetes.io-created-for-pv-name=pvc-d716a12b-e6ae-4948-ab1d-1effc80c2890 | V110: 10 | W110: 182719.92 | X110: 160793.53 | Y110: -21926.39 | Z110: 182719.92 | AA110: 0.13636364
A111: June | B111: Microsoft CSP Azure Plan | C111: Divisi Inovasi | D111: divisiinovasi.onmicrosoft.com | E111: a4cdaa2e-caa7-440f-b849-928a3ceb7e31 | F111: AzureCSP_DivisiInovasi | G111: 1141685 | H111: Blob Storage | I111: Storage | J111: Blob Storage | K111: Hot LRS Write Operations | L111: 46174 | M111: 46203 | N111: 1143.22 | O111: 10K | P111: IDR | Q111: rg-secops | R111: secopsdinov | S111: indonesiacentral | T111: { "Organization Name": "PT Nawa Darsana Teknologi", "Publisher": "Microsoft", "Publisher Customer ID": "346fa229-7c19-44ef-85c6-29e00edf66cf", "Unit Price": "108,92", "ERP": "11205276.021938255", "BenefitType": "Charge", "Environment": "Security-Operasional", "purpose": "Logs Google SecOps" } | U111: Organization Name=PT Nawa Darsana Teknologi; Publisher=Microsoft; Publisher Customer ID=346fa229-7c19-44ef-85c6-29e00edf66cf; Unit Price=108,92;BenefitType=Charge; Environment=Security-Operasional; purpose=Logs Google SecOps | V111: 7 | W111: 29016
...

Sheet Detail_Sinsen
A1: Period | B1: Agreement Name | C1: Company Name | D1: Tenant Primary Domain | E1: Publisher Subscription ID | F1: Publisher Subscription Name | G1: Product ID | H1: Product Name | I1: Category | J1: Subcategory | K1: Meter Name | L1: Usage Start Date | M1: Usage End Date | N1: Quantity | O1: Unit | P1: Currency | Q1: Resource Group Name | R1: Resource Name | S1: Location | T1: Tags_JSON | U1: Tags_KeyValue | V1: Tags_Count | W1: Total | X1: Unit Price | Y1: Price Adjustment | Z1: Sales Unit Price | AA1: Percentage Markup
A2: June | B2: Microsoft CSP Azure Plan | C2: Divisi Inovasi | D2: divisiinovasi.onmicrosoft.com | E2: a4cdaa2e-caa7-440f-b849-928a3ceb7e31 | F2: AzureCSP_DivisiInovasi | G2: 1141685 | H2: Premium SSD Managed Disks | I2: Storage | J2: Premium SSD Managed Disks | K2: P10 LRS Disk | L2: 46174 | M2: 46203 | N2: 1.00008 | O2: 1/Month | P2: IDR | Q2: MC_RG-SINSEN_SINDORA_SOUTHEASTASIA | R2: aks-monitoring-27653aks-monitoring-276532OS__1_1932afacabd9482db961c4f869b9ba99 | S2: southeastasia | T2: { "Organization Name": "PT Nawa Darsana Teknologi", "Publisher": "Microsoft", "Publisher Customer ID": "346fa229-7c19-44ef-85c6-29e00edf66cf", "Unit Price": "310471.9199999999", "ERP": "352837.22472", "BenefitType": "Charge", "aks-managed-consolidated-additional-properties": "9f986cf9-497d-11f1-8bd6-5ec9d1cd8e46", "aks-managed-creationSource": "vmssclient-aks-monitoring-27653289-vmss", "aks-managed-enable-imds-restriction": "False", "aks-managed-kubeletIdentityClientID": "66304d1c-688a-462f-a28a-cef42329c4d2", "aks-managed-operationID": "ea2a4ea4-0d5b-4005-8e40-a163ef343c51", "aks-managed-orchestrator": "Kubernetes:1.33.5", "aks-managed-poolName": "monitoring", "aks-managed-resourceNameSuffix": "55015173.0", "aks-managed-ssh-access": "LocalUser", "compute.aks.billing": "linux", "purpose": "monitoring" } | U2: Organization Name=PT Nawa Darsana Teknologi; Publisher=Microsoft; Publisher Customer ID=346fa229-7c19-44ef-85c6-29e00edf66cf; Unit Price=310471.9199999999; ERP=352837.22472; BenefitType=Charge; aks-managed-consolidated-additional-properties=9f986cf9-497d-11f1-8bd6-5ec9d1cd8e46; aks-managed-creationSource=vmssclient-aks-monitoring-27653289-vmss; aks-managed-enable-imds-restriction=False; aks-managed-kubeletIdentityClientID=66304d1c-688a-462f-a28a-cef42329c4d2; aks-managed-operationID=ea2a4ea4-0d5b-4005-8e40-a163ef343c51; aks-managed-orchestrator=Kubernetes:1.33.5; aks-managed-poolName=monitoring; aks-managed-resourceNameSuffix=55015173.0; aks-managed-ssh-access=LocalUser; compute.aks.billing=linux; purpose=monitoring | V2: 17 | W2: 352837.23 | X2: 310496.76 | Y2: -42340.47 | Z2: 352837.23 | AA2: 0.13636365
A3: June | B3: Microsoft CSP Azure Plan | C3: Divisi Inovasi | D3: divisiinovasi.onmicrosoft.com | E3: a4cdaa2e-caa7-440f-b849-928a3ceb7e31 | F3: AzureCSP_DivisiInovasi | G3: 1141685 | H3: Virtual Network Peering | I3: Virtual Network | J3: Virtual Network Peering | K3: Intra-Region Egress | L3: 46174 | M3: 46203 | N3: 0.21611946 | O3: 1 GB | P3: IDR | Q3: mc_rg-sinsen_sindora_southeastasia | R3: aks-usereph2-34334888-vmss | S3: southeastasia | T3: { "Organization Name": "PT Nawa Darsana Teknologi", "Publisher": "Microsoft", "Publisher Customer ID": "346fa229-7c19-44ef-85c6-29e00edf66cf", "Unit Price": "157.519999988", "ERP": "38.68538334", "BenefitType": "Charge", "aks-managed-consolidated-additional-properties": "9f993331-497d-11f1-8bd6-5ec9d1cd8e46", "aks-managed-creationSource": "vmssclient-aks-usereph2-34334888-vmss", "aks-managed-enable-imds-restriction": "False", "aks-managed-kubeletIdentityClientID": "66304d1c-688a-462f-a28a-cef42329c4d2", "aks-managed-operationID": "ea2a4ea4-0d5b-4005-8e40-a163ef343c51", "aks-managed-orchestrator": "Kubernetes:1.33.5", "aks-managed-poolName": "usereph2", "aks-managed-resourceNameSuffix": "55015173.0", "aks-managed-ssh-access": "LocalUser", "compute.aks.billing": "linux" } | U3: Organization Name=PT Nawa Darsana Teknologi; Publisher=Microsoft; Publisher Customer ID=346fa229-7c19-44ef-85c6-29e00edf66cf; Unit Price=157.519999988; ERP=38.68538334; BenefitType=Charge; aks-managed-consolidated-additional-properties=9f993331-497d-11f1-8bd6-5ec9d1cd8e46; aks-managed-creationSource=vmssclient-aks-usereph2-34334888-vmss; aks-managed-enable-imds-restriction=False; aks-managed-kubeletIdentityClientID=66304d1c-688a-462f-a28a-cef42329c4d2; aks-managed-operationID=ea2a4ea4-0d5b-4005-8e40-a163ef343c51; aks-managed-orchestrator=Kubernetes:1.33.5; aks-managed-poolName=usereph2; aks-managed-resourceNameSuffix=55015173.0; aks-managed-ssh-access=LocalUser; compute.aks.billing=linux | V3: 16 | W3: 38.683138 | X3: 34.043138 | Y3: -4.64 | Z3: 38.683138 | AA3: 0.13629766
A4: June | B4: Microsoft CSP Azure Plan | C4: Divisi Inovasi | D4: divisiinovasi.onmicrosoft.com | E4: a4cdaa2e-caa7-440f-b849-928a3ceb7e31 | F4: AzureCSP_DivisiInovasi | G4: 1141685 | H4: VM RI | I4: Virtual Machines | J4: Virtual Machines RI | K4: Standard | L4: 46174 | M4: 46203 | N4: 719.86678 | O4: 1 Hour | P4: IDR | Q4: MC_RG-SINSEN_SINDORA_SOUTHEASTASIA | R4: aks-monitoring-27653289-vmss | S4: southeastasia | T4: { "Organization Name": "PT Nawa Darsana Teknologi", "Publisher": "Microsoft", "Publisher Customer ID": "346fa229-7c19-44ef-85c6-29e00edf66cf", "Unit Price": "0.0", "ERP": "0.0", "BenefitType": "Charge", "aks-managed-consolidated-additional-properties": "9f986cf9-497d-11f1-8bd6-5ec9d1cd8e46", "aks-managed-creationSource": "vmssclient-aks-monitoring-27653289-vmss", "aks-managed-enable-imds-restriction": "False", "aks-managed-kubeletIdentityClientID": "66304d1c-688a-462f-a28a-cef42329c4d2", "aks-managed-operationID": "ea2a4ea4-0d5b-4005-8e40-a163ef343c51", "aks-managed-orchestrator": "Kubernetes:1.33.5", "aks-managed-poolName": "monitoring", "aks-managed-resourceNameSuffix": "55015173.0", "aks-managed-ssh-access": "LocalUser", "compute.aks.billing": "linux", "purpose": "monitoring" } | U4: Organization Name=PT Nawa Darsana Teknologi; Publisher=Microsoft; Publisher Customer ID=346fa229-7c19-44ef-85c6-29e00edf66cf; Unit Price=0.0; ERP=0.0; BenefitType=Charge; aks-managed-consolidated-additional-properties=9f986cf9-497d-11f1-8bd6-5ec9d1cd8e46; aks-managed-creationSource=vmssclient-aks-monitoring-27653289-vmss; aks-managed-enable-imds-restriction=False; aks-managed-kubeletIdentityClientID=66304d1c-688a-462f-a28a-cef42329c4d2; aks-managed-operationID=ea2a4ea4-0d5b-4005-8e40-a163ef343c51; aks-managed-orchestrator=Kubernetes:1.33.5; aks-managed-poolName=monitoring; aks-managed-resourceNameSuffix=55015173.0; aks-managed-ssh-access=LocalUser; compute.aks.billing=linux; purpose=monitoring | V4: 17 | W4: 0 | X4: 0 | Y4: 0 | Z4: 0
A5: June | B5: Microsoft CSP Azure Plan | C5: Divisi Inovasi | D5: divisiinovasi.onmicrosoft.com | E5: a4cdaa2e-caa7-440f-b849-928a3ceb7e31 | F5: AzureCSP_DivisiInovasi | G5: 1141685 | H5: SQL RI | I5: SQL Database | J5: SQL Database Compute Reservation | K5: Usage | L5: 46174 | M5: 46203 | N5: 1976 | O5: 1 Hour | P5: IDR | Q5: RG-SINSEN | R5: sirimau | S5: southeastasia | T5: { "Organization Name": "PT Nawa Darsana Teknologi", "Publisher": "Microsoft", "Publisher Customer ID": "346fa229-7c19-44ef-85c6-29e00edf66cf", "Unit Price": "0.0", "ERP": "0.0", "BenefitType": "Charge" } | U5: Organization Name=PT Nawa Darsana Teknologi; Publisher=Microsoft; Publisher Customer ID=346fa229-7c19-44ef-85c6-29e00edf66cf; Unit Price=0.0; ERP=0.0; BenefitType=Charge | V5: 6 | W5: 0 | X5: 0 | Y5: 0 | Z5: 0
A6: June | B6: Microsoft CSP Azure Plan | C6: Divisi Inovasi | D6: divisiinovasi.onmicrosoft.com | E6: a4cdaa2e-caa7-440f-b849-928a3ceb7e31 | F6: AzureCSP_DivisiInovasi | G6: 1141685 | H6: Virtual Network Peering | I6: Virtual Network | J6: Virtual Network Peering | K6: Intra-Region Ingress | L6: 46174 | M6: 46203 | N6: 0.54693409 | O6: 1 GB | P6: IDR | Q6: mc_rg-sinsen_sindora_southeastasia | R6: aks-usereph2-34334888-vmss | S6: southeastasia | T6: { "Organization Name": "PT Nawa Darsana Teknologi", "Publisher": "Microsoft", "Publisher Customer ID": "346fa229-7c19-44ef-85c6-29e00edf66cf", "Unit Price": "157.5199999948", "ERP": "97.90120032", "BenefitType": "Charge", "aks-managed-consolidated-additional-properties": "9f993331-497d-11f1-8bd6-5ec9d1cd8e46", "aks-managed-creationSource": "vmssclient-aks-usereph2-34334888-vmss", "aks-managed-enable-imds-restriction": "False", "aks-managed-kubeletIdentityClientID": "66304d1c-688a-462f-a28a-cef42329c4d2", "aks-managed-operationID": "ea2a4ea4-0d5b-4005-8e40-a163ef343c51", "aks-managed-orchestrator": "Kubernetes:1.33.5", "aks-managed-poolName": "usereph2", "aks-managed-resourceNameSuffix": "55015173.0", "aks-managed-ssh-access": "LocalUser", "compute.aks.billing": "linux" } | U6: Organization Name=PT Nawa Darsana Teknologi; Publisher=Microsoft; Publisher Customer ID=346fa229-7c19-44ef-85c6-29e00edf66cf; Unit Price=157.5199999948; ERP=97.90120032; BenefitType=Charge; aks-managed-consolidated-additional-properties=9f993331-497d-11f1-8bd6-5ec9d1cd8e46; aks-managed-creationSource=vmssclient-aks-usereph2-34334888-vmss; aks-managed-enable-imds-restriction=False; aks-managed-kubeletIdentityClientID=66304d1c-688a-462f-a28a-cef42329c4d2; aks-managed-operationID=ea2a4ea4-0d5b-4005-8e40-a163ef343c51; aks-managed-orchestrator=Kubernetes:1.33.5; aks-managed-poolName=usereph2; aks-managed-resourceNameSuffix=55015173.0; aks-managed-ssh-access=LocalUser; compute.aks.billing=linux | V6: 16 | W6: 97.903057 | X6: 86.153057 | Y6: -11.75 | Z6: 97.903057 | AA6: 0.13638518
A7: June | B7: Microsoft CSP Azure Plan | C7: Divisi Inovasi | D7: divisiinovasi.onmicrosoft.com | E7: a4cdaa2e-caa7-440f-b849-928a3ceb7e31 | F7: AzureCSP_DivisiInovasi | G7: 1141685 | H7: VM RI | I7: Virtual Machines | J7: Virtual Machines RI | K7: Standard | L7: 46174 | M7: 46203 | N7: 719.9167 | O7: 1 Hour | P7: IDR | Q7: MC_RG-SINSEN_SINDORA_SOUTHEASTASIA | R7: aks-usereph2-34334888-vmss | S7: southeastasia | T7: { "Organization Name": "PT Nawa Darsana Teknologi", "Publisher": "Microsoft", "Publisher Customer ID": "346fa229-7c19-44ef-85c6-29e00edf66cf", "Unit Price": "0.0", "ERP": "0.0", "BenefitType": "Charge", "aks-managed-consolidated-additional-properties": "9f993331-497d-11f1-8bd6-5ec9d1cd8e46", "aks-managed-creationSource": "vmssclient-aks-usereph2-34334888-vmss", "aks-managed-enable-imds-restriction": "False", "aks-managed-kubeletIdentityClientID": "66304d1c-688a-462f-a28a-cef42329c4d2", "aks-managed-operationID": "ea2a4ea4-0d5b-4005-8e40-a163ef343c51", "aks-managed-orchestrator": "Kubernetes:1.33.5", "aks-managed-poolName": "usereph2", "aks-managed-resourceNameSuffix": "55015173.0", "aks-managed-ssh-access": "LocalUser", "compute.aks.billing": "linux" } | U7: Organization Name=PT Nawa Darsana Teknologi; Publisher=Microsoft; Publisher Customer ID=346fa229-7c19-44ef-85c6-29e00edf66cf; Unit Price=0.0; ERP=0.0; BenefitType=Charge; aks-managed-consolidated-additional-properties=9f993331-497d-11f1-8bd6-5ec9d1cd8e46; aks-managed-creationSource=vmssclient-aks-usereph2-34334888-vmss; aks-managed-enable-imds-restriction=False; aks-managed-kubeletIdentityClientID=66304d1c-688a-462f-a28a-cef42329c4d2; aks-managed-operationID=ea2a4ea4-0d5b-4005-8e40-a163ef343c51; aks-managed-orchestrator=Kubernetes:1.33.5; aks-managed-poolName=usereph2; aks-managed-resourceNameSuffix=55015173.0; aks-managed-ssh-access=LocalUser; compute.aks.billing=linux | V7: 16 | W7: 0 | X7: 0 | Y7: 0 | Z7: 0
A8: June | B8: Microsoft CSP Azure Plan | C8: Divisi Inovasi | D8: divisiinovasi.onmicrosoft.com | E8: a4cdaa2e-caa7-440f-b849-928a3ceb7e31 | F8: AzureCSP_DivisiInovasi | G8: 1141685 | H8: Bd Inter-Rgn | I8: Bandwidth | J8: Bandwidth Inter-Region | K8: Inter Continent Data Transfer Out - ASIA To Any | L8: 46174 | M8: 46203 | N8: 1.3119263 | O8: 1 GB | P8: IDR | Q8: mc_rg-sinsen_sindora_southeastasia | R8: aks-usereph2-34334888-vmss | S8: southeastasia | T8: { "Organization Name": "PT Nawa Darsana Teknologi", "Publisher": "Microsoft", "Publisher Customer ID": "346fa229-7c19-44ef-85c6-29e00edf66cf", "Unit Price": "1217.1693246925", "ERP": "1878.67849919", "BenefitType": "Charge", "aks-managed-consolidated-additional-properties": "9f993331-497d-11f1-8bd6-5ec9d1cd8e46", "aks-managed-creationSource": "vmssclient-aks-usereph2-34334888-vmss", "aks-managed-enable-imds-restriction": "False", "aks-managed-kubeletIdentityClientID": "66304d1c-688a-462f-a28a-cef42329c4d2", "aks-managed-operationID": "ea2a4ea4-0d5b-4005-8e40-a163ef343c51", "aks-managed-orchestrator": "Kubernetes:1.33.5", "aks-managed-poolName": "usereph2", "aks-managed-resourceNameSuffix": "55015173.0", "aks-managed-ssh-access": "LocalUser", "compute.aks.billing": "linux" } | U8: Organization Name=PT Nawa Darsana Teknologi; Publisher=Microsoft; Publisher Customer ID=346fa229-7c19-44ef-85c6-29e00edf66cf; Unit Price=1217.1693246925; ERP=1878.67849919; BenefitType=Charge; aks-managed-consolidated-additional-properties=9f993331-497d-11f1-8bd6-5ec9d1cd8e46; aks-managed-creationSource=vmssclient-aks-usereph2-34334888-vmss; aks-managed-enable-imds-restriction=False; aks-managed-kubeletIdentityClientID=66304d1c-688a-462f-a28a-cef42329c4d2; aks-managed-operationID=ea2a4ea4-0d5b-4005-8e40-a163ef343c51; aks-managed-orchestrator=Kubernetes:1.33.5; aks-managed-poolName=usereph2; aks-managed-resourceNameSuffix=55015173.0; aks-managed-ssh-access=LocalUser; compute.aks.billing=linux | V8: 16 | W8: 1814.5865 | X8: 1596.8365 | Y8: -217.75 | Z8: 1814.5865 | AA8: 0.13636337
A9: June | B9: Microsoft CSP Azure Plan | C9: Divisi Inovasi | D9: divisiinovasi.onmicrosoft.com | E9: a4cdaa2e-caa7-440f-b849-928a3ceb7e31 | F9: AzureCSP_DivisiInovasi | G9: 1141685 | H9: VM RI | I9: Virtual Machines | J9: Virtual Machines RI | K9: Standard | L9: 46174 | M9: 46203 | N9: 719.88343 | O9: 1 Hour | P9: IDR | Q9: MC_RG-SINSEN_SINDORA_SOUTHEASTASIA | R9: aks-usereph2-34334888-vmss | S9: southeastasia | T9: { "Organization Name": "PT Nawa Darsana Teknologi", "Publisher": "Microsoft", "Publisher Customer ID": "346fa229-7c19-44ef-85c6-29e00edf66cf", "Unit Price": "0.0", "ERP": "0.0", "BenefitType": "Charge", "aks-managed-consolidated-additional-properties": "9f993331-497d-11f1-8bd6-5ec9d1cd8e46", "aks-managed-creationSource": "vmssclient-aks-usereph2-34334888-vmss", "aks-managed-enable-imds-restriction": "False", "aks-managed-kubeletIdentityClientID": "66304d1c-688a-462f-a28a-cef42329c4d2", "aks-managed-operationID": "ea2a4ea4-0d5b-4005-8e40-a163ef343c51", "aks-managed-orchestrator": "Kubernetes:1.33.5", "aks-managed-poolName": "usereph2", "aks-managed-resourceNameSuffix": "55015173.0", "aks-managed-ssh-access": "LocalUser", "compute.aks.billing": "linux" } | U9: Organization Name=PT Nawa Darsana Teknologi; Publisher=Microsoft; Publisher Customer ID=346fa229-7c19-44ef-85c6-29e00edf66cf; Unit Price=0.0; ERP=0.0; BenefitType=Charge; aks-managed-consolidated-additional-properties=9f993331-497d-11f1-8bd6-5ec9d1cd8e46; aks-managed-creationSource=vmssclient-aks-usereph2-34334888-vmss; aks-managed-enable-imds-restriction=False; aks-managed-kubeletIdentityClientID=66304d1c-688a-462f-a28a-cef42329c4d2; aks-managed-operationID=ea2a4ea4-0d5b-4005-8e40-a163ef343c51; aks-managed-orchestrator=Kubernetes:1.33.5; aks-managed-poolName=usereph2; aks-managed-resourceNameSuffix=55015173.0; aks-managed-ssh-access=LocalUser; compute.aks.billing=linux | V9: 16 | W9: 0 | X9: 0 | Y9: 0 | Z9: 0
A10: June | B10: Microsoft CSP Azure Plan | C10: Divisi Inovasi | D10: divisiinovasi.onmicrosoft.com | E10: a4cdaa2e-caa7-440f-b849-928a3ceb7e31 | F10: AzureCSP_DivisiInovasi | G10: 1141685 | H10: Virtual Network Private Link | I10: Virtual Network | J10: Virtual Network Private Link | K10: Standard Data Processed - Ingress | L10: 46174 | M10: 46203 | N10: 25.031057 | O10: 1 GB | P10: IDR | Q10: mc_rg-sinsen_sindora_southeastasia | R10: aks-systemeph2-13731054-vmss | S10: southeastasia | T10: { "Organization Name": "PT Nawa Darsana Teknologi", "Publisher": "Microsoft", "Publisher Customer ID": "346fa229-7c19-44ef-85c6-29e00edf66cf", "Unit Price": "157.5199999999", "ERP": "4480.55923164", "BenefitType": "Charge", "aks-managed-consolidated-additional-properties": "9f99b164-497d-11f1-8bd6-5ec9d1cd8e46", "aks-managed-creationSource": "vmssclient-aks-systemeph2-13731054-vmss", "aks-managed-enable-imds-restriction": "False", "aks-managed-kubeletIdentityClientID": "66304d1c-688a-462f-a28a-cef42329c4d2", "aks-managed-operationID": "ea2a4ea4-0d5b-4005-8e40-a163ef343c51", "aks-managed-orchestrator": "Kubernetes:1.33.5", "aks-managed-poolName": "systemeph2", "aks-managed-resourceNameSuffix": "55015173.0", "aks-managed-ssh-access": "LocalUser", "compute.aks.billing": "linux" } | U10: Organization Name=PT Nawa Darsana Teknologi; Publisher=Microsoft; Publisher Customer ID=346fa229-7c19-44ef-85c6-29e00edf66cf; Unit Price=157.5199999999; ERP=4480.55923164; BenefitType=Charge; aks-managed-consolidated-additional-properties=9f99b164-497d-11f1-8bd6-5ec9d1cd8e46; aks-managed-creationSource=vmssclient-aks-systemeph2-13731054-vmss; aks-managed-enable-imds-restriction=False; aks-managed-kubeletIdentityClientID=66304d1c-688a-462f-a28a-cef42329c4d2; aks-managed-operationID=ea2a4ea4-0d5b-4005-8e40-a163ef343c51; aks-managed-orchestrator=Kubernetes:1.33.5; aks-managed-poolName=systemeph2; aks-managed-resourceNameSuffix=55015173.0; aks-managed-ssh-access=LocalUser; compute.aks.billing=linux | V10: 16 | W10: 4480.5621 | X10: 3942.8921 | Y10: -537.67 | Z10: 4480.5621 | AA10: 0.13636437
A11: June | B11: Microsoft CSP Azure Plan | C11: Divisi Inovasi | D11: divisiinovasi.onmicrosoft.com | E11: a4cdaa2e-caa7-440f-b849-928a3ceb7e31 | F11: AzureCSP_DivisiInovasi | G11: 1141685 | H11: Virtual Network Private Link | I11: Virtual Network | J11: Virtual Network Private Link | K11: Standard Data Processed - Egress | L11: 46174 | M11: 46203 | N11: 36.613423 | O11: 1 GB | P11: IDR | Q11: mc_rg-sinsen_sindora_southeastasia | R11: aks-usereph2-34334888-vmss | S11: southeastasia | T11: { "Organization Name": "PT Nawa Darsana Teknologi", "Publisher": "Microsoft", "Publisher Customer ID": "346fa229-7c19-44ef-85c6-29e00edf66cf", "Unit Price": "157.5199999999", "ERP": "6553.80272953", "BenefitType": "Charge", "aks-managed-consolidated-additional-properties": "9f993331-497d-11f1-8bd6-5ec9d1cd8e46", "aks-managed-creationSource": "vmssclient-aks-usereph2-34334888-vmss", "aks-managed-enable-imds-restriction": "False", "aks-managed-kubeletIdentityClientID": "66304d1c-688a-462f-a28a-cef42329c4d2", "aks-managed-operationID": "ea2a4ea4-0d5b-4005-8e40-a163ef343c51", "aks-managed-orchestrator": "Kubernetes:1.33.5", "aks-managed-poolName": "usereph2", "aks-managed-resourceNameSuffix": "55015173.0", "aks-managed-ssh-access": "LocalUser", "compute.aks.billing": "linux" } | U11: Organization Name=PT Nawa Darsana Teknologi; Publisher=Microsoft; Publisher Customer ID=346fa229-7c19-44ef-85c6-29e00edf66cf; Unit Price=157.5199999999; ERP=6553.80272953; BenefitType=Charge; aks-managed-consolidated-additional-properties=9f993331-497d-11f1-8bd6-5ec9d1cd8e46; aks-managed-creationSource=vmssclient-aks-usereph2-34334888-vmss; aks-managed-enable-imds-restriction=False; aks-managed-kubeletIdentityClientID=66304d1c-688a-462f-a28a-cef42329c4d2; aks-managed-operationID=ea2a4ea4-0d5b-4005-8e40-a163ef343c51; aks-managed-orchestrator=Kubernetes:1.33.5; aks-managed-poolName=usereph2; aks-managed-resourceNameSuffix=55015173.0; aks-managed-ssh-access=LocalUser; compute.aks.billing=linux | V11: 16 | W11: 6553.8064 | X11: 5767.3464 | Y11: -786.46 | Z11: 6553.8064 | AA11: 0.13636427
A12: June | B12: Microsoft CSP Azure Plan | C12: Divisi Inovasi | D12: divisiinovasi.onmicrosoft.com | E12: a4cdaa2e-caa7-440f-b849-928a3ceb7e31 | F12: AzureCSP_DivisiInovasi | G12: 1141685 | H12: Virtual Network Private Link | I12: Virtual Network | J12: Virtual Network Private Link | K12: Standard Data Processed - Egress | L12: 46174 | M12: 46203 | N12: 24.669315 | O12: 1 GB | P12: IDR | Q12: mc_rg-sinsen_sindora_southeastasia | R12: aks-usereph2-34334888-vmss | S12: southeastasia | T12: { "Organization Name": "PT Nawa Darsana Teknologi", "Publisher": "Microsoft", "Publisher Customer ID": "346fa229-7c19-44ef-85c6-29e00edf66cf", "Unit Price": "157.5199999999", "ERP": "4415.80733667", "BenefitType": "Charge", "aks-managed-consolidated-additional-properties": "9f993331-497d-11f1-8bd6-5ec9d1cd8e46", "aks-managed-creationSource": "vmssclient-aks-usereph2-34334888-vmss", "aks-managed-enable-imds-restriction": "False", "aks-managed-kubeletIdentityClientID": "66304d1c-688a-462f-a28a-cef42329c4d2", "aks-managed-operationID": "ea2a4ea4-0d5b-4005-8e40-a163ef343c51", "aks-managed-orchestrator": "Kubernetes:1.33.5", "aks-managed-poolName": "usereph2", "aks-managed-resourceNameSuffix": "55015173.0", "aks-managed-ssh-access": "LocalUser", "compute.aks.billing": "linux" } | U12: Organization Name=PT Nawa Darsana Teknologi; Publisher=Microsoft; Publisher Customer ID=346fa229-7c19-44ef-85c6-29e00edf66cf; Unit Price=157.5199999999; ERP=4415.80733667; BenefitType=Charge; aks-managed-consolidated-additional-properties=9f993331-497d-11f1-8bd6-5ec9d1cd8e46; aks-managed-creationSource=vmssclient-aks-usereph2-34334888-vmss; aks-managed-enable-imds-restriction=False; aks-managed-kubeletIdentityClientID=66304d1c-688a-462f-a28a-cef42329c4d2; aks-managed-operationID=ea2a4ea4-0d5b-4005-8e40-a163ef343c51; aks-managed-orchestrator=Kubernetes:1.33.5; aks-managed-poolName=usereph2; aks-managed-resourceNameSuffix=55015173.0; aks-managed-ssh-access=LocalUser; compute.aks.billing=linux | V12: 16 | W12: 4415.8105 | X12: 3885.9105 | Y12: -529.9 | Z12: 4415.8105 | AA12: 0.13636444
A13: June | B13: Microsoft CSP Azure Plan | C13: Divisi Inovasi | D13: divisiinovasi.onmicrosoft.com | E13: a4cdaa2e-caa7-440f-b849-928a3ceb7e31 | F13: AzureCSP_DivisiInovasi | G13: 1141685 | H13: Virtual Network Private Link | I13: Virtual Network | J13: Virtual Network Private Link | K13: Standard Data Processed - Egress | L13: 46174 | M13: 46203 | N13: 0.0001325263 | O13: 1 GB | P13: IDR | Q13: rg-sinsen | R13: vpn-access-to-sql-sinonggi-private-endpoint | S13: southeastasia | T13: { "Organization Name": "PT Nawa Darsana Teknologi", "Publisher": "Microsoft", "Publisher Customer ID": "346fa229-7c19-44ef-85c6-29e00edf66cf", "Unit Price": "157.5199980585", "ERP": "0.02372108", "BenefitType": "Charge", "Sinsen": "CE" } | U13: Organization Name=PT Nawa Darsana Teknologi; Publisher=Microsoft; Publisher Customer ID=346fa229-7c19-44ef-85c6-29e00edf66cf; Unit Price=157.5199980585; ERP=0.02372108; BenefitType=Charge; Sinsen=CE | V13: 7 | W13: 0.020875538 | X13: 0.020875538 | Y13: 0 | Z13: 0.020875538 | AA13: 0
A14: June | B14: Microsoft CSP Azure Plan | C14: Divisi Inovasi | D14: divisiinovasi.onmicrosoft.com | E14: a4cdaa2e-caa7-440f-b849-928a3ceb7e31 | F14: AzureCSP_DivisiInovasi | G14: 1141685 | H14: Bd Inter-Rgn | I14: Bandwidth | J14: Bandwidth Inter-Region | K14: Inter Continent Data Transfer Out - ASIA To Any | L14: 46174 | M14: 46203 | N14: 1.229068 | O14: 1 GB | P14: IDR | Q14: mc_rg-sinsen_sindora_southeastasia | R14: aks-usereph2-34334888-vmss | S14: southeastasia | T14: { "Organization Name": "PT Nawa Darsana Teknologi", "Publisher": "Microsoft", "Publisher Customer ID": "346fa229-7c19-44ef-85c6-29e00edf66cf", "Unit Price": "1207.7635244591", "ERP": "1760.02534557", "BenefitType": "Charge", "aks-managed-consolidated-additional-properties": "9f993331-497d-11f1-8bd6-5ec9d1cd8e46", "aks-managed-creationSource": "vmssclient-aks-usereph2-34334888-vmss", "aks-managed-enable-imds-restriction": "False", "aks-managed-kubeletIdentityClientID": "66304d1c-688a-462f-a28a-cef42329c4d2", "aks-managed-operationID": "ea2a4ea4-0d5b-4005-8e40-a163ef343c51", "aks-managed-orchestrator": "Kubernetes:1.33.5", "aks-managed-poolName": "usereph2", "aks-managed-resourceNameSuffix": "55015173.0", "aks-managed-ssh-access": "LocalUser", "compute.aks.billing": "linux" } | U14: Organization Name=PT Nawa Darsana Teknologi; Publisher=Microsoft; Publisher Customer ID=346fa229-7c19-44ef-85c6-29e00edf66cf; Unit Price=1207.7635244591; ERP=1760.02534557; BenefitType=Charge; aks-managed-consolidated-additional-properties=9f993331-497d-11f1-8bd6-5ec9d1cd8e46; aks-managed-creationSource=vmssclient-aks-usereph2-34334888-vmss; aks-managed-enable-imds-restriction=False; aks-managed-kubeletIdentityClientID=66304d1c-688a-462f-a28a-cef42329c4d2; aks-managed-operationID=ea2a4ea4-0d5b-4005-8e40-a163ef343c51; aks-managed-orchestrator=Kubernetes:1.33.5; aks-managed-poolName=usereph2; aks-managed-resourceNameSuffix=55015173.0; aks-managed-ssh-access=LocalUser; compute.aks.billing=linux | V14: 16 | W14: 1686.8435 | X14: 1484.4235 | Y14: -202.42 | Z14: 1686.8435 | AA14: 0.1363627
A15: June | B15: Microsoft CSP Azure Plan | C15: Divisi Inovasi | D15: divisiinovasi.onmicrosoft.com | E15: a4cdaa2e-caa7-440f-b849-928a3ceb7e31 | F15: AzureCSP_DivisiInovasi | G15: 1141685 | H15: Bd Inter-Rgn | I15: Bandwidth | J15: Bandwidth Inter-Region | K15: Inter Continent Data Transfer Out - ASIA To Any | L15: 46174 | M15: 46203 | N15: 0.097859747 | O15: 1 GB | P15: IDR | Q15: mc_rg-sinsen_sindora_southeastasia | R15: aks-systemeph2-13731054-vmss | S15: southeastasia | T15: { "Organization Name": "PT Nawa Darsana Teknologi", "Publisher": "Microsoft", "Publisher Customer ID": "346fa229-7c19-44ef-85c6-29e00edf66cf", "Unit Price": "1227.4405813609", "ERP": "140.13515663", "BenefitType": "Charge", "aks-managed-consolidated-additional-properties": "9f99b164-497d-11f1-8bd6-5ec9d1cd8e46", "aks-managed-creationSource": "vmssclient-aks-systemeph2-13731054-vmss", "aks-managed-enable-imds-restriction": "False", "aks-managed-kubeletIdentityClientID": "66304d1c-688a-462f-a28a-cef42329c4d2", "aks-managed-operationID": "ea2a4ea4-0d5b-4005-8e40-a163ef343c51", "aks-managed-orchestrator": "Kubernetes:1.33.5", "aks-managed-poolName": "systemeph2", "aks-managed-resourceNameSuffix": "55015173.0", "aks-managed-ssh-access": "LocalUser", "compute.aks.billing": "linux" } | U15: Organization Name=PT Nawa Darsana Teknologi; Publisher=Microsoft; Publisher Customer ID=346fa229-7c19-44ef-85c6-29e00edf66cf; Unit Price=1227.4405813609; ERP=140.13515663; BenefitType=Charge; aks-managed-consolidated-additional-properties=9f99b164-497d-11f1-8bd6-5ec9d1cd8e46; aks-managed-creationSource=vmssclient-aks-systemeph2-13731054-vmss; aks-managed-enable-imds-restriction=False; aks-managed-kubeletIdentityClientID=66304d1c-688a-462f-a28a-cef42329c4d2; aks-managed-operationID=ea2a4ea4-0d5b-4005-8e40-a163ef343c51; aks-managed-orchestrator=Kubernetes:1.33.5; aks-managed-poolName=systemeph2; aks-managed-resourceNameSuffix=55015173.0; aks-managed-ssh-access=LocalUser; compute.aks.billing=linux | V15: 16 | W15: 136.49702 | X15: 120.11702 | Y15: -16.38 | Z15: 136.49702 | AA15: 0.13636701
A16: June | B16: Microsoft CSP Azure Plan | C16: Divisi Inovasi | D16: divisiinovasi.onmicrosoft.com | E16: a4cdaa2e-caa7-440f-b849-928a3ceb7e31 | F16: AzureCSP_DivisiInovasi | G16: 1141685 | H16: Bd Inter-Rgn | I16: Bandwidth | J16: Bandwidth Inter-Region | K16: Inter Continent Data Transfer Out - ASIA To Any | L16: 46174 | M16: 46203 | N16: 1.2227996 | O16: 1 GB | P16: IDR | Q16: mc_rg-sinsen_sindora_southeastasia | R16: aks-usereph2-34334888-vmss | S16: southeastasia | T16: { "Organization Name": "PT Nawa Darsana Teknologi", "Publisher": "Microsoft", "Publisher Customer ID": "346fa229-7c19-44ef-85c6-29e00edf66cf", "Unit Price": "1215.3441691127", "ERP": "1751.04898066", "BenefitType": "Charge", "aks-managed-consolidated-additional-properties": "9f993331-497d-11f1-8bd6-5ec9d1cd8e46", "aks-managed-creationSource": "vmssclient-aks-usereph2-34334888-vmss", "aks-managed-enable-imds-restriction": "False", "aks-managed-kubeletIdentityClientID": "66304d1c-688a-462f-a28a-cef42329c4d2", "aks-managed-operationID": "ea2a4ea4-0d5b-4005-8e40-a163ef343c51", "aks-managed-orchestrator": "Kubernetes:1.33.5", "aks-managed-poolName": "usereph2", "aks-managed-resourceNameSuffix": "55015173.0", "aks-managed-ssh-access": "LocalUser", "compute.aks.billing": "linux" } | U16: Organization Name=PT Nawa Darsana Teknologi; Publisher=Microsoft; Publisher Customer ID=346fa229-7c19-44ef-85c6-29e00edf66cf; Unit Price=1215.3441691127; ERP=1751.04898066; BenefitType=Charge; aks-managed-consolidated-additional-properties=9f993331-497d-11f1-8bd6-5ec9d1cd8e46; aks-managed-creationSource=vmssclient-aks-usereph2-34334888-vmss; aks-managed-enable-imds-restriction=False; aks-managed-kubeletIdentityClientID=66304d1c-688a-462f-a28a-cef42329c4d2; aks-managed-operationID=ea2a4ea4-0d5b-4005-8e40-a163ef343c51; aks-managed-orchestrator=Kubernetes:1.33.5; aks-managed-poolName=usereph2; aks-managed-resourceNameSuffix=55015173.0; aks-managed-ssh-access=LocalUser; compute.aks.billing=linux | V16: 16 | W16: 1688.7723 | X16: 1486.1223 | Y16: -202.65 | Z16: 1688.7723 | AA16: 0.13636159
A17: June | B17: Microsoft CSP Azure Plan | C17: Divisi Inovasi | D17: divisiinovasi.onmicrosoft.com | E17: a4cdaa2e-caa7-440f-b849-928a3ceb7e31 | F17: AzureCSP_DivisiInovasi | G17: 1141685 | H17: Event Hubs | I17: Event Hubs | J17: Event Hubs | K17: Standard Ingress Events | L17: 46174 | M17: 46203 | N17: 1.169889 | O17: 1M | P17: IDR | Q17: RG-SINSEN | R17: sunhub | S17: southeastasia | T17: { "Organization Name": "PT Nawa Darsana Teknologi", "Publisher": "Microsoft", "Publisher Customer ID": "346fa229-7c19-44ef-85c6-29e00edf66cf", "Unit Price": "441.0559999986", "ERP": "586.34836501", "BenefitType": "Charge" } | U17: Organization Name=PT Nawa Darsana Teknologi; Publisher=Microsoft; Publisher Customer ID=346fa229-7c19-44ef-85c6-29e00edf66cf; Unit Price=441.0559999986; ERP=586.34836501; BenefitType=Charge | V17: 6 | W17: 586.34656 | X17: 515.98656 | Y17: -70.36 | Z17: 586.34656 | AA17: 0.13636014
A18: June | B18: Microsoft CSP Azure Plan | C18: Divisi Inovasi | D18: divisiinovasi.onmicrosoft.com | E18: a4cdaa2e-caa7-440f-b849-928a3ceb7e31 | F18: AzureCSP_DivisiInovasi | G18: 1141685 | H18: Rtn Pref: MGN | I18: Bandwidth | J18: Rtn Preference: MGN | K18: Standard Data Transfer Out | L18: 46174 | M18: 46203 | N18: 0.098078542 | O18: 1 GB | P18: IDR | Q18: mc_rg-sinsen_sindora_southeastasia | R18: aks-usereph2-34334888-vmss | S18: southeastasia | T18: { "Organization Name": "PT Nawa Darsana Teknologi", "Publisher": "Microsoft", "Publisher Customer ID": "346fa229-7c19-44ef-85c6-29e00edf66cf", "Unit Price": "1858.9209093796", "ERP": "210.67270571", "BenefitType": "Charge", "aks-managed-consolidated-additional-properties": "9f993331-497d-11f1-8bd6-5ec9d1cd8e46", "aks-managed-creationSource": "vmssclient-aks-usereph2-34334888-vmss", "aks-managed-enable-imds-restriction": "False", "aks-managed-kubeletIdentityClientID": "66304d1c-688a-462f-a28a-cef42329c4d2", "aks-managed-operationID": "ea2a4ea4-0d5b-4005-8e40-a163ef343c51", "aks-managed-orchestrator": "Kubernetes:1.33.5", "aks-managed-poolName": "usereph2", "aks-managed-resourceNameSuffix": "55015173.0", "aks-managed-ssh-access": "LocalUser", "compute.aks.billing": "linux" } | U18: Organization Name=PT Nawa Darsana Teknologi; Publisher=Microsoft; Publisher Customer ID=346fa229-7c19-44ef-85c6-29e00edf66cf; Unit Price=1858.9209093796; ERP=210.67270571; BenefitType=Charge; aks-managed-consolidated-additional-properties=9f993331-497d-11f1-8bd6-5ec9d1cd8e46; aks-managed-creationSource=vmssclient-aks-usereph2-34334888-vmss; aks-managed-enable-imds-restriction=False; aks-managed-kubeletIdentityClientID=66304d1c-688a-462f-a28a-cef42329c4d2; aks-managed-operationID=ea2a4ea4-0d5b-4005-8e40-a163ef343c51; aks-managed-orchestrator=Kubernetes:1.33.5; aks-managed-poolName=usereph2; aks-managed-resourceNameSuffix=55015173.0; aks-managed-ssh-access=LocalUser; compute.aks.billing=linux | V18: 16 | W18: 207.18025 | X18: 182.32025 | Y18: -24.86 | Z18: 207.18025 | AA18: 0.13635348
A19: June | B19: Microsoft CSP Azure Plan | C19: Divisi Inovasi | D19: divisiinovasi.onmicrosoft.com | E19: a4cdaa2e-caa7-440f-b849-928a3ceb7e31 | F19: AzureCSP_DivisiInovasi | G19: 1141685 | H19: Rtn Pref: MGN | I19: Bandwidth | J19: Rtn Preference: MGN | K19: Standard Data Transfer Out | L19: 46174 | M19: 46203 | N19: 0.27930058 | O19: 1 GB | P19: IDR | Q19: mc_rg-sinsen_sindora_southeastasia | R19: aks-usereph2-34334888-vmss | S19: southeastasia | T19: { "Organization Name": "PT Nawa Darsana Teknologi", "Publisher": "Microsoft", "Publisher Customer ID": "346fa229-7c19-44ef-85c6-29e00edf66cf", "Unit Price": "1852.6354971598", "ERP": "599.93763868", "BenefitType": "Charge", "aks-managed-consolidated-additional-properties": "9f993331-497d-11f1-8bd6-5ec9d1cd8e46", "aks-managed-creationSource": "vmssclient-aks-usereph2-34334888-vmss", "aks-managed-enable-imds-restriction": "False", "aks-managed-kubeletIdentityClientID": "66304d1c-688a-462f-a28a-cef42329c4d2", "aks-managed-operationID": "ea2a4ea4-0d5b-4005-8e40-a163ef343c51", "aks-managed-orchestrator": "Kubernetes:1.33.5", "aks-managed-poolName": "usereph2", "aks-managed-resourceNameSuffix": "55015173.0", "aks-managed-ssh-access": "LocalUser", "compute.aks.billing": "linux" } | U19: Organization Name=PT Nawa Darsana Teknologi; Publisher=Microsoft; Publisher Customer ID=346fa229-7c19-44ef-85c6-29e00edf66cf; Unit Price=1852.6354971598; ERP=599.93763868; BenefitType=Charge; aks-managed-consolidated-additional-properties=9f993331-497d-11f1-8bd6-5ec9d1cd8e46; aks-managed-creationSource=vmssclient-aks-usereph2-34334888-vmss; aks-managed-enable-imds-restriction=False; aks-managed-kubeletIdentityClientID=66304d1c-688a-462f-a28a-cef42329c4d2; aks-managed-operationID=ea2a4ea4-0d5b-4005-8e40-a163ef343c51; aks-managed-orchestrator=Kubernetes:1.33.5; aks-managed-poolName=usereph2; aks-managed-resourceNameSuffix=55015173.0; aks-managed-ssh-access=LocalUser; compute.aks.billing=linux | V19: 16 | W19: 588.00216 | X19: 517.44216 | Y19: -70.56 | Z19: 588.00216 | AA19: 0.13636307
A20: June | B20: Microsoft CSP Azure Plan | C20: Divisi Inovasi | D20: divisiinovasi.onmicrosoft.com | E20: a4cdaa2e-caa7-440f-b849-928a3ceb7e31 | F20: AzureCSP_DivisiInovasi | G20: 1141685 | H20: VM RI | I20: Virtual Machines | J20: Virtual Machines RI | K20: Standard | L20: 46174 | M20: 46203 | N20: 719.58372 | O20: 1 Hour | P20: IDR | Q20: MC_RG-SINSEN_SINDORA_SOUTHEASTASIA | R20: aks-systemeph2-13731054-vmss | S20: southeastasia | T20: { "Organization Name": "PT Nawa Darsana Teknologi", "Publisher": "Microsoft", "Publisher Customer ID": "346fa229-7c19-44ef-85c6-29e00edf66cf", "Unit Price": "0.0", "ERP": "0.0", "BenefitType": "Charge", "aks-managed-consolidated-additional-properties": "9f99b164-497d-11f1-8bd6-5ec9d1cd8e46", "aks-managed-creationSource": "vmssclient-aks-systemeph2-13731054-vmss", "aks-managed-enable-imds-restriction": "False", "aks-managed-kubeletIdentityClientID": "66304d1c-688a-462f-a28a-cef42329c4d2", "aks-managed-operationID": "ea2a4ea4-0d5b-4005-8e40-a163ef343c51", "aks-managed-orchestrator": "Kubernetes:1.33.5", "aks-managed-poolName": "systemeph2", "aks-managed-resourceNameSuffix": "55015173.0", "aks-managed-ssh-access": "LocalUser", "compute.aks.billing": "linux" } | U20: Organization Name=PT Nawa Darsana Teknologi; Publisher=Microsoft; Publisher Customer ID=346fa229-7c19-44ef-85c6-29e00edf66cf; Unit Price=0.0; ERP=0.0; BenefitType=Charge; aks-managed-consolidated-additional-properties=9f99b164-497d-11f1-8bd6-5ec9d1cd8e46; aks-managed-creationSource=vmssclient-aks-systemeph2-13731054-vmss; aks-managed-enable-imds-restriction=False; aks-managed-kubeletIdentityClientID=66304d1c-688a-462f-a28a-cef42329c4d2; aks-managed-operationID=ea2a4ea4-0d5b-4005-8e40-a163ef343c51; aks-managed-orchestrator=Kubernetes:1.33.5; aks-managed-poolName=systemeph2; aks-managed-resourceNameSuffix=55015173.0; aks-managed-ssh-access=LocalUser; compute.aks.billing=linux | V20: 16 | W20: 0 | X20: 0 | Y20: 0 | Z20: 0
A21: June | B21: Microsoft CSP Azure Plan | C21: Divisi Inovasi | D21: divisiinovasi.onmicrosoft.com | E21: a4cdaa2e-caa7-440f-b849-928a3ceb7e31 | F21: AzureCSP_DivisiInovasi | G21: 1141685 | H21: VM RI | I21: Virtual Machines | J21: Virtual Machines RI | K21: Standard | L21: 46174 | M21: 46203 | N21: 719.93337 | O21: 1 Hour | P21: IDR | Q21: MC_RG-SINSEN_SINDORA_SOUTHEASTASIA | R21: aks-usereph2-34334888-vmss | S21: southeastasia | T21: { "Organization Name": "PT Nawa Darsana Teknologi", "Publisher": "Microsoft", "Publisher Customer ID": "346fa229-7c19-44ef-85c6-29e00edf66cf", "Unit Price": "0.0", "ERP": "0.0", "BenefitType": "Charge", "aks-managed-consolidated-additional-properties": "9f993331-497d-11f1-8bd6-5ec9d1cd8e46", "aks-managed-creationSource": "vmssclient-aks-usereph2-34334888-vmss", "aks-managed-enable-imds-restriction": "False", "aks-managed-kubeletIdentityClientID": "66304d1c-688a-462f-a28a-cef42329c4d2", "aks-managed-operationID": "ea2a4ea4-0d5b-4005-8e40-a163ef343c51", "aks-managed-orchestrator": "Kubernetes:1.33.5", "aks-managed-poolName": "usereph2", "aks-managed-resourceNameSuffix": "55015173.0", "aks-managed-ssh-access": "LocalUser", "compute.aks.billing": "linux" } | U21: Organization Name=PT Nawa Darsana Teknologi; Publisher=Microsoft; Publisher Customer ID=346fa229-7c19-44ef-85c6-29e00edf66cf; Unit Price=0.0; ERP=0.0; BenefitType=Charge; aks-managed-consolidated-additional-properties=9f993331-497d-11f1-8bd6-5ec9d1cd8e46; aks-managed-creationSource=vmssclient-aks-usereph2-34334888-vmss; aks-managed-enable-imds-restriction=False; aks-managed-kubeletIdentityClientID=66304d1c-688a-462f-a28a-cef42329c4d2; aks-managed-operationID=ea2a4ea4-0d5b-4005-8e40-a163ef343c51; aks-managed-orchestrator=Kubernetes:1.33.5; aks-managed-poolName=usereph2; aks-managed-resourceNameSuffix=55015173.0; aks-managed-ssh-access=LocalUser; compute.aks.billing=linux | V21: 16 | W21: 0 | X21: 0 | Y21: 0 | Z21: 0
A22: June | B22: Microsoft CSP Azure Plan | C22: Divisi Inovasi | D22: divisiinovasi.onmicrosoft.com | E22: a4cdaa2e-caa7-440f-b849-928a3ceb7e31 | F22: AzureCSP_DivisiInovasi | G22: 1141685 | H22: Azure DNS | I22: Azure DNS | J22: Azure DNS | K22: Private Zone | L22: 46174 | M22: 46203 | N22: 0.96774194 | O22: 1 | P22: IDR | Q22: rg-sinsen | R22: privatelink.postgres.database.azure.com | S22: global | T22: { "Organization Name": "PT Nawa Darsana Teknologi", "Publisher": "Microsoft", "Publisher Customer ID": "346fa229-7c19-44ef-85c6-29e00edf66cf", "Unit Price": "2450.3111111099", "ERP": "8661.29032183", "BenefitType": "Charge", "Billing": "Sinsen" } | U22: Organization Name=PT Nawa Darsana Teknologi; Publisher=Microsoft; Publisher Customer ID=346fa229-7c19-44ef-85c6-29e00edf66cf; Unit Price=2450.3111111099; ERP=8661.29032183; BenefitType=Charge; Billing=Sinsen | V22: 7 | W22: 2694.6188 | X22: 2371.2688 | Y22: -323.35 | Z22: 2694.6188 | AA22: 0.1363616
A23: June | B23: Microsoft CSP Azure Plan | C23: Divisi Inovasi | D23: divisiinovasi.onmicrosoft.com | E23: a4cdaa2e-caa7-440f-b849-928a3ceb7e31 | F23: AzureCSP_DivisiInovasi | G23: 1141685 | H23: VM RI | I23: Virtual Machines | J23: Virtual Machines RI | K23: Standard | L23: 46174 | M23: 46203 | N23: 0.133222 | O23: 1 Hour | P23: IDR | Q23: MC_RG-SINSEN_SINDORA_SOUTHEASTASIA | R23: aks-systemeph2-13731054-vmss | S23: southeastasia | T23: { "Organization Name": "PT Nawa Darsana Teknologi", "Publisher": "Microsoft", "Publisher Customer ID": "346fa229-7c19-44ef-85c6-29e00edf66cf", "Unit Price": "0.0", "ERP": "0.0", "BenefitType": "Charge", "aks-managed-consolidated-additional-properties": "9f99b164-497d-11f1-8bd6-5ec9d1cd8e46", "aks-managed-creationSource": "vmssclient-aks-systemeph2-13731054-vmss", "aks-managed-enable-imds-restriction": "False", "aks-managed-kubeletIdentityClientID": "66304d1c-688a-462f-a28a-cef42329c4d2", "aks-managed-operationID": "ea2a4ea4-0d5b-4005-8e40-a163ef343c51", "aks-managed-orchestrator": "Kubernetes:1.33.5", "aks-managed-poolName": "systemeph2", "aks-managed-resourceNameSuffix": "55015173.0", "aks-managed-ssh-access": "LocalUser", "compute.aks.billing": "linux" } | U23: Organization Name=PT Nawa Darsana Teknologi; Publisher=Microsoft; Publisher Customer ID=346fa229-7c19-44ef-85c6-29e00edf66cf; Unit Price=0.0; ERP=0.0; BenefitType=Charge; aks-managed-consolidated-additional-properties=9f99b164-497d-11f1-8bd6-5ec9d1cd8e46; aks-managed-creationSource=vmssclient-aks-systemeph2-13731054-vmss; aks-managed-enable-imds-restriction=False; aks-managed-kubeletIdentityClientID=66304d1c-688a-462f-a28a-cef42329c4d2; aks-managed-operationID=ea2a4ea4-0d5b-4005-8e40-a163ef343c51; aks-managed-orchestrator=Kubernetes:1.33.5; aks-managed-poolName=systemeph2; aks-managed-resourceNameSuffix=55015173.0; aks-managed-ssh-access=LocalUser; compute.aks.billing=linux | V23: 16 | W23: 0 | X23: 0 | Y23: 0 | Z23: 0
A24: June | B24: Microsoft CSP Azure Plan | C24: Divisi Inovasi | D24: divisiinovasi.onmicrosoft.com | E24: a4cdaa2e-caa7-440f-b849-928a3ceb7e31 | F24: AzureCSP_DivisiInovasi | G24: 1141685 | H24: Rtn Pref: MGN | I24: Bandwidth | J24: Rtn Preference: MGN | K24: Standard Data Transfer Out | L24: 46174 | M24: 46203 | N24: 0.48385873 | O24: 1 GB | P24: IDR | Q24: mc_rg-sinsen_sindora_southeastasia | R24: aks-systemeph2-13731054-vmss | S24: southeastasia | T24: { "Organization Name": "PT Nawa Darsana Teknologi", "Publisher": "Microsoft", "Publisher Customer ID": "346fa229-7c19-44ef-85c6-29e00edf66cf", "Unit Price": "1888.1155893831", "ERP": "1039.32854846", "BenefitType": "Charge", "aks-managed-consolidated-additional-properties": "9f99b164-497d-11f1-8bd6-5ec9d1cd8e46", "aks-managed-creationSource": "vmssclient-aks-systemeph2-13731054-vmss", "aks-managed-enable-imds-restriction": "False", "aks-managed-kubeletIdentityClientID": "66304d1c-688a-462f-a28a-cef42329c4d2", "aks-managed-operationID": "ea2a4ea4-0d5b-4005-8e40-a163ef343c51", "aks-managed-orchestrator": "Kubernetes:1.33.5", "aks-managed-poolName": "systemeph2", "aks-managed-resourceNameSuffix": "55015173.0", "aks-managed-ssh-access": "LocalUser", "compute.aks.billing": "linux" } | U24: Organization Name=PT Nawa Darsana Teknologi; Publisher=Microsoft; Publisher Customer ID=346fa229-7c19-44ef-85c6-29e00edf66cf; Unit Price=1888.1155893831; ERP=1039.32854846; BenefitType=Charge; aks-managed-consolidated-additional-properties=9f99b164-497d-11f1-8bd6-5ec9d1cd8e46; aks-managed-creationSource=vmssclient-aks-systemeph2-13731054-vmss; aks-managed-enable-imds-restriction=False; aks-managed-kubeletIdentityClientID=66304d1c-688a-462f-a28a-cef42329c4d2; aks-managed-operationID=ea2a4ea4-0d5b-4005-8e40-a163ef343c51; aks-managed-orchestrator=Kubernetes:1.33.5; aks-managed-poolName=systemeph2; aks-managed-resourceNameSuffix=55015173.0; aks-managed-ssh-access=LocalUser; compute.aks.billing=linux | V24: 16 | W24: 1038.1612 | X24: 913.58121 | Y24: -124.58 | Z24: 1038.1612 | AA24: 0.13636445
